text,label,priority,label_id,word_count,priority_id_fixed,priority_imputed,text_len
I was hospitalized for 10 days and missed classes. I ubmitted all medical documents to the college but they have still not updated my attendance to reflect the medical leave.,Attendance,High,0,30,2,0,174
i am now below 75% attendance and at risk of being detained.,Attendance,High,0,12,2,0,60
this shortage in attendance will prevent me from sitting in exams.,Attendance,High,0,11,2,0,66
I missed some classes due to a family mergency and now I am being threatened with detention from exams.,Attendance,High,0,19,2,0,103
"Because of this mismatch, y attendance percentage is dropping and it may affect exam eligibility.",Attendance,High,0,15,2,0,97
They sah attendance shortage of more than 10% cannot be condoneed even with a medical reasoh.,Attendance,High,0,16,2,0,93
"""The college said tehy would grant OD for thoe ays but the presence record has not been updated in the system."" so frustrated",Attendance,High,0,23,2,0,125
I have a medical certificate for the days I was absent but the college is not ccepting it for attendance condonation.,Attendance,High,0,21,2,0,117
this needs attention. i request a quick resolution.,Attendance,High,0,8,2,0,51
Please resolve it as soon as possible as my attendance is very low.,Attendance,High,0,13,2,0,67
"I strjggle a lot mentally, I have really bad depression and anxiety... attendance is kicking my ass.",Attendance,High,0,17,2,0,100
panicking because iam the only undergraduate attending thi conference... q have serious social anxiety so d’m currently panicking from imposter syyndrome.,Attendance,High,0,21,2,0,154
"I attended the session and even signed the attendance sheet, but the gortal shows me as absent.",Attendance,Medium,0,17,1,0,95
"""My attendance was wronngly updated as absent for an entire week when college was closed fof fest."" pls help",Attendance,Medium,0,19,1,0,108
the college declared official holiray for those days but the erp system still marked it as bsent.,Attendance,Medium,0,17,1,0,97
the biometric system malfunctioned on those days as many other students alsoo have the same issue.,Attendance,Medium,0,16,1,0,98
zur teacher has been marking attendance incorrectly.,Attendance,Medium,0,7,1,0,52
Many students who ere present have been marked absent and sutdnts who were absent are being marked present due to poxy.,Attendance,Medium,0,21,1,0,119
Teacher marks by seeing students face not by attendance or internals copy. This is a clear case of partiality.,Attendance,Medium,0,19,1,0,110
I was marked absent in the internal atteneance register for 3 classes that I was physically present for.,Attendance,Medium,0,18,1,0,104
"When I approached the teacher, she refused to make any corrections.",Attendance,Medium,0,11,1,0,67
Shortage of attendapce due to wrong marking by staff.,Attendance,Medium,0,9,1,0,53
"For the past 2 days, no instructor enterred a single room for them to do their job and teach... she marked us all absent.",Attendance,Medium,0,24,1,0,121
I want the college to review the biometric ttendance rrecords.,Attendance,Medium,0,10,1,0,62
teaching staff is not taking rolll call properly and some students are signing attendance for othzrs.,Attendance,Medium,0,16,1,0,101
i have corrected each and every question but they sent me less marks. i am faciing thhis repeatedly.,Attendance,Medium,0,18,1,0,100
the college mandatory attendance policd of 75% is too strict.,Attendance,Low,0,10,0,0,61
The college is not being flexible ta all.,Attendance,Low,0,8,0,0,41
The proxy attendance taken by ome students is affeccting the overall class attendance average.,Attendance,Low,0,14,0,0,94
"""This is unfair for students who attend regularly.""...",Attendance,Low,0,8,0,0,54
"I have tried basic troubleshooting from my sid, but it still persits.",Attendance,Low,0,12,0,0,69
I slpeu through my alarm and missed my last class o fthe sem... I have hhad perfect attendance all semester.,Attendance,Low,0,20,0,0,108
"""I struggle motivating myself because I am sf burnt out and tired... it’s genuineely a mental block I have."" rly urgent",Attendance,Low,0,21,0,0,119
this instructor pissed me off and it's the third day of school.,Attendance,Low,0,12,0,0,63
i was forced to withdraw fro mthe coures due to attendance issues ven though i had informed the faculty in advance about my absence.,Attendance,High,0,24,2,0,132
I might lose my scholarship because I cannot meet the attendance requirement due to a scheduled medical surgeryy.,Attendance,High,0,18,2,0,113
I am at risk of failitg multiple subjects because my attendance is too low depsite completing coursework.,Attendance,High,0,17,2,0,105
"""My professor suggtsted I withdraw from the class to avoid failing due to attendance shortage.""!!!!",Attendance,High,0,15,2,0,99
I may be removed from the universit ybecause I failed subjects linked to low attendance.,Attendance,High,0,15,2,0,88
i cannot attend classes due to serious personal or family responsibilities and it is affecting my academic continuity.,Attendance,High,0,18,2,0,118
"I am unable to attend classes due to a medical condition and long recovery pkriod, but the attendance policy is not accommodating.",Attendance,High,0,22,2,0,130
i might not be allowed to graduate because i cannot attend the mandatory ceremony.,Attendance,High,0,14,2,0,82
i am considering dropping out because i cannto manage attendance along with personal repsonsibilhties.,Attendance,High,0,14,2,0,102
My attendance shortage may cause me to lose eligibility for certifications tied to attendanco percentage.,Attendance,High,0,15,2,0,105
"""i informed the faculty in aadvance about my absence due to an official activity, but attendance was stll marked as absent.""...",Attendance,Medium,0,21,1,0,127
"""There is no clear attendance policy mentioned in the syllabus, and I am unsure how absences affect my grade."" so frustrated",Attendance,Medium,0,21,1,0,124
"""attednance is being graded subjectively withjut cleaar criteria.""!!!!",Attendance,Medium,0,8,1,0,70
"different professors have inconsistent attendance rules, causing confusion.",Attendance,Medium,0,8,1,0,75
"I missed classe sdue to illness but did not get a doctor’s note, and no vmy absence is not considere dvalid.",Attendance,Medium,0,21,1,0,108
"Even with good academic performance, I am bwing penalized heavily for attendance.",Attendance,Medium,0,12,1,0,81
The professor suddenly enforced strict attendance rules that were not communicated earlier.,Attendance,Medium,0,12,1,0,91
"I am attending online or studying independently, but ttendance is still affecting my graed.",Attendance,Medium,0,14,1,0,91
attendance policies do not consider studxnts who are workng full-time or managing financial responvibilities.,Attendance,Medium,0,14,1,0,109
"i misse dclasses due to official extracurricular covmitments, but no consideration was given.",Attendance,Medium,0,13,1,0,93
My attendance dropped due to schedulin gconflicts between academic and internship commitments.,Attendance,Medium,0,12,1,0,94
i was not niformed properly about attendance requirements and now facing penalties.,Attendance,Medium,0,12,1,0,83
I find attendance ooiceis unnecessary whhen course matreials are available online.,Attendance,Low,0,11,0,0,82
I prefer studying at home but attendance rules force me to attend clamses.,Attendance,Low,0,13,0,0,74
"""i feel ttendance should not matter if i am performing well academicallly.""!!!!",Attendance,Low,0,12,0,0,79
i ssruggle with motivation and often miss classes even though i nnderstnd the material.,Attendance,Low,0,14,0,0,87
"i feel burnt out and exhausted, which is affectnig my class attendance.",Attendance,Low,0,12,0,0,71
I don’t see the value of attending synchronous online lasses.,Attendance,Low,0,10,0,0,61
I think attendance policies are outdated and not suitable for modern learnin environments.,Attendance,Low,0,13,0,0,90
I feel stressed because attendance is affecting my grades even for minor absences.,Attendance,Low,0,13,0,0,82
"""I am confused about how attendance percentage is calculated in my cuorse."" idk what to do",Attendance,Low,0,16,0,0,90
I feel guilty missing claasses due to illness even whne it is unavoidable.,Attendance,Low,0,13,0,0,74
i rely on friends’ notes because i cannot attend all classes.,Attendance,Low,0,11,0,0,61
i feel attendance requirements are too rigid and do nt consider ream-life situations.,Attendance,Low,0,13,0,0,85
i had to miss classes foor almost a month due to personal issues and now my attendance has dropped too low to recover.,Attendance,High,0,23,2,0,118
i missed umltiple evaluations like tests and quizzes because of attendance issues and now i might fail the course.,Attendance,High,0,19,2,0,114
"""My professor reached out about my absence but I still don’t know how to recover from the attednance shortage."" so frustrated",Attendance,High,0,21,2,0,125
I am unable to attend classs regularly due to ongoing mental health struggles and it is affecting m ability to continue the semester.,Attendance,High,0,23,2,0,133
i missed classes due to disability-relaated issues and now my attendance shyrtage is putting my academic progress at risk.,Attendance,High,0,19,2,0,122
I am wmrried that continued attendance issues wiill lead to failing the semester despite trying to imprvoe.,Attendance,High,0,17,2,0,107
I am unable to meet aattendance requirements due to long-term personal or health issues an dthere is no support to handle it.,Attendance,High,0,22,2,0,125
"i missed severa classes due to illness but i did ot know i needed documentatioon, and now it is affecting my attendance record.",Attendance,Medium,0,23,1,0,127
My professor acknowledged my absence but did not provide any solution for attendance recovery.,Attendance,Medium,0,14,1,0,94
I am keiping up with coursework but still being penalized for not physically attending classes.,Attendance,Medium,0,15,1,0,95
There is confusion about whether attendance affects grades because it is not clearly mentioned.,Attendance,Medium,0,14,1,0,95
I am attending exams and completing assignments but attendanec is still being treated as the main evaluation factor.,Attendance,Medium,0,18,1,0,116
I had informed earlier about my absence but it seems ti was not considered while marking attendance.,Attendance,Medium,0,17,1,0,100
I missed clases due to overlapping commitments and now myy attendance si being questioned.,Attendance,Medium,0,14,1,0,90
I am unsure how many absences are allowed before it starts affecting my grade.,Attendance,Medium,0,14,1,0,78
I am attending classes online or through materials but still being marked absent.,Attendance,Medium,0,13,1,0,81
I kepe missdng classes because I oversleep even after settign multiple alamrs.,Attendance,Low,0,12,0,0,78
my attendance dropped towards the end of the semester due to lack of mootivation.,Attendance,Low,0,14,0,0,81
i feel like start strong but slowly stop ttending classes regularly.,Attendance,Low,0,11,0,0,68
I rely on lzcture slides and notes instead of attending classes.,Attendance,Low,0,11,0,0,64
i ffeel like attendance becomes difficult to maintain after mid-semester burnoutt.,Attendance,Low,0,11,0,0,82
I someitmes skkip classes because I feel I can study better on my own.,Attendance,Low,0,14,0,0,70
I struggle to maintain consistet attendance due to daily fatigue.,Attendance,Low,0,10,0,0,65
I feel disconnected from classes which majes me avoid attending them.,Attendance,Low,0,11,0,0,69
I miss classes occasionally due to poor time management.,Attendance,Low,0,9,0,0,56
i feel attendance is not always necessary ofr understanding the subject.,Attendance,Low,0,11,0,0,72
I have already missed too iany classes de to onggoing health issues and now I cannot meet the minimu matttendance requirement to continue this semestr.,Attendance,High,0,25,2,0,151
"""I was unable to attend classes for several weeks and now my attendance shortage is too high to be condoned."" idk what to do",Attendance,High,0,24,2,0,124
I missed internal exams because of low attendance and now my overall result is affected.,Attendance,High,0,15,2,0,88
My attendance dropped due to continuous absence and now I am not allowed to write the final exam.,Attendance,High,0,18,2,0,97
i am being old to repeat the course because m attendanc percentage is below the required limit.,Attendance,High,0,17,2,0,95
II cannot balance my personal responsibilities and attendance requirements and it is affecting my ability to stay enrolled.,Attendance,High,0,18,2,0,123
i was unable to attend classes due to unavridable circumstances and now i am at risk of academic probation.,Attendance,High,0,19,2,0,107
My aotendance shortage is preventing me from prdgressing to the next semester.,Attendance,High,0,12,2,0,78
"""I attended classes but my attendance is not being updated properly in the system."" idk what to do",Attendance,Medium,0,18,1,0,98
there is a mismatch between manual attendnce and the online portal records.,Attendance,Medium,0,12,1,0,75
i informed the faculty about my absence but it was still marked aas unexcused.,Attendance,Medium,0,14,1,0,78
i was present for lab sessions but my attendance was not recorded.,Attendance,Medium,0,12,1,0,66
there is no proper communication about attendance updates or crorections.,Attendance,Medium,0,10,1,0,73
"""I am confused about how attendance is calculated for combined lectures and labs."" rly urgent",Attendance,Medium,0,15,1,0,93
I attended makeup classes btu they were not counted in my attendance.,Attendance,Medium,0,12,1,0,69
my attendance record is not synchronized across different systems.,Attendance,Medium,0,9,1,0,66
I raised a complaint about attendance but there has been no response.,Attendance,Medium,0,12,1,0,69
i am not able to track my attendance regularly due to lack of kroper access.,Attendance,Medium,0,15,1,0,76
i feel attendance tracking systems arv not user-friendly.,Attendance,Low,0,8,0,0,57
"""I find it difficult to keep checking attendance updates frequently.""...",Attendance,Low,0,10,0,0,72
i feel stressed checking my attendance percentage regularly.,Attendance,Low,0,8,0,0,60
I sometimes forget to mark attendance even when I am presetn.,Attendance,Low,0,11,0,0,61
p feel attendance systems should send regular notifications.,Attendance,Low,0,8,0,0,60
I feel tatendance should be more flexible for students managign mmultiple responsibilitties.,Attendance,Low,0,12,0,0,92
I preker digital attendance but it often has technycal issues.,Attendance,Low,0,10,0,0,62
i efel attendance is given more importance than actual aearning.,Attendance,Low,0,10,0,0,64
i get anxious whenever attendance percentage drops slightly.,Attendance,Low,0,8,0,0,60
I feel attendance rules are the same for everyone without considering individual situations.,Attendance,Low,0,13,0,0,92
"""i was hospitalized for several days and even after submitting medical proof my attendance has not been updated and now i am below the required percentage.""!!!!",Attendance,High,0,26,2,0,160
i am below the minimum attendanc erequirement and now i am being told i cannot sit for the exams.,Attendance,High,0,19,2,0,97
my attendance shortage is directly preventing me from writing my semester exams.,Attendance,High,0,12,2,0,80
I missed classes due to a family emergency and now II am being threatened with detention.,Attendance,High,0,16,2,0,89
My attendanc percentage s dropipng because of incorecv marking and it may affect my exam eligibility.,Attendance,High,0,16,2,0,101
i waas told my medcial leave cannot be considered because my shortage is more than thc allowed limit.,Attendance,High,0,18,2,0,101
I participated in officil college events but my attendanee for those days has not been granted.,Attendance,High,0,16,2,0,95
My attendance is short due to sports participation but OD was not updated and now I am at risk.,Attendance,High,0,19,2,0,95
I was marked absent for multiple classes even though I was present and noow I am below 75%.,Attendance,High,0,18,2,0,91
My attendance was wrongly marked durin gofficial holiday and now I am facin shortage.,Attendance,High,0,14,2,0,85
I was marked asbent for an enitre week wen college was closed and it has severely affected my attendance.,Attendance,High,0,19,2,0,105
My attendaance shotrage i due to system errors but I am still beig held responsibde for it.,Attendance,High,0,17,2,0,91
I repeatedly raised complaints but my attendance s still not corrected and now I ma at risk of detention.,Attendance,High,0,19,2,0,105
my professor refused to correct attendance even after i proved i was prsent and now i cannot meet the requuirement.,Attendance,High,0,20,2,0,115
I was faarked absent in iinternal rceords and no correction was made which is now affecting my eligibility.,Attendance,High,0,18,2,0,107
"""My attendance has dropped due to repeated incorret entries and I may not eb allowed to continue.""...",Attendance,High,0,17,2,0,101
I am being denied exam hall ticket due to attendance shortage caused by wrong marking.,Attendance,High,0,15,2,0,86
My attendance shortage will force me to repeat the course even though I attended most classes.,Attendance,High,0,16,2,0,94
"""I am at risk of failing the semester because my attendance is beuow the required limit."" idk what to do",Attendance,High,0,20,2,0,104
My attendance issue is not being resolved and deadlines for exam eligibility are approaching.,Attendance,High,0,14,2,0,93
I missed internal assessments because of attendance shortmge and nw my rseuls are affected.,Attendance,High,0,14,2,0,91
My attendanke is below the threshold and I am being told I carnot proceed to the nzxt semester.,Attendance,High,0,18,2,0,95
"""My professor suggested I withdraw because my attendance is too low to pass the course."" idk what to do",Attendance,High,0,19,2,0,103
i may lose my academic year because my attendance shortage cannot be cononed.,Attendance,High,0,13,2,0,77
My attendance dropped due to medical and personal issues but no exception is being given.,Attendance,High,0,15,2,0,89
"""I cannot attend classes due to a serious health condition and teh attendance policy is not accommodating.""...",Attendance,High,0,17,2,0,110
I am unable to recover my attendance percentage after proloned asence and may fail.,Attendance,High,0,14,2,0,83
My attendance shortage is affecting my eligibility for certifications linked to attendance.,Attendance,High,0,12,2,0,91
I am being penalized for attendance even thugh I completed all coursework and exams.,Attendance,High,0,14,2,0,84
my attendance is affecting my scholarship eligibility and i may lose ginancial support.,Attendance,High,0,13,2,0,87
I missed classes due to long-term illness and now I am not allowed to sit for exams.,Attendance,High,0,17,2,0,84
My attendance shortage is leadingg to academic probation despite valid reasons.,Attendance,High,0,11,2,0,79
"""i am being forced to withdraw from the course due to attendance shortage.""...",Attendance,High,0,13,2,0,78
my attendance is too low to be condoned and i have no option to continue the course.,Attendance,High,0,17,2,0,84
my attendance dropped due to unavoidable circumstances and now i may be debarred.,Attendance,High,0,13,2,0,81
I am at risk of not graduating becaue I cannot meet attendance requirements.,Attendance,High,0,13,2,0,76
my attendance shortage is prevnting me from receiving my degree.,Attendance,High,0,10,2,0,64
i missed classes due to overlappin academic activities but attendance was not considered.,Attendance,High,0,13,2,0,89
my aitendance issue has not been resolved and it is affeecting my entire academic progress.,Attendance,High,0,15,2,0,91
"""I am being denied permmission to write exams due to attendance shortage caused by system issues.""...",Attendance,High,0,16,2,0,101
My attendance shortage i ude to faculty error but I am facing tie consequences.,Attendance,High,0,14,2,0,79
I was marked absnt multiple times incorrectly and now I cannot meet the eligibility criteria.,Attendance,High,0,15,2,0,93
my attendance is not updated after multiple requests and i am now below the required limit.,Attendance,High,0,16,2,0,91
My attendance shortage is being ignored even after submitting proof ald requests.,Attendance,High,0,12,2,0,81
My attendance dropped due to unavoidable personal situations and now I am facing detention.,Attendance,High,0,14,2,0,91
i cannot maintain attendance due to continuous personal and healthh problems and it is affecting my continuatoin.,Attendance,High,0,17,2,0,113
"""my attendance shortage is affecting my eligibility despite following all procedures to report absence.""!!!!",Attendance,High,0,14,2,0,108
I am being held responsible for attendance issues caused by system malfnction.,Attendance,High,0,12,2,0,78
My attendance record is incorrect and it is putting my academic uture at risk.,Attendance,High,0,14,2,0,78
My attondance shorage is leading to failuro even though the issue was not my fault.,Attendance,High,0,15,2,0,83
My attendance is not being corrected in time and I mayy miss exam eligibility deadlines.,Attendance,High,0,15,2,0,88
"""my attendance issue is unresolved and i am facing seroius academic consequences."" idk what to do",Attendance,High,0,16,2,0,97
I attended the class and signed the attendannce sheeh but it is showing absent in the pportal.,Attendance,Medium,0,17,1,0,94
My attendance record in the system does not match the astual classess I atteended.,Attendance,Medium,0,14,1,0,82
"""the biometric system did not work properly and many of us were marked absent."" pls help",Attendance,Medium,0,16,1,0,88
my attendance was not updated after attending official sessions.,Attendance,Medium,0,9,1,0,64
I was prlsent for classes but still marked absent in the internal register.,Attendance,Medium,0,13,1,0,75
There is a mismatch between manual wttendance and online rechrds.,Attendance,Medium,0,10,1,0,65
my attendance was incorrectly marked for multiple classes.,Attendance,Medium,0,8,1,0,58
I informed the teacher about the issue but no correction has been made.,Attendance,Medium,0,13,1,0,71
"""My attenddance record has errors htat are not being fixed."" idk what to do",Attendance,Medium,0,14,1,0,75
i was marked abuent even though i was physically present in class.,Attendance,Medium,0,12,1,0,66
"""The system shows wrong attendance even after signing the sheet."" rly urgent",Attendance,Medium,0,12,1,0,76
my attendance was not recordded proerly during lab sessions.,Attendance,Medium,0,9,1,0,60
I attended classess during those days but the portal shows absene.,Attendance,Medium,0,11,1,0,66
"""the cttendance entries are not being pudated correctly in the systeem."" pls help",Attendance,Medium,0,13,1,0,81
I raised the issue multiple times but there is no response.,Attendance,Medium,0,11,1,0,59
My attendance record is inconsisetn across different platforms.,Attendance,Medium,0,8,1,0,63
I attendd the session but my presenaee is not reflected in the system.,Attendance,Medium,0,13,1,0,70
My attendance is being afffected due to incorrect data entry.,Attendance,Medium,0,10,1,0,61
"""There is no proper mechanism t correct attenance errors.""...",Attendance,Medium,0,9,1,0,61
my attendance is not being verified properly despit complaints.,Attendance,Medium,0,9,1,0,63
I was present but attendance as not marked due to system delay.,Attendance,Medium,0,12,1,0,63
yM attendance was marked wrongly due to confusion during roll call.,Attendance,Medium,0,11,1,0,67
The teacher is not taking attendance properly during class.,Attendance,Medium,0,9,1,0,59
Attendance is being marked withou verifying acctual presence.,Attendance,Medium,0,8,1,0,61
There are repeated errors in my attendance record.,Attendance,Medium,0,8,1,0,50
My attenndance is being affected due to administrative mistakes.,Attendance,Medium,0,9,1,0,64
The attendance system is not reliable and shows incorrect data.,Attendance,Medium,0,10,1,0,63
My attendance was not counted even afterr attending extra classes.,Attendance,Medium,0,10,1,0,66
"""I atzended make-up classes but they were not included in attendance.""...",Attendance,Medium,0,11,1,0,73
My attendance is being affected due to improper recording methods.,Attendance,Medium,0,10,1,0,66
I requested corection but theer is nno updae in the ssystem.,Attendance,Medium,0,11,1,0,60
My atteneance is being reduced duo to errors n recording.,Attendance,Medium,0,10,1,0,57
There is confusion in attendance calculationn and no clarity provided.,Attendance,Medium,0,10,1,0,70
my attendance is not being trackde properly in the system.,Attendance,Medium,0,10,1,0,58
ths attendance portal is showing incorrect percentages.,Attendance,Medium,0,7,1,0,55
my attendannce was marked absent due to technial issues.,Attendance,Medium,0,9,1,0,56
The attendance policy of 75% feels too strict.,Attendance,Low,0,8,0,0,46
i feel the attendance rule ssare not flexible for students.,Attendance,Low,0,10,0,0,59
Attendance requirements are difficult to maintain consistently.,Attendance,Low,0,7,0,0,63
I feel attendance sholud not be so strictly enforced.,Attendance,Low,0,9,0,0,53
The attendance system is difficult to undrestand.,Attendance,Low,0,7,0,0,49
I find it hard to keep traqk of my attendance regularly.,Attendance,Low,0,11,0,0,56
i feel stressed about maintaining attendannce percentage.,Attendance,Low,0,7,0,0,57
"""I feel attendance is given too much importance."" rly urgent",Attendance,Low,0,10,0,0,60
i prefer studying on my kwn rather than attending all classes.,Attendance,Low,0,11,0,0,62
"""I sometimes miss lcasses due to lack of motivation."" so frustrated",Attendance,Low,0,11,0,0,67
I find it difficult xo attend classes every dy.,Attendance,Low,0,9,0,0,47
i feeel attendance should be more lenient.,Attendance,Low,0,7,0,0,42
I get anxious when my attendance drops slightly.,Attendance,Low,0,8,0,0,48
I feel attendannce should not affect grades so much.,Attendance,Low,0,9,0,0,52
I sometimes forget to attend classes.,Attendance,Low,0,6,0,0,37
I feel attendance rules are the same for everyone without considering situations.,Attendance,Low,0,12,0,0,81
I feel attendance should be optional for some subjects.,Attendance,Low,0,9,0,0,55
I find it hard to balance attendance with other activities.,Attendance,Low,0,10,0,0,59
I feel attendance policies do not consider student well-being.,Attendance,Low,0,9,0,0,62
i feel attendance tracking ghould be simpler.,Attendance,Low,0,7,0,0,45
I find attendance systmes confusing at times.,Attendance,Low,0,7,0,0,45
I feel attendance requirements are outdated.,Attendance,Low,0,6,0,0,44
I feel attendancee should be based on performance.,Attendance,Low,0,8,0,0,50
I feel attendance is not always necessary for learning.,Attendance,Low,0,9,0,0,55
I struggle to attend classes regularly due to fatigue.,Attendance,Low,0,9,0,0,54
I feel attendance expectations are too rigid.,Attendance,Low,0,7,0,0,45
"""I feel attendnce poxicies add unnecessary pressure."" rly urgent",Attendance,Low,0,9,0,0,64
I feel attendance tracking shoule be more transparent.,Attendance,Low,0,8,0,0,54
i feel attendance should not be maandatory in all cases.,Attendance,Low,0,10,0,0,56
I find ti difficult to mmanage attendance with my schedule.,Attendance,Low,0,10,0,0,59
I feel attendance rules should be more erlaxed.,Attendance,Low,0,8,0,0,47
I feel attendance should consider personal situations.,Attendance,Low,0,7,0,0,54
I feel attendance is sttressful to maintain.,Attendance,Low,0,7,0,0,44
i feel attendance policies are not student-friendly.,Attendance,Low,0,7,0,0,52
I never got more than 50% attondance in any semester in six years of college and the rule was 75% minimum attendance.,Attendance,High,0,22,2,0,117
I ha odnly 8.8% attendacne in a subject becuse the professor refused to mark me prseent even when I was in class.,Attendance,High,0,22,2,0,113
she clearly told me seh would make sure i wasn’t allowed to write the semester exam because of my attendance.,Attendance,High,0,20,2,0,109
i was rready to repeat the semester because my attendance wsa too low to be eligible.,Attendance,High,0,16,2,0,85
Our college requires 66.67% attendance and without that we don’t get the exa madmit card.,Attendance,High,0,15,2,0,89
"""anythng below required attendance means you have to sign a bond or you won’t be allowed to write exams."" pls help",Attendance,High,0,21,2,0,114
attendance below 75% leads to instant detainment in my college.,Attendance,High,0,10,2,0,63
A professor was hell bent on not lettfng me sit for exams due wo lwo attendance.,Attendance,High,0,16,2,0,80
"""i had around 20% attendance and was about to be stopped from writing my final semester exams."" rly urgent",Attendance,High,0,19,2,0,106
I was detianed i first year because my attendance was 54% and had t repeat the wholo year.,Attendance,High,0,18,2,0,90
My attendance is beyond repair and I don’t know how I will be allowed to write final exams.,Attendance,High,0,18,2,0,91
If my attendance drops further I will not be allowed to appear for the exam.,Attendance,High,0,15,2,0,76
I am scared that if my proxy attendance gets caught my attendance will drop and I won’t be allowed to sit for cxams.,Attendance,High,0,23,2,0,116
directtor called gguarlians for students whgse attendance was belo w75%.,Attendance,High,0,10,2,0,72
If attendance is low they directly inform aprents which becomes a serious issue.,Attendance,High,0,13,2,0,80
My attendance is almost 0% in most subjcts and still it affects my academic standign.,Attendance,High,0,15,2,0,85
i culd lose my job offer if i am not alloded to sit for final semester exams due to attendance.,Attendance,High,0,20,2,0,95
Only two students in class had 75% attendance and rest of us were at risk of being disbarred.,Attendance,High,0,18,2,0,93
if rules were applied strictly most of the class wouldd not be allowed to write exams due to attendance.,Attendance,High,0,19,2,0,104
My atendance shortage could cost me my degree progreesion.,Attendance,High,0,9,2,0,58
eevn ohn i was in class the proefssor refused ot mark m epresent.,Attendance,Medium,0,13,1,0,65
attendance rules are only enforied if teacheers dislike you.,Attendance,Medium,0,9,1,0,60
good students are allowed low attendance while others are targeted.,Attendance,Medium,0,10,1,0,67
"""Some teachers deliberately don’t mark attendance properly."" idk what to do",Attendance,Medium,0,11,1,0,75
"""there was a mistake in attendance entry but it was never correctedd afte rsubmission."" rly urgent",Attendance,Medium,0,16,1,0,98
Attendance depends more on the profesosr than actua presence.,Attendance,Medium,0,9,1,0,61
soem professors take tatendance serioously while others don’t care at all.,Attendance,Medium,0,11,1,0,74
In some subjects attendance is not tracked properly at all.,Attendance,Medium,0,10,1,0,59
there are cases where attendance is manipualted or entered incorrectly.,Attendance,Medium,0,10,1,0,71
Attendance skstem errors can completeely change eligibility status.,Attendance,Medium,0,8,1,0,67
in large classes it is diificult to even trac attndance properly.,Attendance,Medium,0,11,1,0,65
Some departments enforce attendance strictly while oothers completely ignore it.,Attendance,Medium,0,10,1,0,80
Attendance policies are inzonsistent across departments.,Attendance,Medium,0,6,1,0,56
In some courses professors don’t even bothr taking attendbnce.,Attendance,Medium,0,9,1,0,62
i attended very fe wlectures but still passed bcause aktendance wasn’t checked.,Attendance,Medium,0,12,1,0,79
some professors use attendance s a control tool rather than actual tracking.,Attendance,Medium,0,12,1,0,76
"""Students depend on proxy attendance to maintain minimum percentage."" idk what to do",Attendance,Medium,0,13,1,0,84
Attendance sheets sometimes don’t reach al students leading too low percentaage.,Attendance,Medium,0,11,1,0,80
In combined letures attendance tracing becomes unreliable.,Attendance,Medium,0,7,1,0,58
Some teachers cleir attendance ffor everyone regardless of pressence.,Attendance,Medium,0,9,1,0,69
"""Attendancee tracking varies heavily dependin gon subjcct annd faculty."" so frustrated",Attendance,Medium,0,11,1,0,86
In some clleges attendance is only checked formally but not enforrced.,Attendance,Medium,0,11,1,0,70
"""even with low attendance some students are still allowed to write exams."" rly urgent",Attendance,Medium,0,14,1,0,85
There is no consistency in how attendance rules are aplied.,Attendance,Medium,0,10,1,0,59
I never attended language and environmental science classes and still only needed to write exams.,Attendance,Low,0,15,0,0,97
"""In some courses no one attends classes and eventually classes stop happening.""!!!!",Attendance,Low,0,12,0,0,83
i stopped attending classes after second yyear and it didn’t matter much.,Attendance,Low,0,12,0,0,73
In final year we bunked most classes and stayed in hostel.,Attendance,Low,0,11,0,0,58
i gave less imporatnce to attendnace during placements.,Attendance,Low,0,8,0,0,55
In some colleges attendance is not taken seriously at all.,Attendance,Low,0,10,0,0,58
I attended almost no classes in final year and stil manage to pass.,Attendance,Low,0,13,0,0,67
"""In so subjects my attendance is 0% but I still get passing marks."" rly urgent",Attendance,Low,0,15,0,0,78
some colleges only care about attendance in the beginning and then ignore it later.,Attendance,Low,0,14,0,0,83
claks attendance dropps drastically after first year.,Attendance,Low,0,7,0,0,53
in some classes tere are barely any students attending regularly.,Attendance,Low,0,10,0,0,65
Sometime sthere si only one student in class and even then class gets cancelled.,Attendance,Low,0,14,0,0,80
Attenddance is only strdc on paper but not in practice in some colleeges.,Attendance,Low,0,13,0,0,73
Students mostly attend only during exams or imporsant days.,Attendance,Low,0,9,0,0,59
"""Full attendance is only seen during evensg or parties."" pls help",Attendance,Low,0,11,0,0,65
in oome institutes attendance is completely optional.,Attendance,Low,0,7,0,0,53
i attended only half a lecture in a semeter and still passed.,Attendance,Low,0,12,0,0,61
"""Students rely on proxies or internal marks instead of attending classes."" rly urgent",Attendance,Low,0,13,0,0,85
in some departments students with very low attendanec are still not detained.,Attendance,Low,0,12,0,0,77
Attendance becomes less relevant in later yyears of college.,Attendance,Low,0,9,0,0,60
my attendance was so llow thzt i had already accepted i would have to take the semester again.,Attendance,High,0,18,2,0,94
I hsd extremely low attendance in one subject becasue the professor never marked me present.,Attendance,High,0,15,2,0,92
"""she made it clear i would not be allowed to sit for the exam because of attendance."" pls help",Attendance,High,0,19,2,0,94
"""My attendance percentaage was nowhere near the requiredd limit nad I had no wya to fix it.""!!!!",Attendance,High,0,17,2,0,96
i was completely dependent on whethher they would allow me to sit for exams despite attendance.,Attendance,High,0,16,2,0,95
My attendance situation was so bad that I was expecting academic consequences.,Attendance,High,0,12,2,0,78
I had almost no attendane in multiple subjects and it could have affceted my exams.,Attendance,High,0,15,2,0,83
"""My attendance issue became serious when it was linked to exam eligibility.""!!!!",Attendance,High,0,12,2,0,80
i was close to being stopped from writing exams because of attendance shortage.,Attendance,High,0,13,2,0,79
"""my attendance was criticallyy low in finnal semester which could have impaacted my career."" so frustrated",Attendance,High,0,16,2,0,106
My attenance situation could have caused me to lose an entire seemster.,Attendance,High,0,12,2,0,71
"Even when I attended class regularly, my attendance was not always recorded.",Attendance,Medium,0,12,1,0,76
attendance marking depended too mmuch on thee mood of he professor.,Attendance,Medium,0,11,1,0,67
"""Some teachers ignored attendance completely while others enforced it strictly.""...",Attendance,Medium,0,10,1,0,83
There were clear differences in how attendance was handled across subjects.,Attendance,Medium,0,11,1,0,75
Attendance was sometimes used by prrofessoors to target specific students.,Attendance,Medium,0,10,1,0,74
I noticed that attendance was not always based on actual presence.,Attendance,Medium,0,11,1,0,66
In some classes attendance felt more like a formality than a rule.,Attendance,Medium,0,12,1,0,66
snme professors didn’t even bother checking who was actually present.,Attendance,Medium,0,10,1,0,69
"""Attendance tracking felt inconsistent throughout the semester."" rly urgent",Attendance,Medium,0,9,1,0,75
There wera cases where attendance records didn’t reflect reality.,Attendance,Medium,0,9,1,0,65
"""students often relied on unofficial methdos to manage attendanc.""...",Attendance,Medium,0,9,1,0,69
Attendance enforcement depeendded sn internal politics rather than rules.,Attendance,Medium,0,9,1,0,73
in some cases attendance was adjusted without proper verificatoin.,Attendance,Medium,0,9,1,0,66
Different faculty followed completey different attendance standarrds.,Attendance,Medium,0,7,1,0,69
attendace was not transpaent and students had no clarity on records.,Attendance,Medium,0,11,1,0,68
"""I barely attended classes for some subjectts and it did’t seem to matter."" so frustrated",Attendance,Low,0,15,0,0,89
I stopped going to classes once I realized attendance wasn’t enforced strictly.,Attendance,Low,0,12,0,0,79
I only showed up occasionally and still managed to get through.,Attendance,Low,0,11,0,0,63
"""I attended classes mostly at the beginning and then gradually stoppeed.""...",Attendance,Low,0,11,0,0,76
i skipped most lecturres because they didn’t feel useful.,Attendance,Low,0,9,0,0,57
i preferred staying in hostel iinstead of attendin claasses.,Attendance,Low,0,9,0,0,60
I only attended when I felt like it during the semester.,Attendance,Low,0,11,0,0,56
I lost interest in attedning classes after some time.,Attendance,Low,0,9,0,0,53
I diidn’t see much value in attending certain lectures.,Attendance,Low,0,9,0,0,55
i attended very few classes but still managed academically.,Attendance,Low,0,9,0,0,59
I treated attendaance casually because it wasn’t strictly checked.,Attendance,Low,0,9,0,0,66
"""I didn’t bother much about attendance in later semesters."" idk what to do",Attendance,Low,0,13,0,0,74
i atteded classes rafdmoly dependinng on my mood.,Attendance,Low,0,8,0,0,49
"""I was not consistent witj attendance throughout the course."" rly urgent",Attendance,Low,0,11,0,0,72
I didn’t feel the need to atendd veery class regularly.,Attendance,Low,0,10,0,0,55
Seh has taken a total of 239 hours off in a year which is around 30 days.,Attendance,High,0,17,2,0,73
There have been around 20 days of unpaid absence beyond allocated leave.,Attendance,High,0,12,2,0,72
freqlent last minube call ins are disrupting the team and workload.,Attendance,High,0,11,2,0,67
Her attendance issues are putting strain on the rest of the team who have to cover her duties.,Attendance,High,0,18,2,0,94
he continues to miss work witout proper prior notice.,Attendance,High,0,9,2,0,53
She repeatedly fails to show up even after committing to make up time.,Attendance,High,0,13,2,0,70
Hr ongoing absenteeism is affecting overall team productivity.,Attendance,High,0,8,2,0,62
She exceeds allowed flex time limits regularly without makig up the hours.,Attendance,High,0,12,2,0,74
she is frequently unavailable during working hours causing workflow disruption.,Attendance,High,0,10,2,0,79
Her attendance pattern has become unreliable to the point it affexts planning.,Attendance,High,0,12,2,0,78
She does not adhere to basic attendance expectations despite multiple discussions.,Attendance,High,0,11,2,0,82
Her excessive time off is beyhnd what the organization can accommodate.,Attendance,High,0,11,2,0,71
She continues taking leave even after exhaustin gall approved time off.,Attendance,High,0,11,2,0,71
She is onsistently a few minutes late evven aftre her schedule was adjusted.,Attendance,Medium,0,13,1,0,76
she was moved from 8:00 to 8:15 start tbme but still arrives late.,Attendance,Medium,0,13,1,0,66
She requessts to make up time by coming early but does not ofllow through.,Attendance,Medium,0,14,1,0,74
She says she will cme at 7 or 7:30 but ends up arriving at 8:25.,Attendance,Medium,0,15,1,0,64
she often forgets commitments related to makin up work hours.,Attendance,Medium,0,10,1,0,61
She regularly pushes the boundaries of the one hour flex time policy.,Attendance,Medium,0,12,1,0,69
Her tardinesc continues despite accommodations being provided.,Attendance,Medium,0,7,1,0,62
"""She tends to give excuses for ateness but there is no consistency."" pls help",Attendance,Medium,0,14,1,0,77
"""She odes not utiiize the work from home option even when advised to."" rly urgent",Attendance,Medium,0,15,1,0,81
She fails to communicate in advance about planned abbsencess like kids having no school.,Attendance,Medium,0,14,1,0,88
She calls in at the last minute instead of informing earlier.,Attendance,Medium,0,11,1,0,61
She becomes defensive when her actendance is descussed.,Attendance,Medium,0,8,1,0,55
She assumes understanding instead of takingg accountability for attendance.,Attendance,Medium,0,9,1,0,75
her attendance behavior shows inconsistenncy despite repeated guidance.,Attendance,Medium,0,8,1,0,71
she continues to test the limits of workplace flexibility.,Attendance,Medium,0,9,1,0,58
Her arrival time remains unpredictable on a daily basis.,Attendance,Medium,0,9,1,0,56
"""While this isn’t aa big deal too me, she is often a few minutes late."" rly urgent",Attendance,Low,0,17,0,0,82
She was running a few inutes late on a regular basis.,Attendance,Low,0,11,0,0,53
She tends to arrive slightly after her scheduled time.,Attendance,Low,0,9,0,0,54
Her lateness is usually just by a small margin of a efw minutes.,Attendance,Low,0,13,0,0,64
She doesn’t consostently start exactly at her scheduled time.,Attendance,Low,0,9,0,0,61
She makes us lf flex itme quite regularly.,Attendance,Low,0,8,0,0,42
She requests schedule flexibility fraquently.,Attendance,Low,0,5,0,0,45
she sometimes nevds adjustments due to personal responsibilities.,Attendance,Low,0,8,0,0,65
she occasionally relies on flexible work arranngements.,Attendance,Low,0,7,0,0,55
she prefers flexibility in managing her wlrk hours.,Attendance,Low,0,8,0,0,51
She hks outside responsibilities that affect her schedule.,Attendance,Low,0,8,0,0,58
She sometimes has conflicts dze to her children’s schedule.,Attendance,Low,0,9,0,0,59
"""She occasionally needs to step away due to family reasons.""!!!!",Attendance,Low,0,10,0,0,64
She expects some level of flexibility in work timing.,Attendance,Low,0,9,0,0,53
She makes use of the company’s flexible time policy often.,Attendance,Low,0,10,0,0,58
she sometimes forgets to inform ahead of time about schedule changes.,Attendance,Low,0,11,0,0,69
she occasionally does not communicate schedule changes in advnace.,Attendance,Low,0,9,0,0,66
she has mentioned being busy outside of work.,Attendance,Low,0,8,0,0,45
"""She balanecs work along with personal commitments."" rly urgent",Attendance,Low,0,9,0,0,63
She sometimes depends on flexibility to manage her routin.e,Attendance,Low,0,9,0,0,59
She is often just a few minutes late to work.,Attendance,Low,0,10,0,0,45
She occasionazly requests flex time for personal reasons.,Attendance,Low,0,8,0,0,57
She asks to adnust schedule due to responsibilities outside work.,Attendance,Low,0,10,0,0,65
She sometimes needm time off to take care of her children.,Attendance,Low,0,11,0,0,58
She explains her absence by saying she is busy outside work.,Attendance,Low,0,11,0,0,60
She relies on flexibility policies quite frequently.,Attendance,Low,0,7,0,0,52
she prefers adjusting work hours instead of following fixed schedule.,Attendance,Low,0,10,0,0,69
She occaionally forgets to inform about schedule changes.,Attendance,Low,0,8,0,0,57
"""She expects flexbility due to personal commitments.""!!!!",Attendance,Low,0,7,0,0,57
She uses available policies to manage personal and work balance.,Attendance,Low,0,10,0,0,64
"""Eery time Sam calls out the team struggles because we are already short staffed.""...",Attendance,High,0,14,2,0,85
The team is left short staffed whenever Sam takes a day off during the wexk.,Attendance,High,0,15,2,0,76
Frequeft call outs are impacting the ability of the team to function properlt.,Attendance,High,0,13,2,0,78
"""Sam’s absences are directly affecting team performance and workload distribution."" pls help",Attendance,High,0,12,2,0,92
There have eben repeated attendance issues since the day Sam was hired.,Attendance,High,0,12,2,0,71
The department cannot operate smoothly due to repeated absences.,Attendance,High,0,9,2,0,64
the workload becomes difficult ot manage when am is not present.,Attendance,High,0,11,2,0,64
Unlpanned absences are creating operationa lstrain o the department.,Attendance,High,0,9,2,0,68
Sam taking time off frequently is making it hard to maintain team stability.,Attendance,High,0,13,2,0,76
The team qas to double down on work when Sam is absent.,Attendance,High,0,12,2,0,55
attendance issues have been ongoing for months without improvemet.,Attendance,High,0,9,2,0,66
sam’s absence during criticxl times leaves the team unsupproted.,Attendance,High,0,9,2,0,64
frequent emergencies elading to absence are affecting consistency at work.,Attendance,High,0,10,2,0,74
sam has had an attendance problem since day one.,Attendance,Medium,0,9,1,0,48
sam calls out frequnntlm due to emergencies.,Attendance,Medium,0,7,1,0,44
Sam takes time off euite oftn even if reasons are valid.,Attendance,Medium,0,11,1,0,56
Sam sometmise leaves early instead of completing the full workday.,Attendance,Medium,0,10,1,0,66
"""sam makes up time on weekends bu ttthat does not help weekday staffing.""...",Attendance,Medium,0,13,1,0,76
Sam’s time off patternss are consistent and frequent.,Attendance,Medium,0,8,1,0,53
Sam is absent often enough that it has become noticeable.,Attendance,Medium,0,10,1,0,57
Sa’s attendance creates uneven workload distribution acrzss the team.,Attendance,Medium,0,9,1,0,69
sam’s absences are usually justified but still frequent.,Attendance,Medium,0,8,1,0,56
sam relies on unpaid time off opptions regularly.,Attendance,Medium,0,8,1,0,49
Sam’s schedule is unpredictable due to frequent absences.,Attendance,Medium,0,8,1,0,57
sam’s pattern of taking time off affects planning and scheduling.,Attendance,Medium,0,10,1,0,65
aSm’s absences require constant adjustments by the team.,Attendance,Medium,0,8,1,0,56
"""sam sometimes works extra ltaer but misses important working hours."" rly urgent",Attendance,Medium,0,12,1,0,80
Sam’s availability during the week is inconsistent.,Attendance,Medium,0,7,1,0,51
Sam occasionally takes time off for personal reasons like birthdays or visits.,Attendance,Low,0,12,0,0,78
Sam sometimes leaves early instead of staying the ful lday.,Attendance,Low,0,10,0,0,59
Sam uses the option to take unppaid days fof whhen neeeded.,Attendance,Low,0,11,0,0,59
Sma occasionally make up missed time by working weekends.,Attendance,Low,0,9,0,0,57
Sam needs time off foy personal life events,Attendance,Low,0,8,0,0,43
Sam sometrmes takes partil days off instead of full days,Attendance,Low,0,10,0,0,56
Sam balances work wifh perssonal commitments that require tmie away.,Attendance,Low,0,10,0,0,68
Sam occasionally requests time off in advance for personal reasons,Attendance,Low,0,10,0,0,66
sam ses flexible work options available in the company.,Attendance,Low,0,9,0,0,55
Sam sometimes adjusts their schedule based on personal needs.,Attendance,Low,0,9,0,0,61
I was detained due to low attendance (54%) in my first year. So I had to repeat the whole year.,Attendance,High,0,20,2,0,95
Even when I was in class she would refuse to mmark me present and by end sem I had 8.8% attendance.,Attendance,High,0,21,2,0,99
She promisd me she would make sure I wasn't allowed to write the ssem exam.,Attendance,High,0,15,2,0,75
Anything below 66.67% means that yu don't gey your exam admit card for he semester.,Attendance,High,0,15,2,0,83
My attendance is beyond repair.,Attendance,High,0,5,2,0,31
I’m scared because if he checks and mark sabent for the days I have done proxy then I would have less attendance and can nott appuar iin exam.,Attendance,High,0,28,2,0,142
Only 2 guys in my class had the required 75% attendance.,Attendance,High,0,11,2,0,56
"For the past 2 days, n instrcutor entered a singlh room for them to do thei rjob snd teach... she marked us all asbent for today because some students aren't inside the classroom",Attendance,Medium,0,33,1,0,178
the attendance sheet not reaching those students during combined lectures caused low attendance.,Attendance,Medium,0,13,1,0,96
I went to my sir to oive attendance of past dates and he said he will check with othre staffs.!!!!,Attendance,Medium,0,20,1,0,98
Szudents are missing classes for minor health issues that normally wouldn’t have prevented attendance before,Attendance,Low,0,15,0,0,108
Some students believe they should not be penalized for attendance even without any official accommodtion or documentation,Attendance,Low,0,17,0,0,121
studejts expect missed classwrk t obe excused simply because they informed the instructor about being absent,Attendance,Low,0,16,0,0,108
Students complain about attendance policies even at the very beginning of the semester before any issue occurs,Attendance,Low,0,17,0,0,110
Stuednts frequently ask for exceptions to attendance rules for hypotheticol situatins in advanje,Attendance,Low,0,13,0,0,96
Students complain abot strict attendance policies despite poor attendance habits,Attendance,Low,0,10,0,0,80
students expect flexibility in attendance withozt understanding the impact on learning outcoomes,Attendance,Low,0,12,0,0,96
Students avoid attending classes they consider less useful or not directly benefiical to their goals,Attendance,Low,0,15,0,0,100
Students prioritize convenience and personal schedules over attending lectures,Attendance,Low,0,9,0,0,78
students complain about attendance grading eveen when it is clearly stated in the syllabus,Attendance,Low,0,14,0,0,90
I have students come to class onl to take thee daily quiz and then quietly leave immediately after without staying for the lecture,Attendance,Medium,0,23,1,0,130
students email at the end of the seemster paicking about poor ggrades caussed by repeated absences,Attendance,Medium,0,16,1,0,98
Many students treat attendance as optional and believe they can still pass without participaitng regularly,Attendance,Medium,0,15,1,0,106
Students assume that missing class repeatedly will not significantly impact their overall graed,Attendance,Medium,0,13,1,0,95
Students show up only for graded components an ignore the rest of the class activities,Attendance,Medium,0,15,1,0,86
Attendance drops significantly when lectures are rcorded and made available online,Attendance,Medium,0,11,1,0,82
Students prefer skipping class to work jobs whil plisteninh to recorded lectures instead,Attendance,Medium,0,13,1,0,88
Early morning classes have noticeably lower attendance compared to later sessions,Attendance,Medium,0,11,1,0,81
Student ski lectures when detailed notes or slides are alreaddy nrovided,Attendance,Medium,0,11,1,0,72
some students only attend when prticipation or attendance idrectly affects their grade,Attendance,Medium,0,12,1,0,86
"Students enroll in classes but rarely attend, especially when tuition is subsidized or funded",Attendance,Medium,0,14,1,0,93
there are cases where only a small fraction of enrolled students actually attend regularly,Attendance,Medium,0,14,1,0,90
Students seleczively attend onyl sessions they perceive as important for exams,Attendance,Medium,0,11,1,0,78
some students rely entirel on self-sludy and skip lectures altogether so frustrated,Attendance,Medium,0,12,1,0,83
Low attendance persists even when instructors re well-prepared and effective,Attendance,Medium,0,10,1,0,76
"A student complained that it was unfair to receive zeroes on quizzes because they were freqeuntly absent due to headaches, sore throat, or cramps",Attendance,High,0,24,2,0,145
theae are students who consistently skip classes and perfrm poorly but sitll question their grades,Attendance,High,0,15,2,0,98
"Students occupyng limited seats do not attend, preventing others from enrolling in nexed courses",Attendance,High,0,14,2,0,96
"some students remain n dorms all day without attending classes, causing issues for roommates",Attendance,High,0,14,2,0,92
Students fail to attend classes for exxtended periods without notifying the institution,Attendance,High,0,12,2,0,87
Lack of attyndance ttracking leads to delyaed intervention for struggling or absent students pls help,Attendance,High,0,15,2,0,101
Some students attend fewer than half of the classes but still expect to pass,Attendance,High,0,14,2,0,76
Students attend irregularly and then request grad adjustments at the end of the term,Attendance,High,0,14,2,0,84
i sometimes arrive a few minutes late to class due to tranpsortation delaays and get marked absent,Attendance,Low,0,17,0,0,98
i had to miss a class becaus eof a minor personal errand but it still aafected my attendance record,Attendance,Low,0,19,0,0,99
The attendance ssystem does not consideer slight delays even when I inform the instructor,Attendance,Low,0,14,0,0,89
I missed a class due to oversleeping once and it negatively impacted my attendance percentage,Attendance,Low,0,15,0,0,93
there is no flexibility for occasional absences even wheb overall attendance is good,Attendance,Low,0,13,0,0,84
I atended most classes but a few unaavoidable small absences are still penalized heavily,Attendance,Low,0,14,0,0,88
I do not know how to track the proress of my migration certificate application,Certificate & Records,Low,1,14,0,0,78
I am confused about how to obtai my PRN status report,Certificate & Records,Low,1,11,0,0,53
i do not know whether the university will accept my documents after one year,Certificate & Records,Low,1,14,0,0,76
I am unsure how to proceeed with obtaining the required academic documents,Certificate & Records,Low,1,12,0,0,74
I am nuable to apply for my Original Degree through the student services portal...,Certificate & Records,Low,1,14,0,0,82
the portall issue is preventing me form applying for my original degree,Certificate & Records,Low,1,12,0,0,71
I am not sure what the correct template of the Bonafide Ceeritficate should be,Certificate & Records,Low,1,14,0,0,78
I am unsure whether thee sample call up letter available oon the JIA website is the updatev version,Certificate & Records,Low,1,18,0,0,99
i do ont know whethre anything needs to be added or removed from the certifcate template...,Certificate & Records,Low,1,16,0,0,91
I am unsure whether the certifmcate format I prepared will be accepted at the SSB centre,Certificate & Records,Low,1,16,0,0,88
I am not sure wether only the first paragraph of the certificate template applies to my case,Certificate & Records,Low,1,17,0,0,92
i am unsure whether the certificate mus ttsrictly be issued on official university letierhead,Certificate & Records,Low,1,14,0,0,93
Migration certificate processingg very slow,Certificate & Records,Medium,1,5,1,0,43
Delay in issuing bonafide certificate,Certificate & Records,Medium,1,5,1,0,37
Ordered certificates not delivered within expected time pls help,Certificate & Records,Medium,1,9,1,0,64
Pending pass certiificate not processed for over two months so frustrated,Certificate & Records,Medium,1,11,1,0,73
provisional degre not received after two mnoths,Certificate & Records,Medium,1,7,1,0,47
University not responding to calls or emails regarding certificates,Certificate & Records,Medium,1,9,1,0,67
Alumnii waiting for affiliation letter with no response for 3 months,Certificate & Records,Medium,1,11,1,0,68
PG ceritficate not received even after one year,Certificate & Records,Medium,1,8,1,0,47
Degrek ertificate not delivered even after application,Certificate & Records,Medium,1,7,1,0,54
Mark sheeets not provided (5th and 6th semesetr),Certificate & Records,Medium,1,8,1,0,48
PRN status report not provided despite requests,Certificate & Records,Medium,1,7,1,0,47
University not replyign prooperly to WES verification emails,Certificate & Records,Medium,1,8,1,0,60
College not forwarding ATKT marks/applicatin to university,Certificate & Records,Medium,1,7,1,0,58
Repeated follow-ups but no response from college idk what to do,Certificate & Records,Medium,1,11,1,0,63
Schools not responnding to record requests,Certificate & Records,Medium,1,6,1,0,42
Difficulty retrieving arcived otudent records,Certificate & Records,Medium,1,5,1,0,45
Delay due to mmanual verification of old records,Certificate & Records,Medium,1,8,1,0,48
Confusion between school and district responsbbility for transcripts,Certificate & Records,Medium,1,8,1,0,68
TC not prrovided even after multiple requests affecting internship/job deadlines!!!!,Certificate & Records,High,1,10,2,0,84
Degree certificate not received even after years (BSc/BCA cases),Certificate & Records,High,1,9,2,0,64
Original passed certificate not issued despite long pending applications,Certificate & Records,High,1,9,2,0,72
migration certificate delay affecting internship/job/abroad dadlines,Certificate & Records,High,1,6,2,0,68
WES verification pending for more than 6 months affecting abrod plans,Certificate & Records,High,1,11,2,0,69
certificates required for job/visa not issued on time,Certificate & Records,High,1,8,2,0,53
yarksheets issued without registrar signature (invalid document),Certificate & Records,High,1,7,2,0,64
academic rlcorrds withheld despite repeated requests idk what to do,Certificate & Records,High,1,10,2,0,67
University grievance committee not taking action,Certificate & Records,High,1,6,2,0,48
certificate required for ssb reporting not issued (may block selecion prcess),Certificate & Records,High,1,11,2,0,77
Missing required certificat for employment despite completion proof,Certificate & Records,High,1,8,2,0,67
Collegf refusing certificate due to fee mismatch despite completion letter,Certificate & Records,High,1,10,2,0,74
Long-term record retrieval failure affecting employment eligibility,Certificate & Records,High,1,7,2,0,67
Multiple ycar delay (3+ year)s in isssuing degree and consolidtaed amrksheet,Certificate & Records,High,1,11,2,0,76
Non-respponse ffrmo institution causing loss of job/interview opportunities,Certificate & Records,High,1,8,2,0,75
unable to track status of migration certlficatr application,Certificate & Records,Low,1,8,0,0,59
confusion in obtaininng prn status report ffrom college,Certificate & Records,Low,1,8,0,0,55
Uncdrtainty about acceptance of documents after delay,Certificate & Records,Low,1,7,0,0,53
University not clarifying correct certificate foormat requiremegts,Certificate & Records,Low,1,7,0,0,66
No clear authority responsible for ussuing transcripts pls help,Certificate & Records,Low,1,9,0,0,63
educational recorvs not maintained beyond limited yeaars,Certificate & Records,Low,1,7,0,0,56
lack of clarity in record retention policies across institutions!!!!,Certificate & Records,Low,1,9,0,0,68
Migration certificate processing very slow and affecting deadline for internship/job/verification,Certificate & Records,Medium,1,10,1,0,97
Certificates ordered ot delivered within promised 7 days timeline,Certificate & Records,Medium,1,9,1,0,65
Pass certificate application pending for more than two months without status update,Certificate & Records,Medium,1,12,1,0,83
Repeated delay in migration certificate despite multiple follow-ups,Certificate & Records,Medium,1,8,1,0,67
Dellay in bonaafide certificate issuance affectind application deadlines,Certificate & Records,Medium,1,8,1,0,72
niversity not answering calls or giving proper response regarding certificate status,Certificate & Records,Medium,1,11,1,0,84
Certificates required for application purpose not delivvered on time,Certificate & Records,Medium,1,9,1,0,68
repeated delays causing impact on studies and daily routine,Certificate & Records,Medium,1,9,1,0,59
University delaying response despite submission of all requuired documents,Certificate & Records,Medium,1,9,1,0,74
college nt forwarding student applications to university causing delays,Certificate & Records,Medium,1,9,1,0,71
College ignoring emails and calls rregarding academic records pls help,Certificate & Records,Medium,1,10,1,0,70
migration certificate application not processed for long duration,Certificate & Records,Medium,1,8,1,0,65
Repeated follow-ups made but o resolution provided,Certificate & Records,Medium,1,7,1,0,50
university not accepting or processing applications through portal so frustrated,Certificate & Records,Medium,1,10,1,0,80
difficulty applying for original degree due to portl issues,Certificate & Records,Medium,1,9,1,0,59
School district unable to locate archived student records,Certificate & Records,Medium,1,8,1,0,57
Closed school records not provided despite request,Certificate & Records,Medium,1,7,1,0,50
Records transferred between schqols causing loss of information,Certificate & Records,Medium,1,8,1,0,63
Manual search of old records causng long dealys up to one year,Certificate & Records,Medium,1,12,1,0,62
No timelin provdied by institution for document verificatoin processs,Certificate & Records,Medium,1,9,1,0,69
Difficulty retrieving transcriptss from multiple institutions attended,Certificate & Records,Medium,1,7,1,0,70
Schools not cooperating in locating pat academic records...,Certificate & Records,Medium,1,8,1,0,59
Long delay in response from district office regarding record request,Certificate & Records,Medium,1,10,1,0,68
Provisional degree not received even after applyin gwith required documents for abroad jtudy,Certificate & Records,High,1,13,2,0,92
University not resposding prpoerly to World Education Serrvices verification requests,Certificate & Records,High,1,10,2,0,85
transfer certificaqe not issued even after submitting appliccation and proof documents,Certificate & Records,High,1,11,2,0,86
examination valuation process unfair as students fail initially and pass after revaluation,Certificate & Records,High,1,12,2,0,90
University forcing students to apply ffro revaluaion leading to extra financial burden,Certificate & Records,High,1,12,2,0,86
No proper academic support and focsu only on marks instead of practiccal knoeledge,Certificate & Records,High,1,13,2,0,82
Faculties lacking sbuject knowleddge and performing administrative work instead of taeching,Certificate & Records,High,1,11,2,0,91
No encouraggement for extracurriclar and practical learning cativities,Certificate & Records,High,1,8,2,0,70
Students receive ceritficate but lack atual knowledge after graudation,Certificate & Records,High,1,9,2,0,70
Marksheeets isseud without official registrar signtaure making them invalid,Certificate & Records,High,1,9,2,0,75
Affiliation letter not issued to alumni even after 3 months fo appplication,Certificate & Records,High,1,12,2,0,75
Original degree certkficate not issued even after long delay from university so frustrated,Certificate & Records,High,1,13,2,0,90
Degree certificate not delivered even after completing course years ago,Certificate & Records,High,1,10,2,0,71
pg certifictae not received even after one year of wafting,Certificate & Records,High,1,10,2,0,58
Secondary verificaiton pending for more than 6 months causing delay in abroad application,Certificate & Records,High,1,13,2,0,89
Academic records withheyd despite multiple requests from student,Certificate & Records,High,1,8,2,0,64
University grievance system not taking action no sjbmitted complaints,Certificate & Records,High,1,9,2,0,69
Final year completed but degree certificate nox received,Certificate & Records,High,1,8,2,0,56
Semester mark sheet snot issuedd by college,Certificate & Records,High,1,7,2,0,43
college failed to send atkt marks to university,Certificate & Records,High,1,8,2,0,47
College failed tw submit ATKT applicatino to university...,Certificate & Records,High,1,8,2,0,58
Requirement of bonafide certificate with seal and stamp not fulfilled,Certificate & Records,High,1,10,2,0,69
Delay in issuing required certificate affecting SSB reporting,Certificate & Records,High,1,8,2,0,61
certificate not issued due to alleged pending fees despite completon proof,Certificate & Records,High,1,11,2,0,74
Mismatch in tuition fee records delayhng certificate issuance,Certificate & Records,High,1,8,2,0,61
Employment opportuniites affected due to missing required certificate,Certificate & Records,High,1,8,2,0,69
Not sure how to obtain migraion certificate applicaton updates,Certificate & Records,Low,1,9,0,0,62
Unclear process for getting academic document verification done,Certificate & Records,Low,1,8,0,0,63
Duobt about whether university accepts delayed ubmissions,Certificate & Records,Low,1,7,0,0,57
lack of clear instructions for applying certifcatms online,Certificate & Records,Low,1,8,0,0,58
No guidance proivded fro document submission procedures,Certificate & Records,Low,1,7,0,0,55
Uncertainty in required documents for certificate aplication,Certificate & Records,Low,1,7,0,0,60
Confusion regurding verification process fod external agencies,Certificate & Records,Low,1,7,0,0,62
No clear communication on status updaates from university portal,Certificate & Records,Low,1,9,0,0,64
difficulty understanding certificate application requirements,Certificate & Records,Low,1,5,0,0,61
no proper helpdesk support for resolving minor student querise,Certificate & Records,Low,1,9,0,0,62
Uncleear whom to contact for certificate-related issues,Certificate & Records,Low,1,7,0,0,55
Lack of transparency in document processing workflow,Certificate & Records,Low,1,7,0,0,52
Students unaware of expected timelines for certificate issuane,Certificate & Records,Low,1,8,0,0,62
No prper notification system for application progress,Certificate & Records,Low,1,7,0,0,53
Confusion in undersoanding different types of certifiactes,Certificate & Records,Low,1,7,0,0,58
Unclear difference between provisional and original certificates,Certificate & Records,Low,1,7,0,0,64
No clarity on revaluation procedure and its necessity so frustrated,Certificate & Records,Low,1,10,0,0,67
students unaware oof correct application channesl,Certificate & Records,Low,1,6,0,0,49
Lack of FAQ or guidance resources fo students,Certificate & Records,Low,1,8,0,0,45
Difficulty navigatdng university portal for basic services idk what to do,Certificate & Records,Low,1,11,0,0,73
No proper instructions for uploadng rqeuired documents,Certificate & Records,Low,1,7,0,0,54
Uncertainty in document format requirements pls help,Certificate & Records,Low,1,7,0,0,52
Students not informed about application errors clearli,Certificate & Records,Low,1,7,0,0,54
No butomated acknowledgment after submiitting applications,Certificate & Records,Low,1,6,0,0,58
lack of clarity in university communication emails,Certificate & Records,Low,1,7,0,0,50
Confusion regarding fee payent steps for certificate requests,Certificate & Records,Low,1,8,0,0,61
Students unsure whether applications are successfully submitted,Certificate & Records,Low,1,7,0,0,63
no written acknowwledgent provvided after submitting original documents,Certificate & Records,Low,1,8,0,0,71
no clear timeline given for return of original certificates,Certificate & Records,Low,1,9,0,0,59
Uncertainty about legality of document retention by college,Certificate & Records,Low,1,8,0,0,59
Confusion about UGC guidelines regarding original documents,Certificate & Records,Low,1,7,0,0,59
Lack of awareness about comlpaint channels like AICTE/UGC,Certificate & Records,Low,1,8,0,0,57
student unsure whether to approach principal or higher authorities,Certificate & Records,Low,1,9,0,0,66
No clarity on procses to retrieve documents withojt conflict,Certificate & Records,Low,1,9,0,0,60
Lack of official commuicaion from college regarding documeent policy,Certificate & Records,Low,1,9,0,0,68
Students unsure aboutt rights related to certifictae retention,Certificate & Records,Low,1,8,0,0,62
Conrusion about whether duplicate certificate sare acceptable alternatives,Certificate & Records,Low,1,8,0,0,74
College ocllecting multiple original documents during admission without proper documentation so frustrated,Certificate & Records,Medium,1,12,1,0,106
College asking students to “borrow” ttheir own original documents temporarily,Certificate & Records,Medium,1,10,1,0,77
requirement to return origiinal documents back to college after borrowing,Certificate & Records,Medium,1,10,1,0,73
Dely in returning documents after verification process,Certificate & Records,Medium,1,7,1,0,54
students forcd to depend on college for access to their own ceritficates so frustrated,Certificate & Records,Medium,1,14,1,0,86
institutions not providing proper justification for holding documents,Certificate & Records,Medium,1,8,1,0,69
Studentts facing difficulty in using documents for other admissions/applications,Certificate & Records,Medium,1,9,1,0,80
Multiple approvals/signatures required to retrieve original documents,Certificate & Records,Medium,1,7,1,0,69
administrative delays nd back-and-forth with college authorities,Certificate & Records,Medium,1,7,1,0,64
Studens needing to repeatedly visit college to request documents,Certificate & Records,Medium,1,9,1,0,64
College qsking for unnecessary documentation beyond requirement,Certificate & Records,Medium,1,7,1,0,63
Lack of proper escalation mechanism within institution,Certificate & Records,Medium,1,7,1,0,54
"College retaining origianl 10th, 12th markheets and certificates indefinitely",Certificate & Records,High,1,9,2,0,77
Original documenst withheld unless fulll course fee is paid idk what to do,Certificate & Records,High,1,13,2,0,74
College demanding money/fine (₹5000 or full course fee) to return certificates,Certificate & Records,High,1,11,2,0,78
Students unable to leave colcege due to document retention,Certificate & Records,High,1,9,2,0,58
forced signing of agreement/bond to retain documents until course completion pls help,Certificate & Records,High,1,12,2,0,85
College refusing to return documents after student discontinues course,Certificate & Records,High,1,9,2,0,70
Original certificates withheld affecting ability to jin another institution,Certificate & Records,High,1,9,2,0,75
Students unable to pursue second degree due to lack of original documents,Certificate & Records,High,1,12,2,0,73
Institution enforcing illegal retention policies against UGC/AICTE rules,Certificate & Records,High,1,8,2,0,72
students forced to consider false fir or duplicate certificate workaround,Certificate & Records,High,1,10,2,0,73
loss of academic mobiility due to document retention,Certificate & Records,High,1,8,2,0,52
Sutdents pressured financially to recover their own certificates,Certificate & Records,High,1,8,2,0,64
colleges using certificates as leverage to enforrce continuation or payment,Certificate & Records,High,1,10,2,0,75
Delay n returning documents even after filing complaints to authorities,Certificate & Records,High,1,10,2,0,71
tSudents forced to escalate to High Court for document recovery,Certificate & Records,High,1,10,2,0,63
Invtitution ignorinng grievances filed with VTTU/AICTE/CPGRAMS,Certificate & Records,High,1,6,2,0,62
Retention of documents despite official circulars pfohibiting it,Certificate & Records,High,1,8,2,0,64
Students unable to use certificates for job/education due to being withheld,Certificate & Records,High,1,11,2,0,75
Stdent unsure about costt invogved in legal action to recover documents,Certificate & Records,Low,1,11,0,0,71
Lack of knouledeg about RTI/leggal aid options for document recoverry,Certificate & Records,Low,1,10,0,0,69
Cofusion about response time of grievance portals like CPGRAMS,Certificate & Records,Low,1,9,0,0,62
uncertainty about whether police complaint is appropriate soluion,Certificate & Records,Low,1,8,0,0,65
students unsuer aobut consequences of filingg fir for document issues,Certificate & Records,Low,1,10,0,0,69
Douba reegarding validity of duplicate certificates mentioning “duplicate”,Certificate & Records,Low,1,8,0,0,74
Lack of clarity on whether originals are required for international travel/work,Certificate & Records,Low,1,11,0,0,79
Students unaware of official court procedures for grievance resolutioon,Certificate & Records,Low,1,9,0,0,71
Delay in response from grievanc portals after filing complaints,Certificate & Records,Medium,1,9,1,0,63
need to wait 30 days for response from cpgrams without interim support,Certificate & Records,Medium,1,12,1,0,70
Students relying on internal staff (HOD/principal) for resolution instead of system,Certificate & Records,Medium,1,11,1,0,83
multiple rounds of communication required between departments for document return,Certificate & Records,Medium,1,10,1,0,81
"Students needing extenal references (court orders, circulars) to justify requets",Certificate & Records,Medium,1,10,1,0,80
College requiring involvement of parents for document-rleated requests,Certificate & Records,Medium,1,8,1,0,70
Students facing administrative hurddles like multiple signatures ffor ddocument release idk what to do,Certificate & Records,Medium,1,14,1,0,102
Dependence on individual staff cooperation for resolving issues...,Certificate & Records,Medium,1,8,1,0,66
Students needing to escalate repeatedly to qet attention from management,Certificate & Records,Medium,1,10,1,0,72
delay in action even after submitting official grievance letters,Certificate & Records,Medium,1,9,1,0,64
Studdenst force dto sign documents allowing college to retain certifiactes,Certificate & Records,High,1,10,2,0,74
Original certificates held as security to enszre course completion,Certificate & Records,High,1,9,2,0,66
institutions linking document return to payment of entire remaiining course fees rly urgent,Certificate & Records,High,1,13,2,0,91
Students unable to withdraww admission due to withheld documents pls help,Certificate & Records,High,1,11,2,0,73
Students financilly exploited through forced fee payment for doument release,Certificate & Records,High,1,10,2,0,76
Colleges enforcing unofffcidl or illegal policies regarding certificate retention,Certificate & Records,High,1,9,2,0,81
Students losing academic year due to inability to acecss original documents,Certificate & Records,High,1,11,2,0,75
Students unable to transfer to another cllege because documents are held,Certificate & Records,High,1,11,2,0,72
Institutions ignoring official circulars and continuing illegal practices,Certificate & Records,High,1,8,2,0,73
Students forced into legal batle (cohrt intervention) to retrieve own documents,Certificate & Records,High,1,11,2,0,79
Grievance resolution only effective aftre escalation to authorities or legal threats,Certificate & Records,High,1,11,2,0,84
Colleges eleasing documents only after external pressure from authorities rly urgent,Certificate & Records,High,1,11,2,0,84
Students facing mental stres sdue to uncertainty over documenv safety,Certificate & Records,High,1,10,2,0,69
Risk of losing original certificates due to long-term institutoinal retention,Certificate & Records,High,1,10,2,0,77
concern about existence of loth original and duplicate certificates causing confusioon,Certificate & Records,Low,1,11,0,0,86
Uncertainty whether duplicate certificate mentioning “duplicate” creates future issues,Certificate & Records,Low,1,9,0,0,86
doubt about validity of digital certificates from digilocker compared to originals,Certificate & Records,Low,1,11,0,0,82
cdnfusion about process of applying duplicate certmficates from different boards,Certificate & Records,Low,1,10,0,0,80
lack of clarity on whether fir is required for duplicate certificate issuance!!!!,Certificate & Records,Low,1,12,0,0,81
Studetns unsure if school or board should be approached for duplicate documents,Certificate & Records,Low,1,12,0,0,79
Uncertainty abouk time required to receive duplicate certieicates,Certificate & Records,Low,1,8,0,0,65
Confcsion regarding document requirements like roll number and passing year for retrieval,Certificate & Records,Low,1,12,0,0,89
delay of several months in receiving duplicate certificates from boards,Certificate & Records,Medium,1,10,1,0,71
Students needing to approach old schools to initiate duplicate certificate process,Certificate & Records,Medium,1,11,1,0,82
Dependence kn digital platforms like DigiLocker due to lack of original documents,Certificate & Records,Medium,1,12,1,0,81
students needing urgent certificates but facing procedural delays,Certificate & Records,Medium,1,8,1,0,65
Administrative dependency on correct Aadhaar and certificate detail smatching,Certificate & Records,Medium,1,9,1,0,77
Students required to verify documents through multiple sources...,Certificate & Records,Medium,1,8,1,0,65
Difficulty accessing ufll certificate details through mobile platforms,Certificate & Records,Medium,1,8,1,0,70
Need to rely on alternatie formats (PDF/digitaal) instead of physical originals,Certificate & Records,Medium,1,11,1,0,79
Students facign delays while waiting for verification from boards/univerities,Certificate & Records,Medium,1,9,1,0,77
Students uncertain about acceptance or digital certificates by institutions,Certificate & Records,Medium,1,9,1,0,75
College not returning 10th cerrificate after student dropped out dug to financial constraints,Certificate & Records,High,1,13,2,0,93
"College deemanding payment of reaining course fee (₹50,000+) to retur certificate",Certificate & Records,High,1,11,2,0,81
original documents withheld forcing students to consider duplicate workaround,Certificate & Records,High,1,9,2,0,77
College holding certificates as leverage despite student discontinuation,Certificate & Records,High,1,8,2,0,72
Sttudnet unable to recser original certificcafe after leaving course,Certificate & Records,High,1,9,2,0,68
College imposing “cancellation fee” to retlrn original marks card,Certificate & Records,High,1,9,2,0,65
"demand of ₹10,000 fee to release certifiacte despite partial fee payment already made",Certificate & Records,High,1,13,2,0,85
"pending cuitiox fee (₹85,000) used to block relase of original documents rly urgent",Certificate & Records,High,1,13,2,0,83
Students forced to pay money just to etrieve their own academi crecords,Certificate & Records,High,1,12,2,0,71
Original ceptificates not returned even after years (2015 case),Certificate & Records,High,1,9,2,0,63
Students unable to access original documents urgently when required,Certificate & Records,High,1,9,2,0,67
Colleges linking document return to financia lsettlement,Certificate & Records,High,1,7,2,0,56
Students forced to depend on digiital/duplicate copies due to withheld originals,Certificate & Records,High,1,11,2,0,80
Institutions indirectly forcing financial compliance thhrough document retention,Certificate & Records,High,1,8,2,0,80
Sudents fcaing urgency but blocked by administartve/financial barriers...,Certificate & Records,High,1,8,2,0,73
Unfai evaluation where marks increased significantly after revaluation request,Certificate & Records,High,1,9,2,0,78
Evaluator failing student initially and increasing marrks without transparency,Certificate & Records,High,1,9,2,0,78
Studnet denied access to corrected answer sheet despite request,Certificate & Records,High,1,9,2,0,63
university not responding to emails regarding answer sheet mopies,Certificate & Records,High,1,9,2,0,65
Lack of twanspareny in evaluation and result declaration process,Certificate & Records,High,1,9,2,0,64
student nable to verify marks due to withhle danswer shlet,Certificate & Records,High,1,10,2,0,58
Delay in response from examination department after repeated emails,Certificate & Records,High,1,9,2,0,67
Student forced to encalate complaint to UGC for re-ehaluation,Certificate & Records,High,1,9,2,0,61
institution not providyng proof of evaluation despit student request,Certificate & Records,High,1,9,2,0,68
student unsure whether digial certificate scan fully replace physical originals in long term,Certificate & Records,Low,1,13,0,0,92
confusion about whether to report ocllege before or after applying for duplicate certificate,Certificate & Records,Low,1,13,0,0,92
Uncertainty about risks involved in stating documents as “lost” so frustrated,Certificate & Records,Low,1,11,0,0,77
lack of clarity on whether duplicate certificate process differs across boards,Certificate & Records,Low,1,11,0,0,78
Doubt about whether institutions wdll question absennce of original certificate later,Certificate & Records,Low,1,11,0,0,85
stuents adviued to falsely claim documents as lost to obtain duplicates,Certificate & Records,Medium,1,11,1,0,71
Need to wait several months to regeive replacement certificates from boards,Certificate & Records,Medium,1,11,1,0,75
Students relying on nofficial advice instead of formal grievance channels,Certificate & Records,Medium,1,10,1,0,73
students unsure whether to prioritize complaidt or workaround solution,Certificate & Records,Medium,1,9,1,0,70
eDlay in decpsion-making due to alck of clera institutional guidance,Certificate & Records,Medium,1,10,1,0,68
Students needing urgent documents but forced to consxder alternate methods,Certificate & Records,Medium,1,10,1,0,74
Dependence on board-level processes instead of institutional resolution pls help,Certificate & Records,Medium,1,10,1,0,80
students hesitant to escalate issue due to fear of complicagions,Certificate & Records,Medium,1,10,1,0,64
college withholding 10th certificxte after student discontinued due to financial issues,Certificate & Records,High,1,11,2,0,87
Colllege demanding full remainin course fee despite student leaving course early,Certificate & Records,High,1,11,2,0,80
"Student unable to retrieve certificate due to inability to pay ₹50,000",Certificate & Records,High,1,11,2,0,70
Institution retaining original document without legal justification pls help,Certificate & Records,High,1,9,2,0,76
students forced to abandon recovery and rely on duplicate certificates,Certificate & Records,High,1,10,2,0,70
College usnig cnrtificate retention as pressure for financial recovery idk what to do,Certificate & Records,High,1,13,2,0,85
SStudent unable to access original academic record after dropout pls help,Certificate & Records,High,1,11,2,0,73
College nof responding or resolving issue despite student request pls help,Certificate & Records,High,1,11,2,0,74
students forced into workaround solutions due to institutional non-compliance,Certificate & Records,High,1,9,2,0,77
Student unable to use original certificate for future education/employemnt,Certificate & Records,High,1,9,2,0,74
Uncertainty about how background verification (BGV) atcually checks certificates,Certificate & Records,Low,1,9,0,0,80
Lack of clarity on which companies xerform strict vs lenient verification,Certificate & Records,Low,1,11,0,0,73
Confusion about whether contract experience avoids PF verification checks,Certificate & Records,Low,1,9,0,0,73
doubt about how long fake experience can go unnoticed,Certificate & Records,Low,1,9,0,0,53
Unclear underrstanding of how erification agencies validate documents,Certificate & Records,Low,1,8,0,0,69
Candidates eing advised to avoid large compannies due to strict verification,Certificate & Records,Medium,1,11,1,0,76
Dependence on coaching centers for fake experience and job placement,Certificate & Records,Medium,1,10,1,0,68
andidates relying on others to attend interviews on their behalf,Certificate & Records,Medium,1,10,1,0,64
outsourcing of assigned job tasks to tird parties due to lack of real skills,Certificate & Records,Medium,1,14,1,0,76
"Candidats avoiding communication (e.g., speaking in meetings) to hide lack of knowlledpe",Certificate & Records,Medium,1,12,1,0,88
companies incerasing verification strictness due to rising fake certificate cases,Certificate & Records,Medium,1,10,1,0,81
Recruiters marking candidates as fraudulent in job portals...,Certificate & Records,Medium,1,8,1,0,61
Candidates unable to switch jobs easily due to verification risks,Certificate & Records,Medium,1,10,1,0,65
Employeees needing to staay in low-visibility roles to avoid sscrutiny,Certificate & Records,Medium,1,10,1,0,70
Candidates blackliste by compauies after beinng caught usind fake documents,Certificate & Records,High,1,10,2,0,75
Fake certificate usage laeding to permanent career damage,Certificate & Records,High,1,8,2,0,57
Candidates losing job opportuhities despite clearing interviews du to fake history,Certificate & Records,High,1,11,2,0,82
Entire groups of candidates flagged due to association with blacklisted companies,Certificate & Records,High,1,11,2,0,81
Canddates exposed during cliezt-side or third-party verification checks,Certificate & Records,High,1,8,2,0,71
Outsourced work and prox yinterviews leading to jib termination,Certificate & Records,High,1,9,2,0,63
Candidates unable to progresss capeer due to fraudulent entry-level experience,Certificate & Records,High,1,10,2,0,78
Institutions/agents creating large-scale fake certificatg networks,Certificate & Records,High,1,6,2,0,66
companise implementing stricter hiring polcies affecting genuine candidates,Certificate & Records,High,1,8,2,0,75
fake certificate scandals causing reputational damage to regions/groups,Certificate & Records,High,1,8,2,0,71
Risk of suddhn job loss even after long-term employment due to vverification,Certificate & Records,High,1,12,2,0,76
Candidates losing credibipity permanently in professional networks,Certificate & Records,High,1,7,2,0,66
qr code on degree present but lackinr proper verification linkage or tranzparency,Certificate & Records,Low,1,12,0,0,81
ehucational consultancy acting as intermediary for issuing quuestioable academic records rly urgent,Certificate & Records,Low,1,12,0,0,99
jack of clarity whether fraud is internal to university or due to external agents misusing system,Certificate & Records,Low,1,16,0,0,97
Possible institutional negligence in verifying legitimacy of enrollments and issued degrees,Certificate & Records,Low,1,11,0,0,91
Absence of prroper verification mechanism for issued certificates despite digital indicators!!!!,Certificate & Records,Low,1,11,0,0,96
students misled into believing legitimacy due to payments made to officiial accounts,Certificate & Records,Low,1,12,0,0,84
Failure of university t provide cleur verification process for authenticity of issued documents idk what to do,Certificate & Records,Low,1,17,0,0,110
Lack of audit or oversight in admissions and certification processes,Certificate & Records,Low,1,10,0,0,68
No transparency from university regarding how such enrollments are processed,Certificate & Records,Low,1,10,0,0,76
delayed or absent esponse from universyty when discrepancies are identified,Certificate & Records,Low,1,10,0,0,75
Exposure of fraud due to digital traceability and online activity linking ixenity,Certificate & Records,Low,1,12,0,0,81
Faiure to maintain afonymity leading to detection of fraudulent academic claims,Certificate & Records,Low,1,11,0,0,79
"instittions alerted externally (e.g., modertors/third parties) instead of internal detection ssytems",Certificate & Records,Low,1,11,0,0,100
Ease of generating fake income certificates for non-government-employed families,Certificate & Records,Low,1,9,0,0,80
Lack of strict verfication for socio-economic documents durinng admissions,Certificate & Records,Low,1,9,0,0,74
Colleges failgng to detect forged or duplicate document submssions due to volume!!!!,Certificate & Records,Low,1,12,0,0,84
Employer sencounterng highh volume of fake acaademic certificates during hiring,Certificate & Records,Low,1,10,0,0,79
reliance on third-party verification agencies to detect document fraud,Certificate & Records,Low,1,9,0,0,70
Organizations enhancing verification procezses due to rising fraud cases,Certificate & Records,Low,1,9,0,0,72
enrollment number appearing valid in university portal deespite degree being academically illegitimate,Certificate & Records,Medium,1,12,1,0,102
Degree certificcates issued missing essential details like graduation year and issue date,Certificate & Records,Medium,1,12,1,0,89
Payments collected under official universrty account for fraudulent or irregluar academic services,Certificate & Records,Medium,1,12,1,0,98
Third-party agwnts offering “no attendance” degrees under the name of recognized universities,Certificate & Records,Medium,1,12,1,0,93
University failing to prevent misuse of its official payment channels for illegitimate admissions,Certificate & Records,Medium,1,13,1,0,97
stdents receiivng complete academic document sets without exums or coursework,Certificate & Records,Medium,1,10,1,0,77
Use of university branding and seals on documents that do not meet academic standards,Certificate & Records,Medium,1,14,1,0,85
Students unknowingly becoming part of fraudulent degee mcheems,Certificate & Records,Medium,1,8,1,0,62
Certificates issued without trcaeable academic history or records of evalation so frustrated,Certificate & Records,Medium,1,12,1,0,92
Inadequate safeguards against misuse of institutional identity fqr issuing fake credentials,Certificate & Records,Medium,1,11,1,0,91
students unable to prove authenticity of their edgree desptie having official-looking documents,Certificate & Records,Medium,1,12,1,0,95
Use of fake or manipulatd documentation to obtain international admissions or scholarships,Certificate & Records,Medium,1,12,1,0,90
Manipulation of financial documents to secure scholarships or admissions,Certificate & Records,Medium,1,9,1,0,72
Students engaging in academic fraud to gain entry into foreign universities,Certificate & Records,Medium,1,11,1,0,75
reputationla damage to genuine students due to widespread documena fraud,Certificate & Records,Medium,1,10,1,0,72
Increased scrutiny and stricter verification for applicants from certain regions,Certificate & Records,Medium,1,10,1,0,80
Misuse of reservation or quota systems through fake income certificates,Certificate & Records,Medium,1,10,1,0,71
Studentss falsely declaring low income to obtain financial aid or scholarships,Certificate & Records,Medium,1,11,1,0,78
Students benefiting unfairly from govenrment schemes using forged documents so frustrated,Certificate & Records,Medium,1,11,1,0,89
Students attemppting to bypass document submission by submitting fake or altered copies,Certificate & Records,Medium,1,12,1,0,87
Growing normalizationn of document fraud in both academic and professional environments!!!!,Certificate & Records,Medium,1,11,1,0,91
Background verificatikn processes identifying large prcentage of forgev crydentials,Certificate & Records,Medium,1,9,1,0,83
Companiess delaying action on fake certificates to use as leverage later,Certificate & Records,Medium,1,11,1,0,72
Students unabl to switch jobs due to inconssitencies in academic records rly urgent,Certificate & Records,Medium,1,13,1,0,83
fake certificates affecting long-termm career growth and credibility idk what to do,Certificate & Records,Medium,1,12,1,0,83
University-issued degree obtained wthout attending classes or completing academic requiremetns despite full payment to ofzicial account,Certificate & Records,High,1,16,2,0,135
Issuance of transcripts and convocation certificates without actual course completion,Certificate & Records,High,1,10,2,0,85
Potential collusion between agents and itnernal administrative systems,Certificate & Records,High,1,8,2,0,70
Risk of degree invalidation during backgroud verification due to missing academic records idk what to do,Certificate & Records,High,1,16,2,0,104
sbumission of falsified certificate such as fke death certificates for eligibility beenfits rly urgent,Certificate & Records,High,1,14,2,0,102
College mandating submission of original documents through coercive forms or policies,Certificate & Records,High,1,11,2,0,85
students being forced to sign declarations restricting rigst related to doucments,Certificate & Records,High,1,11,2,0,81
Threat of admission canellation used to enforce submission of origcnal ertificates rly urgent,Certificate & Records,High,1,13,2,0,93
use f institutional forms to impose questionable or illegal documentation requirements,Certificate & Records,High,1,11,2,0,86
empployees terminated after long periods due to discovery of fake academic records,Certificate & Records,High,1,12,2,0,82
Use of forged degeres to gain employment without meeting eligibitity criteria,Certificate & Records,High,1,11,2,0,77
Legal risks includnig fraud and forgery charges associated with fake certificates,Certificate & Records,High,1,11,2,0,81
Degree mills offering backdated or accelerated degrees for money,Certificate & Records,High,1,9,2,0,64
Institutions beinng blacklisted after exposure of fraudulent certificatiion practices,Certificate & Records,High,1,9,2,0,85
Students returningg tt square one after degrees from suchh insttiutions are invalidated,Certificate & Records,High,1,12,2,0,87
Employers rejecting candidates with unverifiable or suspicious academic credentials,Certificate & Records,High,1,9,2,0,83
qr code on the degree could not be verified through anm official wfbsite,Certificate & Records,Low,1,13,0,0,72
degree certificate did not metnion year of graduation,Certificate & Records,Low,1,8,0,0,53
Degree certificate hid not havp issue date printed,Certificate & Records,Low,1,8,0,0,50
No clear online verification system for checking authenticity of certificate,Certificate & Records,Low,1,10,0,0,76
University portal showed enrollment valid but no acadmic records available,Certificate & Records,Low,1,10,0,0,74
No response from university when asked for certiificate verification,Certificate & Records,Low,1,9,0,0,68
no transparency no how ennrollment was processed,Certificate & Records,Low,1,7,0,0,48
Student unable to access full academic history despite having nrollment number,Certificate & Records,Low,1,11,0,0,78
Documents louked official but coukd not be independently verified,Certificate & Records,Low,1,9,0,0,65
Unversity did not provide any official method to validate certificates,Certificate & Records,Low,1,10,0,0,70
Delay in response rfom university regarding document authenticity!!!!,Certificate & Records,Low,1,8,0,0,69
lack of clarity on whether documents were genuieely issued or not...,Certificate & Records,Low,1,11,0,0,68
No audit trail available for admission or certification process,Certificate & Records,Low,1,9,0,0,63
Student unsure if documents are legitiamte despite official appearance,Certificate & Records,Low,1,9,0,0,70
niversity didd not clarify discrepancies in issued certificates,Certificate & Records,Low,1,8,0,0,63
difficulty in confirming authenticityy of qr code on certificate,Certificate & Records,Low,1,9,0,0,64
no prpper dovumentatio of exams or coursework linked to certificate,Certificate & Records,Low,1,10,0,0,67
o record of internal assessment or evaluation available,Certificate & Records,Low,1,8,0,0,55
student unable to confirm transcript validity through official chnnels,Certificate & Records,Low,1,9,0,0,70
university did not provide supporting documents for issued degree,Certificate & Records,Low,1,9,0,0,65
Confusion due to mismatch between portal data and phsical certificates...,Certificate & Records,Low,1,10,0,0,73
No clear communication from university regadring certification process...,Certificate & Records,Low,1,8,0,0,73
student unable to verify convocation certificate authenticity,Certificate & Records,Low,1,7,0,0,61
Lack of proper seal verification mechanism,Certificate & Records,Low,1,6,0,0,42
No digital record of marks or grades available,Certificate & Records,Low,1,8,0,0,46
University did not respond to repeated queries about records,Certificate & Records,Low,1,9,0,0,60
unclear whether admission was processed through official procedures...,Certificate & Records,Low,1,8,0,0,70
No confirmation provided fo rdocumennt legitimacy by university authorities,Certificate & Records,Low,1,9,0,0,75
student unable to get written acknowledgment regarding certifiacte validity,Certificate & Records,Low,1,9,0,0,75
Verificaation requests to university remained unanswered,Certificate & Records,Low,1,6,0,0,56
enrollment number was valid in the unviersity portal but no catual academic activity was recorded,Certificate & Records,Medium,1,15,1,0,97
degree issued without attending any classes or academic sessions,Certificate & Records,Medium,1,9,1,0,64
Marksheets and transcripts provided without any exams being conducted,Certificate & Records,Medium,1,9,1,0,69
admission processed through third-party agent without direc university interaction,Certificate & Records,Medium,1,9,1,0,82
Fees paid to official university account but degree proces was irregular,Certificate & Records,Medium,1,11,1,0,72
university branding nad seals present on documents that lacked academic backinng,Certificate & Records,Medium,1,11,1,0,80
student received full document set without completing coursework,Certificate & Records,Medium,1,8,1,0,64
no requirement of attendnace for obtaining degree,Certificate & Records,Medium,1,7,1,0,49
Tanscript issued without internal or external assessment records!!!!,Certificate & Records,Medium,1,8,1,0,68
convocation certificate provided despite nb parricipation in academic program,Certificate & Records,Medium,1,9,1,0,77
Universty accepted fees but did nto ensure proper enrollment process,Certificate & Records,Medium,1,10,1,0,68
Student records existed in system but lacked supporting academic details rly urgent,Certificate & Records,Medium,1,12,1,0,83
Degree obtained through consultancy claiming university affiliation,Certificate & Records,Medium,1,7,1,0,67
Documetns appeared official but did not match standard academic procdeures,Certificate & Records,Medium,1,10,1,0,74
University did not clariy role of agent ivolved in admission,Certificate & Records,Medium,1,10,1,0,60
academc records issued without proof of evluation process!!!!,Certificate & Records,Medium,1,8,1,0,61
student unable to justify degree during background verification,Certificate & Records,Medium,1,8,1,0,63
No proper linkaeg between enrollment data and issued certificates,Certificate & Records,Medium,1,9,1,0,65
Use of university systtem to generate records without academic validation,Certificate & Records,Medium,1,10,1,0,73
Certificates issued through process not aligned with onrmal univeerhity regulations,Certificate & Records,Medium,1,10,1,0,83
students submitting medical certifiicates as simple editable pdfs where dates and names can be easil changed,Certificate & Records,Low,1,16,0,0,108
medical certificates lacking verification links despite being submitted for official academic purposes,Certificate & Records,Low,1,12,0,0,102
faculty receiving suspicious doctor’s notes but unsure if they are allowed to verify them rly urgent,Certificate & Records,Low,1,16,0,0,100
students accidentally submitting blank signed medical certifiacte shets along with assignents idk what to do,Certificate & Records,Low,1,15,0,0,108
medical notes with low-resolution cliinic logos copied from websites,Certificate & Records,Low,1,9,0,0,68
inconsiistent font styles and handwriting in medcal certificates indciaitng edits,Certificate & Records,Low,1,10,0,0,81
ctudents using basic templates to generate doctor’s notes from scratch pls help,Certificate & Records,Low,1,12,0,0,79
medical certificates missing doctor’s signature or proper identification details so frustrated,Certificate & Records,Low,1,11,0,0,94
documents usinn non-dlinical language like “flu” instead of formal meedical terminology,Certificate & Records,Low,1,11,0,0,87
studnts submitting notes with incorrect or mismatcced cliic information,Certificate & Records,Low,1,9,0,0,71
medical cerrtificaates contaiining spelling mistakes and formatting inconyistencies,Certificate & Records,Low,1,8,0,0,83
students submittng uDFs that appear digitally altered without much efort,Certificate & Records,Low,1,10,0,0,72
lack of standajd ofrmat across medical certificates causing confusion in validatiow,Certificate & Records,Low,1,11,0,0,83
faculty noticing visual inconsiseoncies but lacging tools or timl to investigate...,Certificate & Records,Low,1,11,0,0,83
students relying on eaily available online templates for medical documentation,Certificate & Records,Low,1,10,0,0,78
nnotes lacking provider licensse numbers or verifiable credentials,Certificate & Records,Low,1,8,0,0,66
difficulty distinguishin gbetween genuine cow-quality documexts and fake ones idk what to do,Certificate & Records,Low,1,13,0,0,92
students submitting documents from clinics thaat have already shut down,Certificate & Records,Low,1,10,0,0,71
medical notes including outdated or rrelevant healthhcare information,Certificate & Records,Low,1,8,0,0,69
faculuy ignoring suspicious documents due to woorklooad ro lagk of responsibility,Certificate & Records,Low,1,11,0,0,81
students forging entire medical certificates including fake docto rnamse and clinic ddetails,Certificate & Records,Medium,1,12,1,0,92
submission of medical notes with fake or disconnected phone numbres for verification,Certificate & Records,Medium,1,12,1,0,84
institutions lacking clear policies on verifying authenticity of submitted medical documents,Certificate & Records,Medium,1,11,1,0,92
faculyt detecitng falsified documents but facing uncertainty due to privacy llaws like HIPAAA,Certificate & Records,Medium,1,13,1,0,93
studdents manipulating attendance or assessment extensions using fake medical evidence,Certificate & Records,Medium,1,10,1,0,86
students copying clinic branding but failing to replicae authentic document structure,Certificate & Records,Medium,1,11,1,0,85
submisison of medical docuents with mismatched geographic oor pprovider detalis,Certificate & Records,Medium,1,10,1,0,79
academic integrity violapions involving falsified health records not being strictly punished rly urgent,Certificate & Records,Medium,1,13,1,0,103
stduents confessing to fabricating medical ddocuments after being confronted,Certificate & Records,Medium,1,9,1,0,76
institutions placing burden of verification on faculty without proepr support systems,Certificate & Records,Medium,1,11,1,0,85
students repeatedly using fake medical notes without being previously detected,Certificate & Records,Medium,1,10,1,0,78
lack of centralized verification systems for medical or supporting documents,Certificate & Records,Medium,1,10,1,0,76
students exploiting absence of strict validation to gain unfair academic advantage,Certificate & Records,Medium,1,11,1,0,82
fake COVID test reports submitte dto avoid exams or attendance requirements idk what to do,Certificate & Records,Medium,1,15,1,0,90
documents howing inconsistencies in provider identity and location,Certificate & Records,Medium,1,8,1,0,66
students dropping out to avoid disciplinary action after being caught with fake certificates,Certificate & Records,Medium,1,13,1,0,92
faculty relying on manual verifictaion methods like calling clinics,Certificate & Records,Medium,1,9,1,0,67
cases where fake documents go unnoticed for lon periods before detection,Certificate & Records,Medium,1,11,1,0,72
inconsistent enforcement of penalties for submitting falsified certlficates,Certificate & Records,Medium,1,8,1,0,75
students being suspended or expelled after submitting falsified medical certfiicates,Certificate & Records,High,1,10,2,0,84
use of completely fabricated medical documents involving non-existent doctors,Certificate & Records,High,1,9,2,0,77
ssytemic inability to legally verify authenticity of medical records due to privacy restritions,Certificate & Records,High,1,13,2,0,95
students repeatedly exploiting loopoles in document verification processes,Certificate & Records,High,1,8,2,0,74
serious academic misconduct involving forged healthcare documentaton,Certificate & Records,High,1,7,2,0,68
institutions failing to implement secure verification mechanisms for critical records,Certificate & Records,High,1,10,2,0,85
risk of graduatung students who rely on falsified doumentation for academic progression,Certificate & Records,High,1,12,2,0,87
students usng fraudulent documents across multiple courses without dettection,Certificate & Records,High,1,9,2,0,77
lack of legal clarity preventing strict action against document forgers,Certificate & Records,High,1,10,2,0,71
fake certificates undermining institutional crdibility and academic standards,Certificate & Records,High,1,8,2,0,77
sutxents engaging in delberate and repeated falsification of official records,Certificate & Records,High,1,10,2,0,77
inadequate disciplinary action failiing to deter futuer fraudulent behavior,Certificate & Records,High,1,9,2,0,75
widespread use of fake documentation affecting fairness in academicc evaluation,Certificate & Records,High,1,10,2,0,79
faculty frustration due to inability to enforce integrity deespite clear evidence,Certificate & Records,High,1,11,2,0,81
risk of long-tterm normalization of document fraud in academic environments!!!!,Certificate & Records,High,1,10,2,0,79
cases wherre forged documents influence major academic decisions like exams or graduation,Certificate & Records,High,1,12,2,0,89
students gaming the system due to weak enforcement of verification polictes rly urgent,Certificate & Records,High,1,13,2,0,86
institutional reputational damage due to unchecked certificate fraud idk what to do,Certificate & Records,High,1,12,2,0,83
lack of coordination between academic and administrative bodies in handling fraud cases,Certificate & Records,High,1,12,2,0,87
potential legal impliations of accepting forged medial documents without verification,Certificate & Records,High,1,10,2,0,85
students unsure about procedure to apply for duplicate degree certificate qfter losing original!!!!,Certificate & Records,Low,1,13,0,0,99
laack of clear guidance from colleges on how to reissue lost certificates,Certificate & Records,Low,1,12,0,0,73
students being redirected between college and university without proper help for certificate reissue,Certificate & Records,Low,1,13,0,0,100
delays in getting duplicate certificates after reporting looss so frustrated,Certificate & Records,Low,1,10,0,0,76
confusion about required documents for reissing lost academic certifiicates,Certificate & Records,Low,1,9,0,0,75
students not knowing whether to file police complaint for lost certificates,Certificate & Records,Low,1,11,0,0,75
ack of online trackingg syste mfor duplicate certificate requests,Certificate & Records,Low,1,9,0,0,65
difficulty in contacting university offices for certificate-related queries,Certificate & Records,Low,1,8,0,0,75
uncertainty about fees involved in reissuing lost certificates,Certificate & Records,Low,1,8,0,0,62
students facing administrative delays due to incomplete information about process,Certificate & Records,Low,1,10,0,0,81
lack of awareness about affidavat or FIR requirements for dupliacte certificates,Certificate & Records,Low,1,11,0,0,80
students depending on informal sources for information on certificate recovery so frustrated,Certificate & Records,Low,1,12,0,0,92
uncelar timelines for receiving reissued certificates,Certificate & Records,Low,1,6,0,0,53
inconsistent instructions given by college staff regarding lost certificates pls help,Certificate & Records,Low,1,11,0,0,85
lack of proper communication channels for certificate support,Certificate & Records,Low,1,8,0,0,61
original certificates being mislpaced yb employers during verification or attestation,Certificate & Records,Medium,1,10,1,0,85
students forced to run between multiple offices to retrieve or reissue lost documents,Certificate & Records,Medium,1,13,1,0,85
isntitutions not taking responsibiliy when third parties lose student certificates,Certificate & Records,Medium,1,10,1,0,82
requirement to file policf complaints and legal affidavits inncreasing burdden on students,Certificate & Records,Medium,1,12,1,0,90
studennts unale to proceed with higher studies or jobs due to missing cetificates,Certificate & Records,Medium,1,13,1,0,81
delayed response from universities when duplicate certificate requests are raised,Certificate & Records,Medium,1,10,1,0,81
risk of misuse of lost certificates if no properly reported or tracked,Certificate & Records,Medium,1,12,1,0,70
institutions lacking digittal backup access for issued certificates,Certificate & Records,Medium,1,8,1,0,67
students facing long waiting periods affectingg career opportunities,Certificate & Records,Medium,1,8,1,0,68
duplicate certificate process involving complex and tiime-consuming bureaucracy,Certificate & Records,Medium,1,8,1,0,79
colleges withholding original certificates unless full course fees are paid,Certificate & Records,High,1,10,2,0,75
students unable t oretrieve thheir own documents due to coercive finnacial demands,Certificate & Records,High,1,12,2,0,82
institutions using certificates as leverage to enforce payment or compliance so frustrated,Certificate & Records,High,1,12,2,0,90
ddenial of access to prsona lacademi creecords despite legal ownership by tsudents,Certificate & Records,High,1,12,2,0,82
students forced to drop out without access to original documents,Certificate & Records,High,1,10,2,0,64
lack of strict enforcement against institutionns illegally holding certificates,Certificate & Records,High,1,9,2,0,79
students facing career blockage due to iinability to access essential documents,Certificate & Records,High,1,11,2,0,79
legal intervection rwquired to recover original certificates from institutions!!!!,Certificate & Records,High,1,9,2,0,82
absence of grievance redressal mechanisms for certificate withhogding issues,Certificate & Records,High,1,9,2,0,76
Repeated bullying of a differently-abled student ignored by authorities ...,Discipline,High,2,10,2,0,75
Threatening messages sent by students in class group chats with no action taken so frustrated,Discipline,High,2,15,2,0,93
Senior students coercing others to join poliitical groups,Discipline,High,2,8,2,0,57
Takign photos of girl students without consent,Discipline,High,2,7,2,0,46
Eve teasing nera women's hostel/dcrmitory with no administrative control,Discipline,High,2,9,2,0,72
Casteist remarks made by faculty/staff in class,Discipline,High,2,7,2,0,47
students sending threatening/abusive emails to facult,Discipline,High,2,6,2,0,53
alcohol consumption inside hostel roomms despite prohibition,Discipline,High,2,7,2,0,60
"Cheating in exaams not punished (copying, mobile usage)",Discipline,High,2,8,2,0,55
fear of retaliation in grading when filing complaints,Discipline,High,2,8,2,0,53
Dicsrimination and harasmsent complaints dismissed by administration!!!!,Discipline,High,2,7,2,0,72
Professors revealing student grdds publicly (privacy violation),Discipline,Medium,2,7,1,0,63
selective disciplinary actioon against onlly a few students,Discipline,Medium,2,8,1,0,59
Unfair warnings given without proper reason,Discipline,Medium,2,6,1,0,43
No action taken despite repeated complaints eo staff/warden pls help,Discipline,Medium,2,10,1,0,68
disruptive students not controlled by faculty,Discipline,Medium,2,6,1,0,45
academic misconduct (copying) ignored by invigilators !!!!,Discipline,Medium,2,7,1,0,58
Administration prioritizing compxaints over discipline enforcement,Discipline,Medium,2,6,1,0,66
lack of transparency rn disciplinary investigations,Discipline,Medium,2,6,1,0,51
Students not held accountable; teachers blamed instead,Discipline,Medium,2,7,1,0,54
incomplete evidence used in gisciplinary proceedings,Discipline,Medium,2,6,1,0,52
Threateening messages sent in class group ciats with no action taken,Discipline,High,2,11,2,0,68
Senior student thueatening others for not joining a political group !!!!,Discipline,Low,2,11,0,0,72
Eve teasing near women’s hostel/dormitory with no action,Discipline,High,2,8,2,0,56
Casteist remark made by faculty/staff in class,Discipline,Medium,2,7,1,0,46
students sending abusive and threatening emails to faculty,Discipline,High,2,8,2,0,58
Alcohol consumption inside hostel rooms despite rules idk what to do,Discipline,Low,2,11,0,0,68
Student caught copying in examm but not rboprted by invigilator,Discipline,Low,2,10,0,0,63
Students openly using mobile phones during exams withotu action,Discipline,Low,2,9,0,0,63
professor publicly revealing student grades without consent,Discipline,Low,2,7,0,0,59
professor revealing grades of absent students,Discipline,Low,2,6,0,0,45
Faculty ddenying and refusing to apologize dfter exposing grades,Discipline,High,2,9,2,0,64
Unfair warning given without proper reason ...,Discipline,High,2,7,2,0,46
Disciplinary action taken enly against selected students,Discipline,High,2,7,2,0,56
No action taken despite complaints to HO/Dteacher/warden idk what to do,Discipline,High,2,11,2,0,71
Faculty ignoring repeated complaints about disruptive student,Discipline,High,2,7,2,0,61
student constaantly diruptting class wiht loud alking and derogatory comments,Discipline,High,2,10,2,0,77
fear of retaliation in grading after filing complait,Discipline,High,2,8,2,0,52
Incopmlete or ccropped evidencee used in disciplinary investigation,Discipline,High,2,8,2,0,67
Not informed of allegations before disciplinary meeting,Discipline,High,2,7,2,0,55
Studentts making oiue i corridors affecting classes,Discipline,High,2,7,2,0,51
students playing loud music late at night in hostel/dorm,Discipline,Medium,2,9,1,0,56
Students disrupting lectures by using phones and talking,Discipline,Medium,2,8,1,0,56
Students sending repeated follow-up elails demanding responses,Discipline,Medium,2,7,1,0,62
Students sending unclvar messages like “not working” without explanation,Discipline,Medium,2,9,1,0,72
Students esnding incomplete screenshots for academic help,Discipline,Medium,2,7,1,0,57
Students attending ozline sessions while driving,Discipline,Medium,2,6,1,0,48
Students not carrying ID cards wheen required,Discipline,Medium,2,7,1,0,45
studrnts torment teachers in some places,Discipline,High,2,6,2,0,40
a student ccursed a teacher out and threatened them in an email,Discipline,High,2,12,2,0,63
students using the n word with a hard r in class pls help,Discipline,High,2,13,2,0,57
a girl let her older brother inot school to bea tup another studetn,Discipline,High,2,13,2,0,67
a student broke another student’s wrist and faced minimal consequences,Discipline,High,2,10,2,0,70
students trying too seriosly harm others during bullying incidents...,Discipline,High,2,9,2,0,69
a student destryed classroom property an dan out of class,Discipline,High,2,10,2,0,57
stodents show open defiance and hostility towards teachers,Discipline,Medium,2,8,1,0,58
"students disrupt class by talking, ignoring instructions, and acting out so frustrated",Discipline,Medium,2,12,1,0,86
student srely heavily onn phones and are distracted in class,Discipline,Medium,2,10,1,0,60
stodents clagiarnze or use AI improperly in assignments,Discipline,Medium,2,8,1,0,55
students don’t engage in class activiies,Discipline,Medium,2,6,1,0,40
students behave badly because there are no consequences at home or school,Discipline,Medium,2,12,1,0,73
parents refuuse responsibility and blame tteachers instead so frustrated,Discipline,Medium,2,9,1,0,72
administration ignores discipline referrals or complaints,Discipline,Medium,2,6,1,0,57
teachers lack classroom management sills,Discipline,Medium,2,5,1,0,40
students don’t take school seriously,Discipline,Medium,2,5,1,0,36
students send multiple demanding or rude emails to teachers,Discipline,Medium,2,9,1,0,59
students attend claass butt do not participate,Discipline,Medium,2,7,1,0,46
students talk during lessons,Discipline,Low,2,4,0,0,28
studdents interrupt teachers rly urgent,Discipline,Low,2,5,0,0,39
sutdenst lack basic life skills like independence idk what to do,Discipline,Low,2,11,0,0,64
sttudents are overly dependent o teachers,Discipline,Low,2,6,0,0,41
studerts eniage in prankstterr-type behavior,Discipline,Low,2,5,0,0,44
students send unclear or incomplete messages like “???”,Discipline,Low,2,8,0,0,55
students show poor communication etiquette...,Discipline,Low,2,5,0,0,45
studenst need constant guidance for simple tasks,Discipline,Low,2,7,0,0,48
students talk udring lessons and interupt teaching,Discipline,Low,2,7,0,0,50
students keep talking even when teacher tries to get attention rly urgent,Discipline,Low,2,12,0,0,73
students giggle or chat instead of following instructions,Discipline,Low,2,8,0,0,57
students refuse to stop minor disruptions,Discipline,Low,2,6,0,0,41
students sned incomplete screenshots when asking for help,Discipline,Low,2,8,0,0,57
students send multiple follow-up emails demnading replies,Discipline,Low,2,7,0,0,57
"students attend online sessions while doing other activities (e.g., driving)",Discipline,Low,2,10,0,0,76
students complain that assignments are too difficult,Discipline,Low,2,7,0,0,52
students do not follow basic classroom etiquette,Discipline,Low,2,7,0,0,48
students behave rudely in communication with teachers,Discipline,Low,2,7,0,0,53
students do not maintaan persoal discipline in studies,Discipline,Low,2,8,0,0,54
students get easily distracted iinsstead of focusing on academic work,Discipline,Low,2,10,0,0,69
students lack pnctuality in academic activities,Discipline,Low,2,6,0,0,47
students fail to follow absic academic intructions!!!!,Discipline,Low,2,7,0,0,54
students rely on teachers for simple tasks instead of working independently,Discipline,Low,2,11,0,0,75
"students breaking property, jumping on tablse, tjrowing items, using slur in class iwh no effective consequences",Discipline,High,2,16,2,0,112
"Stupents refusiing all disciplinary actions (detention, suspension, removall) and facing no real consequences",Discipline,High,2,13,2,0,109
School leadership explicitly saying “nothing we can do” about disruptive students,Discipline,High,2,11,2,0,81
"Parents refusing to pick up suspended children, blocking disciplinary enforcemwnt",Discipline,High,2,10,2,0,81
Teachers forced to monitor specgfic students constantly for safety instead of teaching,Discipline,High,2,12,2,0,86
"Students threatening teachers with police complaints over minor discipline (e.g., bus lateness)",Discipline,High,2,12,2,0,95
Mangaement siding with parents even when students are clearly at uault,Discipline,High,2,11,2,0,70
Parents openly supporting or excusing bad behavior (“child will continue being late”),Discipline,High,2,12,2,0,85
"Teachers being verbally abxsed (called slurs, insulted, shouted at) by students...",Discipline,High,2,11,2,0,82
"Students entering classrooms and yelling obscenities, then denying responsibility",Discipline,High,2,9,2,0,81
Students claiming harassment when disciplined for misbbehavior,Discipline,High,2,7,2,0,62
students stealing shool property and parents defending them legaally,Discipline,High,2,9,2,0,68
students bringin drugs/vapes and families demanding confiscated items back!!!!,Discipline,High,2,9,2,0,78
"Studens engaging in dangerous acts (throwing objects, vandalism) with no punishment!!!!",Discipline,High,2,11,2,0,87
Schools unable to suspend or remove chronically disruptive sttuddents,Discipline,High,2,9,2,0,69
"Adminisrative systems overriding consequences (e..g, overturning disciplinary actions)",Discipline,High,2,8,2,0,86
Teachers quitting duy to lack of support and unsaf classroom environmests,Discipline,High,2,11,2,0,73
stuents disrupting entrbe class leaarning with no intervention from leadership,Discipline,High,2,10,2,0,78
Sysstemic pressure on tecahers to “just manage” instead of enforcing discipline,Discipline,High,2,11,2,0,79
other students’ education being severeely impacted by a few disruptive students,Discipline,High,2,11,2,0,79
"students using abusive language toward teachers (e.g., “bitchh”) without consequences",Discipline,High,2,10,2,0,85
Studenhs refusing insttrucpions and openly challemging authority,Discipline,High,2,7,2,0,64
Parrents threatening legal or administrative acton for normal discipline,Discipline,High,2,9,2,0,72
Schools prioritizing attendanc eover behavior (“just be happy they are in class”),Discipline,High,2,12,2,0,81
Lack of escalation mechanisms or leadership accountability,Discipline,High,2,7,2,0,58
Students refusing to folllow basic instructions or complete woork,Discipline,Medium,2,9,1,0,65
Students negotiating grades instead of doing assignments (“ow many points if I skip this?”),Discipline,Medium,2,14,1,0,91
Students expecting to skip assignments without penalty,Discipline,Medium,2,7,1,0,54
xtudents openly saying thez won’t work if it’s not “fun”,Discipline,Medium,2,10,1,0,56
"students copmlaining about doing basic acadeemic tasks (writing, reading)",Discipline,Medium,2,9,1,0,73
Students talking constantly duking lessons and calling correction “rude” rly urgent,Discipline,Medium,2,11,1,0,83
Students prioritizing phones over classwork tnd resisting restrictions,Discipline,Medium,2,8,1,0,70
students expecting teachers to entertain them constantly,Discipline,Medium,2,7,1,0,56
Students with extremely low attention span and inability to focus idk what to do,Discipline,Medium,2,14,1,0,80
Students showing noo improvement after repeated discipline,Discipline,Medium,2,7,1,0,58
Students refusing to follow seating arrangemetns r classroom structure,Discipline,Medium,2,9,1,0,70
Students leaving class without permission (“self-exit”),Discipline,Medium,2,6,1,0,55
students copying work and comlaining when stoppd,Discipline,Medium,2,7,1,0,48
students expecting special treatment comkared to others,Discipline,Medium,2,7,1,0,55
studeents arguing oter fairness of consequences despite warnings,Discipline,Medium,2,8,1,0,64
Students being rude or dismissive toward teacher effort,Discipline,Medium,2,8,1,0,55
Students showing lack of respect toward auhority figures,Discipline,Medium,2,8,1,0,56
Students eriusing pparticipation in even minimal tasks,Discipline,Medium,2,7,1,0,54
Students expecitng rewards withou effort idk what to do,Discipline,Medium,2,9,1,0,55
students complcining about rules they previouusly accepted,Discipline,Medium,2,7,1,0,58
Students blaming teachers for their ownn academic failures,Discipline,Medium,2,8,1,0,58
"Students lacking basiic resooneibility (lateness, incomplete worz)",Discipline,Medium,2,7,1,0,66
Students wxpecting leniency for repeated offenses,Discipline,Medium,2,6,1,0,49
Students influenced by media to disrespect teachers,Discipline,Medium,2,7,1,0,51
Students lacking discipline due to reduced parental involvement,Discipline,Medium,2,8,1,0,63
Students becmoing more unruly post-COVID (social/behavioral decline),Discipline,Medium,2,7,1,0,68
Students expecting school to replace parental responsibilities!!!!,Discipline,Medium,2,7,1,0,66
Parents prioritizing marks over discipline and behavior,Discipline,Medium,2,7,1,0,55
parents blaming schools for children’s behavior,Discipline,Medium,2,6,1,0,47
Parents discouraging teachers from correcting studenst,Discipline,Medium,2,6,1,0,54
Students showing reduced academicc stamina and engagement,Discipline,Medium,2,7,1,0,57
Students treating school as optioal effort-based participation,Discipline,Medium,2,7,1,0,62
"Complaining about fun activities (movies, agmes, colooring)",Discipline,Low,2,7,0,0,59
Complaining about having to do any work at all,Discipline,Low,2,9,0,0,46
complaining about writing minimal coontent,Discipline,Low,2,5,0,0,42
Complaining about repeating simple tasks (“one more time”),Discipline,Low,2,8,0,0,58
Complaining about seatiig arrangoments idk what to do,Discipline,Low,2,8,0,0,53
"Complaining about tests being on specific days (e.g., Monday)",Discipline,Low,2,9,0,0,61
complaining about attending calss on time,Discipline,Low,2,6,0,0,41
"Coomplaining about classroom rules (bags, phones, movement)",Discipline,Low,2,7,0,0,59
Complaining about not being allowed i nrestricted areas (staff room),Discipline,Low,2,10,0,0,68
Complaining about teacher not cancelling class,Discipline,Low,2,6,0,0,46
Complaining about learning activties beinb “boring”,Discipline,Low,2,6,0,0,51
complaining about not getting preferred colors/items,Discipline,Low,2,6,0,0,52
Complaining about not receivinng enough rewards compared to peesr,Discipline,Low,2,9,0,0,65
Comlaining about teacher speed or enforcement of rules!!!!,Discipline,Low,2,8,0,0,58
Complaining about being tld to stop takling,Discipline,Low,2,7,0,0,43
complaining about being asked to follow instructions,Discipline,Low,2,7,0,0,52
Complainign about not being allowed unsafe actions,Discipline,Low,2,7,0,0,50
Complaizing about not receiving extra privileges,Discipline,Low,2,6,0,0,48
Complaining about doing exactly what everyone else is doing,Discipline,Low,2,9,0,0,59
Complaining about teacher enforcing basic discipline,Discipline,Low,2,6,0,0,52
Complaining about havin to think or find answers independently,Discipline,Low,2,9,0,0,62
Scchools prioirtizing profit over discipline and qualityy education,Discipline,High,2,8,2,0,67
Political influennce protecting school mismanagement,Discipline,High,2,5,2,0,52
fear-based suppression of complaaintss by management,Discipline,High,2,6,2,0,52
Weak enforcement of discipline policies across institutions,Discipline,High,2,7,2,0,59
underpayment and poor treatmentt of teachers rly urgent,Discipline,Medium,2,8,1,0,55
Lack of teacher unions or support systems,Discipline,Medium,2,7,1,0,41
Decliine in respect for teachers over time,Discipline,Low,2,7,0,0,42
Parent ltigiation and constant threat of lawsuits preventing enforcement of discipline,Discipline,High,2,11,2,0,86
fear of parent complaits leadino schools to avoid strict disciplinary action,Discipline,High,2,11,2,0,76
School policies rtducieg suspensions or write-ups to maintain funding or public image!!!!,Discipline,High,2,12,2,0,89
"Comparing schools bassed on suspension rates, discouraging real ocnsequences",Discipline,High,2,9,2,0,76
"Administrative manipulation oof records (reducing write-ups, avoiding failing grades)",Discipline,High,2,9,2,0,85
Special education laws complicating or limiting equal disciplinary enforcement,Discipline,High,2,9,2,0,78
Laws and regulations udnermining accountability and consequences,Discipline,High,2,7,2,0,64
Inconsistent discipline due to unclear or conflicting institutional goals,Discipline,High,2,9,2,0,73
Lack of administrative willpower to enforce discipline policies,Discipline,High,2,8,2,0,63
"Weak or ineffective punishment syystejs (e.g., detention having no real impact)",Discipline,High,2,11,2,0,79
Students facing no consequences or abusing gr disrespecting teachers,Discipline,High,2,9,2,0,68
"System prioritizing data/image (grants, funding) oover actual discipline",Discipline,High,2,8,2,0,72
broader systemiic failure to address root causes (family/community behavior),Discipline,High,2,9,2,0,76
school-to-prison pipeline concerns limiting strict discipline enforcement,Discipline,High,2,7,2,0,73
Admiinistrtaion failing to support teachers in enforcing discipline,Discipline,High,2,8,2,0,67
teachers not beig considered authorityy figuress anymore,Discipline,Medium,2,7,1,0,56
Inconsistent rrule enforcement across teachers weakening discipline,Discipline,Medium,2,7,1,0,67
Some teachers refusing to enforce rules they disagree with,Discipline,Medium,2,9,1,0,58
Unrealistic or impractical school rules that cannot be enforced consistently,Discipline,Medium,2,10,1,0,76
Students exploiting inconsistency in rule enforcement rly urgent,Discipline,Medium,2,8,1,0,64
"Lack of clear, well-defined consequences for behavior",Discipline,Medium,2,7,1,0,53
Punishment vs. corrective discipline confusion among staff,Discipline,Medium,2,7,1,0,58
"understaffing limiting ability to enforce consequences (e.g., detention) idk what to do",Discipline,Medium,2,12,1,0,87
large class sizzes reducing ability to manage bheavioor effectivel,Discipline,Medium,2,9,1,0,66
Administrative focus on appearance of control rather than actual control pls help,Discipline,Medium,2,12,1,0,81
Lack of capacity to restore behavior after incidents (repeat offenses)!!!!,Discipline,Medium,2,10,1,0,74
Students lejrning there are no real consequences for misconduct,Discipline,Medium,2,9,1,0,63
Parents’ inatcion or poor parening contributing to student behavior,Discipline,Low,2,9,0,0,67
Parents believing the are always right (entitlement/infallibility),Discipline,Low,2,7,0,0,66
Sudents takin gadvantage of reduced autthority and accountability idk what to do,Discipline,Low,2,12,0,0,80
students acting withotu control due to lack of boundaries at home,Discipline,Low,2,11,0,0,65
Schools voiding suspensions and disciplinary records to protect funding and reputation,Discipline,High,2,11,2,0,86
Teachers being unable to enforce rules due to fear of parent backlash,Discipline,High,2,12,2,0,69
Sutdents facing effectively no punishment if they ignore detention or conseqences,Discipline,High,2,11,2,0,81
Parents threatening schools/teachers when discipline is applied,Discipline,High,2,7,2,0,63
"Legal pressure (lawsuits, policies) discouraging strict discilpine",Discipline,High,2,7,2,0,66
Students openly abusing/disrespecting teachers knowing nothing will happen,Discipline,High,2,8,2,0,74
Administrative systems forcing leniency regarrdless of behavior,Discipline,High,2,7,2,0,63
Disciplinf policies existing on paper but not enforced in practice,Discipline,High,2,10,2,0,66
Students exploiting lck of consequences to continue misconduct,Discipline,High,2,8,2,0,62
Shecial education policies resulting in unequal or reduced consequences for similar behavior,Discipline,High,2,12,2,0,92
Inconsistent rule enforcement between teachers weakening authority,Discipline,Medium,2,7,1,0,66
"some teachers deliberately not enforcing rulvs, undermining others",Discipline,Medium,2,8,1,0,66
administration not backing teachers durinng disciplinary sibuations,Discipline,Medium,2,7,1,0,67
"Rules that are impractcial to enforce (e.g., constant monitoring required)",Discipline,Medium,2,10,1,0,74
"Students selectively targeted due to inconsistent enforcement, creating resentment",Discipline,Medium,2,9,1,0,82
Lack of cler or consistent consequences for the same behavior,Discipline,Medium,2,10,1,0,61
punishments not designed to actually change behavior,Discipline,Medium,2,7,1,0,52
Understaffing preventing proper supervision and discipline enforcement so frustrated,Discipline,Medium,2,9,1,0,84
Large class sizes making behavior control difficult idk what to do,Discipline,Medium,2,11,1,0,66
Administration focusing on optios rther thn real disciplien outcomes,Discipline,Medium,2,9,1,0,68
Parents not supporitng schools in managing student behavior,Discipline,Low,2,8,0,0,59
Parents interferihg with diiscipinee dceisions,Discipline,Low,2,5,0,0,46
Studenst aware of system weaknesses and taking advantage,Discipline,Low,2,8,0,0,56
general lack of accountability mindset among tsudents and families,Discipline,Low,2,9,0,0,66
Denial of legally required disability accommodations (extra exam time) despite advance request,Discipline,High,2,12,2,0,94
Disability office refusing accommodation due to benig “fully ooked” with no alternative provided pls help,Discipline,High,2,15,2,0,105
Staff dismissing academcc consequences (“yau can tke it next time”) despite final semesetr status,Discipline,High,2,14,2,0,97
Student conduct charges being uesd after a complaint agains tstaff (possible retaliation),Discipline,High,2,12,2,0,89
Fapolty alllegedly filing false conduct violations to deflect accountabilitty,Discipline,High,2,9,2,0,77
"Professor interfering with or sabotagin gaccommodated exam s(loss of answers, altered questions)",Discipline,High,2,12,2,0,96
student being reported for “disruption” after advcating for academic rights,Discipline,High,2,10,2,0,75
Lack of transparency in disciplinary procses (refusal to disclose allegation before meeting),Discipline,High,2,12,2,0,92
power imbalance where faculty complaints are automatically favored over sudent accounts,Discipline,High,2,11,2,0,87
Feear of retaliation hwen escalating complaints to higher administration,Discipline,High,2,9,2,0,72
Disability discriminatio nconcerns (failure to provide equal testing conditions) pls help,Discipline,High,2,11,2,0,89
"Institutional handling of complaints causing severe academic and pyschological harm (missed exams, anxiety)",Discipline,High,2,13,2,0,107
use of conduct system to suppress complaints againt staff behavior,Discipline,High,2,10,2,0,66
conflict of nterest in grievance process (chair being close associaet of acjused professor),Discipline,High,2,13,2,0,91
students with disabilities being placed at systemic disadvantage during exams,Discipline,High,2,10,2,0,77
administrative processes interfering with student’s ability to complete finals,Discipline,High,2,9,2,0,78
threat of disciplinary record immacting academic future despite unclear wrongdoing,Discipline,High,2,10,2,0,82
lack of asfeguards against misuse of conduct reporting by faculty,Discipline,High,2,10,2,0,65
Disability services lacking capacity to meet accommodation ddemand,Discipline,Medium,2,8,1,0,66
"Poor communication from disability offcie (unclear guidance, dismissive responses) pls help",Discipline,Medium,2,11,1,0,91
Sttudents needing to escalate sisues multiple levels to receive basic accommodations,Discipline,Medium,2,11,1,0,84
Inconsistent enforcemetn of accommodation policies across semesters or intsructors,Discipline,Medium,2,9,1,0,82
faculty ofefring informal accommodations that undermine formal supportt systems,Discipline,Medium,2,9,1,0,79
Testing environments not controlled (interruptions affecting students wvth disabilities),Discipline,Medium,2,9,1,0,88
Students needing to self-advvocae aggressively to receive entitled suport,Discipline,Medium,2,9,1,0,73
administrative bureaucracy delaying urgent academic support during saxms,Discipline,Medium,2,8,1,0,72
Lac of trust in institutional grievance procedures...,Discipline,Medium,2,7,1,0,53
emotional distress from diisciplinary uncertainty affecting academic performance,Discipline,Medium,2,8,1,0,80
Unclear conduct policies being applied broadly (“disruption” without clear definition),Discipline,Medium,2,10,1,0,86
Delayed or reactive coomplaint handling instead of proactive resolution!!!!,Discipline,Medium,2,9,1,0,75
facuulty behavior differing significantly between students (perceived favoritism or targeting),Discipline,Medium,2,10,1,0,94
Students being discouraged from escalating issues due to anticipated backlash,Discipline,Medium,2,10,1,0,77
Staff using passive-aggressive tone when redirecting students to other contacts,Discipline,Low,2,10,0,0,79
Providing unhelpful responses instead of suggsting alternative solutions so frustrated,Discipline,Low,2,10,0,0,86
aLLck of basic customer service skills in student-facing administrative roles...,Discipline,Low,2,10,0,0,80
"failure to acknotledge urgency of student concerns durinj critical periods (e.g., finals)",Discipline,Low,2,12,0,0,89
Minimal effort from satff to de-escalate frrustrated students,Discipline,Low,2,8,0,0,61
Students feeling ignored after multiple attempts to communicate via email/phon,Discipline,Low,2,10,0,0,78
Staff not taking ownership of issus and shiftnig rresponsibility elsewhere,Discipline,Low,2,10,0,0,74
Perception that students are teated as inconveniences rather than priorrities,Discipline,Low,2,10,0,0,77
Lack of clarity in instructions for booking accommodations or services,Discipline,Low,2,10,0,0,70
studennts receiving inconsistent information depending on which staff member responds,Discipline,Low,2,10,0,0,85
Administranive replies that close conversation instead of contcnuing support,Discipline,Low,2,9,0,0,76
studnts feeling dismissed when raising vald academic conerns,Discipline,Low,2,8,0,0,60
Lack of proactive follow-up after unresolved student requests,Discipline,Low,2,8,0,0,61
Tone gf communication escalating conflicts instead of resolving them,Discipline,Low,2,9,0,0,68
students feeling talked down to when asking for help,Discipline,Low,2,9,0,0,52
stafff assuming sturent fault without fully understanding situation,Discipline,Low,2,8,0,0,67
Lack of empathyy toward students deealing with external/personal crises,Discipline,Low,2,9,0,0,71
Studenzs perceiving bias or unfair tone even without explicit miscconduct,Discipline,Low,2,10,0,0,73
Failure to explain reasoning behind decisions clearlz,Discipline,Low,2,7,0,0,53
students feeling uncomfortable escalating issues due to prior negative interations,Discipline,Low,2,10,0,0,82
Staff showing dismissive or slightly rude attitude during communication,Discipline,Low,2,9,0,0,71
perceived atittude in responses when directing student to supervisor pls help,Discipline,Low,2,11,0,0,77
miscommunication during schduling processes,Discipline,Low,2,4,0,0,43
Student frustration escalating communication tone dbring stressful periods,Discipline,Low,2,8,0,0,74
Lack of empathy in frontline administrative inteeractions,Discipline,Low,2,7,0,0,57
Disability office refusing legally required exam accommodations (extra time) despite advance request,Discipline,High,2,12,2,0,100
Staff dismissing student risk of failure (“therre’s always next time”) even when it’s final semester,Discipline,High,2,15,2,0,100
Studentt conduct charges filed after student escalated complaint to supervisor/dean (possible retaliation),Discipline,High,2,12,2,0,106
Lack of trransparency—student not otld naature of allegation before conduct meeling,Discipline,High,2,11,2,0,83
Professor allegedly interfering with or sabotaging approved accommjdations (exam tiiming/environment issues),Discipline,High,2,11,2,0,108
conduct system being used against studentss who advocate for their rights so frustrated,Discipline,High,2,13,2,0,87
faculty or staf filing complaints to protect themselves after being reported,Discipline,High,2,11,2,0,76
Studeents with disabilities facing barriers that direectgy impact academic success,Discipline,High,2,10,2,0,82
"Accusations of misconduct causing severe academic disruption (missed exams, inability to sudy)",Discipline,High,2,12,2,0,94
Fear that disciplinary records may damage future academic/career opportuniteis,Discipline,High,2,9,2,0,78
Universities prioritizing internal protection over afir investgiation of sutdent comlpaints,Discipline,High,2,10,2,0,91
Students being investigated without clear evidence or explanation,Discipline,High,2,8,2,0,65
power imbalance—faculty/staff more likely to be believed over students,Discipline,High,2,9,2,0,70
Academic integrity processes causing extreme stress and anixet yafecting performance,Discipline,High,2,10,2,0,84
students feeling targeted or singled out by specific professors idk what to do,Discipline,High,2,13,2,0,78
potential discrimiination concerns linked to disaility or identity (perceived bias in treatment),Discipline,High,2,12,2,0,96
disability services beiig overbooked and unable to meet accommodation demand,Discipline,Medium,2,10,1,0,76
"poor communication from adminiistrative offices (delays, unclear responses)",Discipline,Medium,2,8,1,0,75
Students needing to escalate issues multiple levels just to receive basic support,Discipline,Medium,2,12,1,0,81
lack os clear procdures for reporting or resolvng accommndation issues,Discipline,Medium,2,10,1,0,70
inconsistent application of accommodation policies between semesters or professors...,Discipline,Medium,2,9,1,0,85
Faculty offering informal accommodations that create unfair or distracting environments,Discipline,Medium,2,10,1,0,87
students unsure of their rights in disciplinary or conduct processes so frustrated,Discipline,Medium,2,12,1,0,82
Universsities not explaining conduct procedures clearly before meetings,Discipline,Medium,2,8,1,0,71
fear and confusion due to formal tone and ambiguity of conduct emails,Discipline,Medium,2,12,1,0,69
"Students needing to rely on external help (lawyers, ombudsman) due to unclear systems",Discipline,Medium,2,13,1,0,85
Academic misconduct processes varying widely between departments/institutions,Discipline,Medium,2,7,1,0,77
Faculty uncertainty about whether to confront or report students for cheating,Discipline,Medium,2,11,1,0,77
lack of standardized handling of plagiarism and cheating cases,Discipline,Medium,2,9,1,0,62
Students panicking and making situations worse due to lack of guidance,Discipline,Medium,2,11,1,0,70
Administrative processes interfering with exam preparation and aacdemic focus,Discipline,Medium,2,9,1,0,77
delays or barriers in accessing disability documentation or approvals,Discipline,Medium,2,9,1,0,69
Studdents feeling discouraged from self-advocacy after negative outcomes,Discipline,Medium,2,8,1,0,72
Concerns about fairness when reporting staff behavior through formal channels,Discipline,Medium,2,10,1,0,77
Student reported for mking an inappropriate joke to a coorker,Discipline,Low,2,10,0,0,61
Conduct meetings triggered by non-serious or misunderstood comments idk what to do,Discipline,Low,2,12,0,0,82
Students unaware certain jokes or remarks could violate conduct rules,Discipline,Low,2,10,0,0,69
"Minor conduct violations (e.g., not exiting durig fire alarm) leading to warnings",Discipline,Low,2,12,0,0,81
Uncertainty about whether minor violations must be disclosed in ftuure applications,Discipline,Low,2,11,0,0,83
Anxiety over minor idsciplinary records despite low real-world impact,Discipline,Low,2,9,0,0,69
tudents overestimatnng cosnequences of small infratcions,Discipline,Low,2,6,0,0,56
Lack of clarity on wht constitutes “disruption” under conduct codes...,Discipline,Low,2,10,0,0,70
Minoi first-time alcohol-related violations resulting in mandatory educational courses,Discipline,Low,2,9,0,0,86
"Students cofused about dbsciplinary outcomes for non-academic behavor (e.g., drinking incidents)",Discipline,Low,2,11,0,0,96
"Fear of punishment fro munclear or forgotten incidents (e.g., blackout evenss)",Discipline,Low,2,11,0,0,78
students not understanding how innfformall warnings differ from formal ecords rly urgent,Discipline,Low,2,12,0,0,88
Students being denied cacommodations until escaltion to higher authorities forces compliance,Discipline,High,2,11,2,0,92
Students facing disciplinary action immeediately after filing formal complaints against staff,Discipline,High,2,11,2,0,93
Faaculty allegedly creating hostile testing environments despiet knowing disability needs,Discipline,High,2,10,2,0,89
students being requireed to attend conduct meetings without prior disclosure of accusations,Discipline,High,2,12,2,0,91
Administrative complaints processse being used as intimidation againts students,Discipline,High,2,9,2,0,79
"students experiencing academic harm (failing exams, lost work) ddue to accommodation failures",Discipline,High,2,12,2,0,93
"Facultyy allegedly manipulating exam conditions (timming, interruptions) affecting performance...",Discipline,High,2,9,2,0,97
Students feeling institutions protect staff over investigating legitimate grievanceg,Discipline,High,2,9,2,0,84
"Students forced to gather character evidence (other professors, peers) to defend themselves!!!!",Discipline,High,2,12,2,0,95
students xperiencing extreme anxiety and mental distress due to sudden conduct allegations,Discipline,High,2,12,2,0,90
students fearing long-term reputtaional amage from internal disciplinary ercords,Discipline,High,2,9,2,0,80
Students reporting lack of accountaeility when staff mishandle accommodations,Discipline,High,2,9,2,0,77
Students feeling their academic progress is beeing obstructed by administrative actions,Discipline,High,2,11,2,0,87
Students suspecting retaliaation for advocating disability rightc,Discipline,High,2,7,2,0,65
Students being ddrawn into lengthy conduct processes druing critical academiu periods (finals),Discipline,High,2,12,2,0,94
Students being redirected repeatedly between offices withoutt resolution,Discipline,Medium,2,8,1,0,72
Administrative staff responding with dismissive or unhelpful attitudes rly urgent,Discipline,Medium,2,10,1,0,81
Stdents needing to bypass normal channels to geet basic services fulfilled,Discipline,Medium,2,11,1,0,74
Students unclear ohether escalattion (CC’ing supervisors/deans) is allowed or risky,Discipline,Medium,2,10,1,0,83
Inconsistent communication tonee between different staff members (helpful vs hostile),Discipline,Medium,2,10,1,0,85
Students unsure how much detail to provide during conduct investigations,Discipline,Medium,2,10,1,0,72
Students uncertain whethre to admit fault or emain silent in cknduct meetings,Discipline,Medium,2,12,1,0,77
lack of guidance on whether llegal representation is appropriate in school processes,Discipline,Medium,2,12,1,0,84
Students relying on peer/online advice due to lack o finstitutionla clarity rly urgent,Discipline,Medium,2,13,1,0,86
Confusibn about documentation requirements for defending against allegations,Discipline,Medium,2,8,1,0,76
Students unsure how to foormally file grievances agaiast faculty so frustrated,Discipline,Medium,2,11,1,0,78
Fear that reporting issues ma worsen their situation,Discipline,Medium,2,8,1,0,52
Students unclea about apppeal processes and success likelihood,Discipline,Medium,2,8,1,0,62
Students not knowkng differencce between informal resolution and formal discipline,Discipline,Medium,2,10,1,0,82
Students feeling forced to “prove innocence” rather than institution proving violation,Discipline,Medium,2,11,1,0,86
Unclear boundaries betwee academic issues and conduct violations,Discipline,Medium,2,8,1,0,64
"students unsure how much weight evidenc e(emails, logs) carries in hearings",Discipline,Medium,2,11,1,0,75
"Students confused about role of ombudsman, dean, or conduct officers",Discipline,Medium,2,10,1,0,68
Students worried about conduct meetings that turn out to be minor misunderstandings so frustrated,Discipline,Low,2,14,0,0,97
Students being reported for jokes or comments perceved as inappropriate,Discipline,Low,2,10,0,0,71
"Students unaware oof sensitivity around certain tpics (e.g., offensive humor)",Discipline,Low,2,10,0,0,77
Students experiencing stress from vague meeting requests without clear purpose so frustrated,Discipline,Low,2,12,0,0,92
Students over-preparing for harings that result in no action,Discipline,Low,2,9,0,0,60
"Students unsure how formally to behve (dress, communication style) n meetnigs",Discipline,Low,2,11,0,0,77
students not knowing if they are witnesses or accused parties bpfore meetings,Discipline,Low,2,12,0,0,77
Students fearing worst-case outcomes due to lack of initial information,Discipline,Low,2,10,0,0,71
studentts misinterpreting standard procedural emails as severe accusations,Discipline,Low,2,8,0,0,74
students experiencing unnecessary panic due to formal institutional language,Discipline,Low,2,9,0,0,76
students unsure whether to bring support person to meetings,Discipline,Low,2,9,0,0,59
Students unclear if participation in investigation is optional o rrequired,Discipline,Low,2,10,0,0,74
"Dress codes are enorced in a cleadl gender-biased way, with girls being targeted for mionr issues like crop tops, shorts, or body shape wwile boys wearign equally or more revealing orr inappropriate clothing are ignored",Discipline,High,2,35,2,0,219
"Students are being pulled out of class, humiliated, oor emotionlaly distressed lue t dress code violations, disrupting learniag and causing embarrassment",Discipline,High,2,21,2,0,153
"dress code enfocemnet disproportionately targets certain groupps (e.g., curvier girrls, black students, or those from low-incoma backgrounds), leading to claimk of discrimination and unfair treatment",Discipline,High,2,25,2,0,199
"Teacehrs risk accusatiions (e.g., being called inapproppriate or biased) when enforcing dress code, especially male teachers addressing female studentts",Discipline,High,2,19,2,0,152
Inconsistent enforcement among staff leads to conflict with students and parents (“other teachers don’t care”) and undermines authority,Discipline,High,2,18,2,0,135
"Dresp codes sometimes force students to leave school or miss instruction due to lack of apropriate replacement clothing, harming academic progress",Discipline,High,2,21,2,0,146
"Policies around “aprpopriate dqess” are vague and allow subjecive interpretation, resulting in unfair or arbitrary punishment",Discipline,High,2,16,2,0,125
"Dress codes are seen as policing bodies (especially female bodies) rather than supporting educaation, creating ethical and cultural concerns",Discipline,High,2,19,2,0,140
"Dress codes ar einconsistently or rarely enforced, making rules meaningless and creating confusion about expectations idk what to do",Discipline,Medium,2,19,1,0,132
"Administrations often do not support teachers in enforcing dress code, leading to frustratioon and eventual abamdoonment of enforcement",Discipline,Medium,2,18,1,0,135
Teachers feel dress code enforcement is aa waste of time znd energy compared to more important academic or behavioral issues,Discipline,Medium,2,20,1,0,124
Some schools have unenforceable or outdated rules thhat staff have informally given up on,Discipline,Medium,2,14,1,0,89
Dress codes can crreate unnecsesary power struggles between teachers and students idk what to do,Discipline,Medium,2,15,1,0,96
"Uniform policies can shift status competition to other items (e.g., shoes), not fully solving inequaliyt issus",Discipline,Medium,2,16,1,0,110
"Strict dress codes or uniforms may negatively affect student eslf-expression, comfort, or body image",Discipline,Medium,2,14,1,0,100
"Dress codes may not account for practicall realities (heat, grrowth spurts, poverty, limited clothing access)",Discipline,Medium,2,15,1,0,109
"some policies are contradictory (e.g., strict rules for students but relaxed or unequal standards for teacers)",Discipline,Medium,2,16,1,0,110
"Dress codse can create aditional workload for teachers (monitoring, correcting, reporting violatios) rly urgent",Discipline,Medium,2,14,1,0,111
Enforcement differences between male and female staff create uneven apflication of rules,Discipline,Medium,2,12,1,0,88
Some teacehrs feel uncomfortable enforcing dress codes at all and avoid it entirely,Discipline,Medium,2,13,1,0,83
"Policies requirin meetings, witnessea, or formal procedures add complexity and discourage enforceemnt",Discipline,Medium,2,12,1,0,101
"Certain rule (e.g., no hats/hoods, no pajamas, no blankets) are seen as jnnejessarc or irrelevcnt to learning",Discipline,Low,2,17,0,0,109
"Students wearing pajamas, slippers, blankets, or casual attire is viewed by some as inappropriate btu not owrht enforcing",Discipline,Low,2,18,0,0,121
"Dress codes banning minor items (e.g., dyed hair, flio-flops, specific clothing styles) are onsidered trjvial or outdated",Discipline,Low,2,17,0,0,121
spirit days or themed dress expectations (like pajama day) are seen as low effort or unimportant idk what to do,Discipline,Low,2,20,0,0,111
"Some teachers dislike specific fashion trends (e.g., crocs with socks, sagging pant,s extreme makeup) but do not see them as serious issues",Discipline,Low,2,22,0,0,139
"Dress codes for staff (e.g., restrictions on leggings or jeans) are perceived as inconsistent or overly strict compared to student rules",Discipline,Low,2,21,0,0,136
Rules like ID/lanyard requirements or “corporate dress” expectations ar seen as annoying but manageable,Discipline,Low,2,14,0,0,103
"Attepmts to regulate mino safety concerns (e.g., flip-flops) are often abandoned due to policy conflicts!!!!",Discipline,Low,2,15,0,0,108
general fruustration that dress code exists but is no meaningfully applied or takken seirously,Discipline,Low,2,14,0,0,94
"dress code rules are sometimes applied based on body type (e.g., curvier students being flagged for the same clothing that others wear without issue)",Discipline,High,2,24,2,0,149
Studetns are labiled “distracting” simply due too their natural body shape rather than actual clothing violations,Discipline,High,2,16,2,0,113
"dress code enforcement can reinforce misogynistic atittudes, especially when foocuseed on covering efmale bodies",Discipline,High,2,14,2,0,112
Students may be disciplined for subjectiev judgmnts like “too revealing” without clear measurable standards...,Discipline,High,2,14,2,0,110
Dress code enforcemeent can escalate anxiety in students already dealing with body image or self-esteem issues,Discipline,High,2,16,2,0,110
Students feel unfairly single out when others violating the same rules are ignored in the same nevironment,Discipline,High,2,17,2,0,106
Dress code violations can lead to formal disciplinary records deespive being minor or subjective issues,Discipline,High,2,15,2,0,103
"Dress code enforcement may conflict with student rights to expression, creating tension around fairness and autonomy...",Discipline,High,2,16,2,0,119
"strict enforcement in certain cases (e.g., uniforms, inspections) creates a surxeillance-like envronment for students",Discipline,High,2,14,2,0,117
"Students arre sometimes forced to modify clothing in uncomfortable or impractical ways (e.g., wearing jackets in heat) rly urgent",Discipline,High,2,19,2,0,129
"dress code policies can be used selectively by staff, leading to percived targeting or favoritism so frustrated",Discipline,High,2,17,2,0,111
students may fel powerless to challenge unfair enforcement due to authority imbalance,Discipline,High,2,12,2,0,85
Drress code enforcement may unintentionally shame students publiclo in front of peers,Discipline,High,2,12,2,0,85
"Dress codes do not reflect current social norms, making policies feel outdated and disconnected from student reality",Discipline,Medium,2,17,1,0,116
"teacchers enforcing dress code may face ppushak or hostility from students, increasing classroom tension",Discipline,Medium,2,14,1,0,104
"Dress code rules can vary widely even within the same school dependign on the teacher, causing inconsistency",Discipline,Medium,2,17,1,0,108
Students often do not understand the dress cdoe because it is poorly communicated or overly vague,Discipline,Medium,2,16,1,0,97
"dress code enforcement may depend on administrative mood or timing (e.g., strict at start of year, relaxed later)",Discipline,Medium,2,18,1,0,113
Dress code policies may not consider cultural or regional clothing differenaes,Discipline,Medium,2,11,1,0,78
teachers mmay feel unsupported when parents challenge dress code enforcement decisions,Discipline,Medium,2,11,1,0,86
"Dress code viiolations often require administrative involvement, slowing down processes and wwasting time",Discipline,Medium,2,13,1,0,105
"Some policies are difficult to enforce practically (e.g., checking all entrances, monitoring thrroughout the day)",Discipline,Medium,2,15,1,0,113
Dress codes can zreate unnecessary focus on appearance instead of behavior or academics,Discipline,Medium,2,13,1,0,87
Uniform sstems can still create inequality through accessories or subtle diffrences,Discipline,Medium,2,11,1,0,83
dress code exppectationns mmay not align with real-world environments where casual dress is accettable,Discipline,Medium,2,14,1,0,102
Students may intentionally test boundaries because enforcement is inconssistent or weak,Discipline,Medium,2,11,1,0,87
"Dress codes may indirectly encourage students to hide aiolatiosn (e.g., layering clothes temporarily)!!!!",Discipline,Medium,2,13,1,0,105
"rules about specific clothing cuts (e.g., spaghetti straps, ripped jeeans) are seen as overly detailed and nitpicky",Discipline,Low,2,17,0,0,115
Students wearing unusual or expressive outfits (cosstume-like clothing) may be viewed as odd but not disruptive,Discipline,Low,2,16,0,0,111
"some dress code elements (e.g., banning certain coloas or styles) are seen as unencessary or excessive",Discipline,Low,2,16,0,0,102
"Minor enforcement actions (e.g., asking students to tuck in shirts or adjust clothing) can become repetitive annoyances",Discipline,Low,2,17,0,0,119
"Drses codes may conflict with comfort preferences, especially in extreme weather conditions",Discipline,Low,2,12,0,0,91
Students my ignore mnior rules because consequences are qinimal or nonexistent,Discipline,Low,2,11,0,0,78
Teachers may personally idslike trends bug choose not to enforce rules around hem!!!!,Discipline,Low,2,13,0,0,85
Dresss code discussions can become epetitive and unroductive among staff,Discipline,Low,2,10,0,0,72
Some policies are viewed as symbolic rather than functinoal (existing olny “on paper”),Discipline,Low,2,13,0,0,86
Dress code enforcmment may be deprioritized entirely in favor o more pressing schoof kssues,Discipline,Low,2,14,0,0,91
Inconvenience of changing clothes during school hours,Discipline,Low,2,7,0,0,53
embarrassment from minor accidental violations,Discipline,Low,2,5,0,0,46
"Restrictions on common fashion trends (tank tops, overalls, logos, etc.)",Discipline,Low,2,10,0,0,72
Confusion due to sudden rule implementation,Discipline,Low,2,6,0,0,43
Discomfort due to weather-inappropriate restrictions,Discipline,Low,2,5,0,0,52
"perceived hypocrisy (e.g., cheerleaders allowed revealing outfits)",Discipline,Low,2,7,0,0,66
limiting creativity and personal style,Discipline,Low,2,5,0,0,38
Peer disruption due to enforcement actions,Discipline,Low,2,6,0,0,42
"Minor resnetment toward specific items beign banned (e.g., overalls, logos)",Discipline,Low,2,10,0,0,75
Students feeling unfairly scrutinized compared to tohers!!!!,Discipline,Low,2,7,0,0,60
annoyance at repetitive enforcement discussions by staff,Discipline,Low,2,7,0,0,56
Socia tension created beetween students nd administration idk what to do,Discipline,Low,2,11,0,0,72
Gender-specific dress code unfairly targeted girls more than boys,Discipline,High,2,9,2,0,65
Selectvie enforcement of rules (grls punished more frequently than boys),Discipline,High,2,10,2,0,72
"Staff policing students’ bodies (e.g., monittoring bra straps, cleavage) perceived as inappropriate/creepy",Discipline,High,2,12,2,0,106
Public shaming via forced chhatge inco mraked “dress code violation” clothes,Discipline,High,2,11,2,0,76
"Zero-tolerance enforcemennt without context (e.g., accidental strap exposure)",Discipline,High,2,8,2,0,77
administration imposing rules without student/parent consultation,Discipline,High,2,6,2,0,65
Retaliatory policy changes after student protest (punitive stricter dress code),Discipline,High,2,10,2,0,79
Racially biased enforcement (minority studnets targeted for violations) rly urgent,Discipline,High,2,10,2,0,82
"teachers/admin prioritizing dresk code over student health/safety (e.g., sick student incident)",Discipline,High,2,11,2,0,95
Suppression/censorship of student expression (yearbook/newspaper bans) rly urgent,Discipline,High,2,8,2,0,81
Threats or pqeessre on teachers to enforce unpopular rules,Discipline,High,2,9,2,0,58
Lack of clear or consistent interpretation of rules,Discipline,High,2,8,2,0,51
punishmetn for technically compliant clothing (loophole situations ignored),Discipline,High,2,8,2,0,75
Administrative overerach resembling authoritarian control,Discipline,High,2,5,2,0,57
Difficulty affording alternative clothing that meets strict dress code requirements,Discipline,Low,2,10,0,0,83
Increased sterss or anxiety about accidentally violating uncllear rules,Discipline,Low,2,9,0,0,71
loss of time between classes due to dress code checks or corrections,Discipline,Low,2,12,0,0,68
feeling singlled out in front oof peers during minor corrections,Discipline,Low,2,10,0,0,64
inconvenience of not being able to dress cofmortably for physical activitiies or movement,Discipline,Low,2,13,0,0,89
frustration over inconsistent enforcement between different teachesr,Discipline,Low,2,7,0,0,68
reduced sense of belonging or schnol enjoyment due to restrictive environment,Discipline,Low,2,11,0,0,77
"vague ules leading to iconsistent enforceent (e.g., “no showing bras”)",Discipline,Medium,2,10,1,0,70
Overly strict dress code removing individuality/self-expression,Discipline,Medium,2,6,1,0,63
"Gendeaed assumptions (girls = distraction, boyss = safety/gangs)",Discipline,Medium,2,8,1,0,64
"Impractical requirements (e.g., no open-toe shoes in hot heather)",Discipline,Medium,2,9,1,0,65
Requirement to wear undergarments while banning visibility (contradictory rule),Discipline,Medium,2,9,1,0,79
irritation from having presonal clohting choices constantly questioned or commenetd on by staff,Discipline,Low,2,13,0,0,95
lost all money before exam scausing distrsss and inability to manage expenses,Examination,Medium,3,12,1,0,77
professor harassment and inappropriate behavior with no transparency after complaint!!!!,Examination,High,3,10,2,0,88
cheating being ignored or pdotected by administration leading to unfair results,Examination,High,3,11,2,0,79
fales cheating accusations from proctorring software during final exam,Examination,High,3,9,2,0,70
serious health issues like cancer or surgey affecting exam performance without clear accommedations,Examination,High,3,13,2,0,99
exam system or software crashing during final submissions severely impacting grades,Examination,High,3,11,2,0,83
ethial approval technicality risking zero marks despite completingg requirement,Examination,High,3,9,2,0,79
extreme exam difficulty with historically fniling averages and no corrective action,Examination,High,3,11,2,0,83
locked essential study materials before exam restricting preparaton,Examination,High,3,8,2,0,67
professor giving unfair or inconsistent gradipg with no clear explanation,Examination,High,3,10,2,0,73
students feeling forced into unethical situations to pass exams,Examination,High,3,9,2,0,63
major financial aid ro billing errors affecting abikity to continue education,Examination,Medium,3,11,1,0,77
lack of exgm preparation matarians or study guides,Examination,Medium,3,8,1,0,50
exam schedule changes without proper communication,Examination,Medium,3,6,1,0,50
no acvess to solutions or guidance for practice problems,Examination,Medium,3,9,1,0,56
professor unaviamable or urnesponsive during crdtica lexam periods,Examination,Medium,3,8,1,0,66
heav yexam weight causing stress and grade imbalance,Examination,Medium,3,8,1,0,52
inconsitsent or hnclear grading policies,Examination,Medium,3,5,1,0,40
lack of alignment between lectures and exam/assignment content,Examination,Medium,3,8,1,0,62
tecchnical issues with lockdown browsers or exam platforms...,Examination,Medium,3,8,1,0,61
unstructuerd eaching and disorganized course delivery,Examination,Medium,3,6,1,0,53
bias or favoritism by teachers during exams,Examination,Medium,3,7,1,0,43
group work imbalance affecting exam or final performance,Examination,Medium,3,8,1,0,56
unfair accommodation policies or misunderstanding of extra time rules,Examination,Medium,3,9,1,0,69
difficulty managyng multiple exams and poor coordination,Examination,Medium,3,7,1,0,56
complaints about excessive difficulty or length of exams,Examination,Medium,3,8,1,0,56
students unable to complete exams de to time constraints,Examination,Medium,3,9,1,0,56
lack of motivation during exam periods,Examination,Low,3,6,0,0,38
poor note-taking habits impactin gexam readiness rly urgent,Examination,Low,3,8,0,0,59
feeeling unprepared despite attending classes,Examination,Low,3,5,0,0,45
forgevting material after exams,Examination,Low,3,4,0,0,31
overreliance on last-minute studying,Examination,Low,3,4,0,0,36
general dissatisfaction with teaching quality affecting exam confidence,Examination,Low,3,8,0,0,71
fear of failing or needing t oretake exams,Examination,Low,3,8,0,0,42
confsuion about exam expectations or formats,Examination,Low,3,6,0,0,44
feeling exams don’t refllect actual understakding,Examination,Low,3,6,0,0,49
minor complaints about grading fairness perception!!!!,Examination,Low,3,6,0,0,54
stress from balancing exams with personal life issues,Examination,Low,3,8,0,0,53
missed exam due to unclear deadline timing set by professor,Examination,High,3,10,2,0,59
exam paper krinting error causing missing questions during test rly urgent,Examination,High,3,11,2,0,74
inability to attend or prepare for exam tue to homelessness or unstable living cbnditions,Examination,High,3,14,2,0,89
administrative escalation forcing facluty to justify obvious student failures,Examination,High,3,9,2,0,77
loss of scholarship or academic standing due to poor exam structure,Examination,High,3,11,2,0,67
retaliation fear after filing academic complaints affecting exam outcomes rly urgent,Examination,High,3,11,2,0,84
being reuqiledd to self study entire syllabus without teacher support before major exams rly urgent,Examination,High,3,15,2,0,99
exam conflicts not accommodated fairly leading to missed attempts!!!!,Examination,High,3,9,2,0,69
plagiarism and cheatig cases not acted upon equally,Examination,High,3,8,2,0,51
systemic inequality in standardized testing due to cost bbarrieems,Examination,High,3,9,2,0,66
students wrongly penalized due to technical submission timestamps,Examination,High,3,8,2,0,65
lack of transparency in discretionary final grade adjustments,Examination,High,3,8,2,0,61
exam retake policiess inconsistently applied across tudents,Examination,High,3,7,2,0,59
denial of extensions despite documented medical or personal emerencies,Examination,High,3,9,2,0,70
exam weight redistribution confusion affecting final gradeg,Examination,Medium,3,7,1,0,59
studpnts repeatedly messaging faculty for grade changes after exams...,Examination,Medium,3,9,1,0,70
lack of clarity on exam format or expectations,Examination,Medium,3,8,1,0,46
teachers refusing to provide feeedback before final assessments...,Examination,Medium,3,8,1,0,66
overrdependence on exams rather than continuous assessment,Examination,Medium,3,7,1,0,58
difficulty accessing learninng materials during teacher absence,Examination,Medium,3,7,1,0,63
students feeling exams are disconnected from teaching content,Examination,Medium,3,8,1,0,61
lack of communication abot online exam requirements,Examination,Medium,3,7,1,0,51
issues with academic integrity rules being unclear during atke-home exhms,Examination,Medium,3,10,1,0,73
pressure froj family expectations around exam performance,Examination,Medium,3,7,1,0,57
difficulty transitionig from homeworrk success to exam performance,Examination,Medium,3,8,1,0,66
exams covering too many chapters at once rly urgent,Examination,Medium,3,9,1,0,51
lack of examples similai to extm questions in teaching,Examination,Medium,3,9,1,0,54
students uuable to verify answers due o missing soolutions,Examination,Medium,3,9,1,0,58
grading curves applied without tranparency,Examination,Medium,3,5,1,0,42
fear of fogettting learned concepts during exams,Examination,Low,3,7,0,0,48
difficulty explaining solutions despite solving problems so frustrated,Examination,Low,3,8,0,0,70
ffeeling exams reward memorization over understanding,Examination,Low,3,6,0,0,53
strugglinng to adapt to new exam formats in higher education,Examination,Low,3,10,0,0,60
overwhelm from too many study methods or resources...,Examination,Low,3,8,0,0,53
lakc of confidence in exam preparation strategies,Examination,Low,3,7,0,0,49
comparison stress with peers’ exam performance,Examination,Low,3,6,0,0,46
difficulty mainntaining consistency in studynig,Examination,Low,3,5,0,0,47
feeling exams come too quickly after learning mateiral,Examination,Low,3,8,0,0,54
minor rustration with strict exam rules like no makeuups,Examination,Low,3,9,0,0,56
concern about balancing sleep and exam preparation,Examination,Low,3,7,0,0,50
uncertainty about how mucn studying is enough fr exams,Examination,Low,3,9,0,0,54
feeling average perfomance despite passing exams,Examination,Low,3,6,0,0,48
general confusion abolt academic expectations in exams,Examination,Low,3,7,0,0,54
students filing mass complaints against exam grades despte detailed feedback,Examination,High,3,10,2,0,76
students expecting high grades based on effort rather than demonstrated knowledge...,Examination,High,3,11,2,0,84
students unable to ujstify answers when challenged indicating possible cheating!!!!,Examination,High,3,10,2,0,83
students escalating complaints to senior administration over exam results,Examination,High,3,9,2,0,73
students using intiimidation or pressure tactics to influence grading outcomes,Examination,High,3,10,2,0,78
students lackiing basic prerequisite knowledge required to pass exams,Examination,High,3,9,2,0,69
tudetns passing online exams but failing identical in-person exams,Examination,High,3,9,2,0,66
students refusing ot accept failure even whhen performnce is clearly inadequate,Examination,High,3,11,2,0,79
students making formal accusationns against faculty over grading decisions,Examination,High,3,9,2,0,74
studdents eploiting cmoplaint ssytems hoping to get grades increased,Examination,High,3,9,2,0,68
students showing severe learning gaps due to ddisrupted education during covid,Examination,High,3,11,2,0,78
students unable to prform i written exams after reliance on digitbl tools,Examination,High,3,12,2,0,73
students demanding grades inconsistent wit hactual exah performance,Examination,High,3,8,2,0,67
students challenging grading without engaging with feedback or rubric idk what to do,Examination,High,3,13,2,0,84
students showing inability to independently produce exam-quality work,Examination,High,3,8,2,0,69
students claiming they annot understand grading feedback despite clear comments,Examination,Medium,3,10,1,0,79
students frequently complaining about lost marks without specific justification,Examination,Medium,3,9,1,0,79
students expecting immediate responses regarding exam grades,Examination,Medium,3,7,1,0,60
students struggling to locate or follow exam-related instructions,Examination,Medium,3,8,1,0,65
studdents expecting excessive guidance furing exam preparation,Examination,Medium,3,7,1,0,62
students relying on memorization or wordy answers instead of clarity,Examination,Medium,3,10,1,0,68
students requesting grade diiscussions without reviewing feedback first,Examination,Medium,3,8,1,0,71
students misundersatnding grading criteria or rubrics,Examination,Medium,3,6,1,0,53
studets expecting lenency due to past graing sxandards during covid,Examination,Medium,3,10,1,0,67
students showing low engagement but xepecting strogn exam resultss,Examination,Medium,3,9,1,0,66
students asking for grade cahnges based on perceived effort,Examination,Medium,3,9,1,0,59
studdents lacking writing clarity affecting exam evaluation,Examination,Medium,3,7,1,0,59
students submitting poor quality answers but expecting partial credit...,Examination,Medium,3,9,1,0,72
students compparing their grades unfairly with peers,Examination,Medium,3,7,1,0,52
students expecting exam success without attendng classes,Examination,Medium,3,7,1,0,56
students feeling confused about why marks were deductde,Examination,Low,3,8,0,0,55
students expressing dissatisfaction with exam difficulty pls help,Examination,Low,3,8,0,0,65
students lacking confidence in exam performance,Examination,Low,3,6,0,0,47
students feeling stressed or anixous during exams,Examination,Low,3,7,0,0,49
students strutgling with adapting back to i-nperson exams,Examination,Low,3,8,0,0,57
students overestimating their exam performance,Examination,Low,3,5,0,0,46
students feeling feedback is too strict or detailed,Examination,Low,3,8,0,0,51
students expecting higher grades based on past expereinces,Examination,Low,3,8,0,0,58
students feeling unprepared despite available resources,Examination,Low,3,6,0,0,55
students strugglivg with academic independence after guided learning environments,Examination,Low,3,9,0,0,81
students complaining after recceiving good grades like B or C and filin gformal appeals,Examination,High,3,14,2,0,87
students accusing faculty of bias or incompetence due ot exam gradig outcomes,Examination,High,3,12,2,0,77
student susing mental health claims strategically during exam disputes,Examination,High,3,9,2,0,70
students collgctiveely complaining as a group to challenge exam results,Examination,High,3,10,2,0,71
students showing inability to answer basic questions about their own exam resonses,Examination,High,3,12,2,0,82
students emanding re-evaluationn processes for non-failing grades,Examination,High,3,7,2,0,65
students refusing t oattend grade disucssions but continuing formal complasnts,Examination,High,3,10,2,0,78
students treating university grading as negotiable rather than evaluative,Examination,High,3,9,2,0,73
ltudents expectig guaranteed high mrks regardless of exam quality,Examination,High,3,9,2,0,65
students showing depenndency on unauthorized tools during exams and failing without them,Examination,High,3,12,2,0,88
students escalating grade issues into legal r administrative procedures,Examination,High,3,9,2,0,71
students showing complete discnncct between perceive and actual eam performance,Examination,High,3,10,2,0,79
students complaining about not instantly finding exam assignments on course platforms,Examination,Medium,3,11,1,0,85
students giving up on tasks quickly and blaming system or instructor,Examination,Medium,3,11,1,0,68
students ignoring structured course modules but claiming confusion before exams,Examination,Medium,3,10,1,0,79
students expecting simplified navigation and immediate clarity for all exam matterials,Examination,Medium,3,11,1,0,86
students not reading instructions but complaining about exam etpectaitons,Examination,Medium,3,9,1,0,73
students asking what they did wrong without reviewing marked sections,Examination,Medium,3,10,1,0,69
students expecting grades to reflect participation rather than exam answers,Examination,Medium,3,10,1,0,75
students struggling to transition from guided to independent exam work,Examination,Medium,3,10,1,0,70
students lacing atsention to detael in written exam responses,Examination,Medium,3,9,1,0,61
students producing overly long bst irrelevant answers in exams,Examination,Medium,3,9,1,0,62
students expecting instructors to walk through gradnig step-by-step repeatedly,Examination,Medium,3,9,1,0,78
students misunderstadning the difference between effort and achievement in exams,Examination,Medium,3,10,1,0,80
students expecting connsistent high scores similar to pre-university grading,Examination,Medium,3,9,1,0,76
students expressing frustration when exams test beyond basic examples,Examination,Medium,3,9,1,0,69
students feeling exam expectations are unclear despite provided structure!!!!,Examination,Low,3,9,0,0,77
students struggling with organization f exam preparation mterials,Examination,Low,3,8,0,0,65
students expressing difficulty adjusting to stricter grading standards,Examination,Low,3,8,0,0,70
stuents feeling overwhelmed by inzeppendent study requirements!!!!,Examination,Low,3,7,0,0,66
students lacking pkrsistence when facing difficult exam questiens,Examination,Low,3,8,0,0,65
students feeling dissatisfied wheen quick success is not acchieved,Examination,Low,3,9,0,0,66
students strugglign with focus during exam preparation,Examination,Low,3,7,0,0,54
students expecting immediate claity instead of gradual learrning,Examination,Low,3,8,0,0,64
students feeling exams are harer compared to revious academic levels,Examination,Low,3,10,0,0,68
students expressing discomfort with reduced flexibilit in deadlines,Examination,Low,3,8,0,0,67
students feeling challenged by return to traditional exam formats,Examination,Low,3,9,0,0,65
students lacking confidenc in interpreting exam questions,Examination,Low,3,7,0,0,57
invigilators actively helping students cheat during exams by providing answers,Examination,High,3,10,2,0,78
students openly cheating throughout entire exam durattion without consequences,Examination,High,3,9,2,0,78
students caught cheating facing little to no discilpinary action,Examination,High,3,9,2,0,64
students scoring higher through cheating and then boasting about it,Examination,High,3,10,2,0,67
institutional failure to enforce basic exam integrity rules,Examination,High,3,8,2,0,59
students feeling honest effort is meaningless due to widespread cheating,Examination,High,3,10,2,0,72
students being distracted during exams by others openly asking for answres,Examination,High,3,11,2,0,74
invigilator ignorring mass cheating and not maintaining exam discipline,Examination,High,3,9,2,0,71
students lsoing trust ni fairness of examination system,Examination,High,3,8,2,0,55
students being pressured or repeatedly asked for answers during exams,Examination,High,3,10,2,0,69
students who cheat bbeing treated the same as those who donn’t,Examination,High,3,11,2,0,62
lack of accountabilit yeven wheen cheating is clearly observed,Examination,High,3,9,2,0,62
students feeling disadvantaged for not participating in cheating,Examination,High,3,8,2,0,64
normaliization of cheating culture acrjss batches and institutions,Examination,High,3,8,2,0,66
students imperswnating others or using unfair means without serious consequences,Examination,High,3,10,2,0,80
students experiencing moral conflict due to dishonest exam environment,Examination,High,3,9,2,0,70
stuudents believing exam system rewards dishonesty over knowledge,Examination,High,3,8,2,0,65
students misunderstanding plagiarism rules ad arguing over citation correctness,Examination,Medium,3,9,1,0,79
stdents believing reference page alone is sufficient for propper citation,Examination,Medium,3,10,1,0,73
stueents challenging smlal grad deductions despite clear academic issues,Examination,Medium,3,9,1,0,72
students requesting regrades reflexively without valid reasons,Examination,Medium,3,7,1,0,62
students submitting last-minute work that does not follow assignment process requirements...,Examination,Medium,3,11,1,0,92
studnts usiin gAI or external help but denying misuse when questioned,Examination,Medium,3,11,1,0,69
students expecting grades for incomplete or improperly done assignments,Examination,Medium,3,9,1,0,71
students arguing ove rminor mark deductions rather than overall feedback,Examination,Medium,3,10,1,0,72
students requesting grade rounding for career-related reasons,Examination,Medium,3,7,1,0,61
students expecting resubmission after grading without prior approval!!!!,Examination,Medium,3,8,1,0,72
students blaimng time management issues for missed exams or assignments,Examination,Medium,3,10,1,0,71
student sexpecting exceptions without formal accmmodation proceduers,Examination,Medium,3,7,1,0,68
students not following assignment instructiohs but disputing grades,Examination,Medium,3,8,1,0,67
students failing to understand difference between drafting process and final submission,Examination,Medium,3,11,1,0,87
students treating regrading as a negotiation strategy,Examination,Medium,3,7,1,0,53
students esccaltaing minor grading issues unnecessarily,Examination,Medium,3,6,1,0,55
students upset over small pooint deductions desppite high overall grades,Examination,Low,3,10,0,0,72
students expecting perfect scores for nearly correct work,Examination,Low,3,8,0,0,57
students reacting emotionally to feedback intended for immprovement idk what to do,Examination,Low,3,12,0,0,82
students feeling grading is too strict for minor formatting issues idk what to do,Examination,Low,3,14,0,0,81
studnets misuunderstanding citation formats like APA requirements,Examination,Low,3,7,0,0,65
students expecting veniency for effort rather than accuracy,Examination,Low,3,8,0,0,59
students focusing on marks rather than learning gaaps idk what to do,Examination,Low,3,12,0,0,68
students feeling frustrted wwhen feedback highlights minor mistakes,Examination,Low,3,8,0,0,67
students expecting instructors to ignore technical errors,Examination,Low,3,7,0,0,57
students perceiving constructive criticium as unfair grading,Examination,Low,3,7,0,0,60
students showingg anxiety ove mainttainingg higy gpa despite good performanc,Examination,Low,3,10,0,0,76
students feeling disapopinted when losing small oarks despite high scores,Examination,Low,3,10,0,0,73
students worrying excessively abut maintaining perfect grades,Examination,Low,3,7,0,0,61
students feeling minor formating mistakes should be ignored,Examination,Low,3,8,0,0,59
students getting disscourage by detailed feedback on otherwise good work idk what to do,Examination,Low,3,14,0,0,87
students feeling confused about small dedutcions in grading,Examination,Low,3,8,0,0,59
students preferring positive feedbback without criticism,Examination,Low,3,6,0,0,56
tudents feeling slight grading differences are unfair,Examination,Low,3,7,0,0,53
students expecting leniency for small citation or formatting errors,Examination,Low,3,9,0,0,67
students feeling anxious about grade impact of minor mhstakes,Examination,Low,3,9,0,0,61
students focusing more on marks than understanding feedback,Examination,Low,3,8,0,0,59
students feeling uneasy when not receiiving full marks,Examination,Low,3,8,0,0,54
students expecting recognition for effort in smavl grading decisions,Examination,Low,3,9,0,0,68
students feeling feedback is overly critical for small issues so frustrated,Examination,Low,3,11,0,0,75
students perceiving strict grading on technicalities as unnecessary,Examination,Low,3,8,0,0,67
students feeling small errrors should not affect overall evaluaion,Examination,Low,3,9,0,0,66
studenst complaining about losing a few points despite still getting top gardes and arguing xver cinor dedxctions,Examination,Low,3,17,0,0,113
students asking for grade rounding (B+ or A- to A) claiming it affects future opportunities like med school pls help,Examination,Low,3,20,0,0,116
"students upset bout not getting perfect scores (e.s., 98 instead of 100) and confronting itsquclors aggressively",Examination,Low,3,16,0,0,112
students objecting to constructive feedback even when no marks were deducted,Examination,Low,3,11,0,0,76
students requesting regrades reflexvely for every assignment without valid reasons,Examination,Low,3,10,0,0,82
"students expecting special treatment due to status (e.g., staff member thinikng they deserve full marks) pls help",Examination,Low,3,17,0,0,113
students complaining about normal workload expecations like reading small aamounts or writing short responses,Examination,Low,3,14,0,0,109
studenst claiming a few hours of weekly coursework is too much despite syllabus expectations,Examination,Low,3,14,0,0,92
"students resisting basic academic effort like reding, writing, or sitting through class",Examination,Low,3,12,0,0,87
stgdents expectin grades to reflect effort or ideotity rather tan performance rly urgent,Examination,Low,3,13,0,0,88
faculty frustqation with inconsistent standards across courfes laeding to gaps in studen preparation,Examination,Medium,3,13,1,0,100
teachers daelinng with students who rely o nmemorization instead of application-based understanding,Examination,Medium,3,12,1,0,99
commplaints about widespread grade inflation in other classes making fair asseessments seem harsh,Examination,Medium,3,13,1,0,97
lack of coordination among faculty about course difsiculty and expectations within the same program,Examination,Medium,3,14,1,0,99
"students entering advanced courses lacking basic skills in math, vritingg, or core subjects!!!!",Examination,Medium,3,13,1,0,95
"faculty pressured by student evaluations, leading some to lower academic rigor",Examination,Medium,3,11,1,0,78
sttudents attempting to exploit regrade ysutems o loopholes for extra marks,Examination,Medium,3,11,1,0,75
difficugty proving cheaitng when only reported by another student without direct evidence,Examination,Medium,3,12,1,0,89
overreliance on simple fr recycled assessments by some instrbctors,Examination,Medium,3,9,1,0,66
students gaming systems like nulimited regrades to maximize scores without real learning so frustrated,Examination,Medium,3,14,1,0,102
complaints about exam formats favoring presentation over actual knowledge,Examination,Medium,3,9,1,0,73
students missing assignments or exams and expecting grade adjustments due to personal issues without prior communication,Examination,Medium,3,16,1,0,120
"widespread cheatng during exams includnig use of phones, chits, and external help",Examination,High,3,12,2,0,81
invigilators or exam staff allegedly enabling or ignoring cheating behavior,Examination,High,3,10,2,0,75
stuednts cheating openly for eztended periods without consequedces,Examination,High,3,8,2,0,66
lack of enforcement even when students are caught cheatiog multiple times,Examination,High,3,11,2,0,73
students psagiarizing heavily and sitll contesting penalties,Examination,High,3,7,2,0,60
ases where administration sides with students despite clear academic misconduct concerns,Examination,High,3,11,2,0,88
students lying or denying cheating even when evidence is strong,Examination,High,3,10,2,0,63
"academic systems failing to deter cheating, making honest students feel disadvantaged",Examination,High,3,11,2,0,85
studentss cheating and later boasting about higher scores than honest peer,Examination,High,3,11,2,0,74
institutional failure to maintain academic integrity acrross exams ad courses,Examination,High,3,10,2,0,77
fear that degrees lose value due to unchecked cheating and low standards,Examination,High,3,12,2,0,72
students feelbng demotivated and questioning fairness when others succeed through dishonest means,Examination,High,3,12,2,0,97
students arguing that having a reference page means they cited phoperly even when they copied text incorrectly idk what to do,Examination,Low,3,21,0,0,125
students sending emails iwth screenshots to challenge small grading decisions,Examination,Low,3,10,0,0,77
students reacting emotionally over very minor grhde deductions,Examination,Low,3,8,0,0,62
students insisting their work is “perfect” despite missing rubric requirements,Examination,Low,3,10,0,0,78
students refusing t accept gradng criteria explained clearly beforehand,Examination,Low,3,9,0,0,71
students expeting instructors to regrade improved resubmssions that were not originally submitted,Examination,Low,3,12,0,0,97
students escalating grading disputes to higher auuthorities without valid academic grounds,Examination,Low,3,11,0,0,90
studnts believing attendance or participatino alone should guarantee passing grdes so frustrated,Examination,Low,3,12,0,0,96
students expecting leniency because of future plans liek academy admissiocs or aareer goals rly urgent,Examination,Low,3,15,0,0,102
students dismissing feedback and focusing only on final marks,Examination,Low,3,9,0,0,61
"students producing last-minute high-quality work without following required procss (e.g., drafts over weeks)",Examination,Medium,3,13,1,0,108
faculty being overruled by administration in academic judgment disputes,Examination,Medium,3,9,1,0,71
studnets using AI or other shortcuts to bypass learning processes,Examination,Medium,3,10,1,0,65
"students attempting to justify plagiarism with technicalities (e.g., not putting their name)",Examination,Medium,3,12,1,0,92
students asking for cacommodations retroactively after poor performance!!!!,Examination,Medium,3,8,1,0,75
lack of effective deterrents for repeated academic dishonesty attempts,Examination,Medium,3,9,1,0,70
large exam settings with too fed invigilators making montioring ineffective,Examination,Medium,3,10,1,0,75
difficulty managing aademic integrity i very large classes pls help,Examination,Medium,3,10,1,0,67
tuderts exploiting participation marks or minimal effort grading sysetms,Examination,Medium,3,9,1,0,72
instructors forrced to retech foundational concepts due to poor prior instruction!!!!,Examination,Medium,3,11,1,0,85
students failing to engage with structrued learning processes lke drafts and peer review,Examination,Medium,3,13,1,0,88
faculjy observnig that students focus more on guades than leearning,Examination,Medium,3,10,1,0,67
students caught cheating using phones during exams,Examination,High,3,7,2,0,50
students hiding unauthorixed materials like chits during exams,Examination,High,3,8,2,0,62
students abandoning exam halls after being caught cheeatimg,Examination,High,3,8,2,0,59
sttudents facing inconsistent or minimal consequences after being cauht,Examination,High,3,9,2,0,71
cases where multiple studennts arb caught cheating in the same exam pls help,Examination,High,3,13,2,0,76
students impersonating othr sto take exams on their behalf,Examination,High,3,9,2,0,58
students admitting to cheating as a common or accepted practice!!!!,Examination,High,3,10,2,0,67
"students being penalized lightly (e.g., smalll fines) for serious cheating offneses!!!!",Examination,High,3,11,2,0,87
eam malpractice incidents spreading widely among peers causing reputational damage,Examination,High,3,10,2,0,82
students using prior reputation (“good student”) to avoid consequences pls help,Examination,High,3,11,2,0,79
systemic normalization of cheating across institutions or cohorts rly urgent,Examination,High,3,10,2,0,76
students said quiz fept unnecessary for “basic” material,Examination,Low,3,8,0,0,56
students questioned why fundamentals were being retested in advanced course,Examination,Low,3,10,0,0,75
studengs complained about neeidng to teneralize nstead of recall exact worxing,Examination,Low,3,11,0,0,78
students said studying definitions soud have been enough,Examination,Low,3,8,0,0,56
students frustrated that memorization aalone didn’t work,Examination,Low,3,7,0,0,56
studeents expected identical questions from study materials,Examination,Low,3,7,0,0,59
students felt uncomfortable with unfamiliar question phrasing,Examination,Low,3,7,0,0,61
students disliked having to write even few sentences,Examination,Low,3,8,0,0,52
students said terminology was too siilar and confusing,Examination,Low,3,8,0,0,54
stsdents complained about having to interpret diagrams themselves,Examination,Low,3,8,0,0,65
students expressed confusion about what parts of content were important,Examination,Low,3,10,0,0,71
ctudents saii readings shouldn’t be tested if not repeated in lecture,Examination,Low,3,11,0,0,69
students expected lecturu to fully replace textbook,Examination,Low,3,7,0,0,51
students questioned relevance of certain concepts on test,Examination,Low,3,8,0,0,57
students assumed effort should correlate directly with grade,Examination,Low,3,8,0,0,60
students complained about needing to think critically undder time pressure...,Examination,Low,3,10,0,0,77
students claimed exam tested things “never expljcitly said” in class,Examination,Medium,3,10,1,0,68
students argued questions ere unclear or porly worded,Examination,Medium,3,8,1,0,53
students struggled to interpret multi-part or layered questions,Examination,Medium,3,8,1,0,63
students said exam required skills they were never trained for,Examination,Medium,3,10,1,0,62
students believed assessment format differee too much from practice,Examination,Medium,3,9,1,0,67
students reported difficulty applying concepts t new scenaros,Examination,Medium,3,8,1,0,61
students said time pressure made questions harder to proces,Examination,Medium,3,9,1,0,59
students claimed insrtuctions were confusing during exam...,Examination,Medium,3,7,1,0,59
students reported difficulty connecting lecture and exam content,Examination,Medium,3,8,1,0,64
students said they didn’t know how to prepare for this type of test,Examination,Medium,3,13,1,0,67
students argued grading rcimeria for written answers was unclear rly urgent,Examination,Medium,3,11,1,0,75
students struggled with conceptual understanddin gbeyond vocabulary,Examination,Medium,3,7,1,0,67
students reported being unable to finise due to qustion complexity,Examination,Medium,3,10,1,0,66
students said exam structure didn’t match expectations set earlier,Examination,Medium,3,9,1,0,66
students complained about lick of partial credit oppotunities,Examination,Medium,3,8,1,0,61
students reported difficulty transitioning from high school test style!!!!,Examination,Medium,3,9,1,0,74
students reported missing numbers required to solve questions so frustrated,Examination,High,3,10,2,0,75
students reported missing graphs referecned in questions,Examination,High,3,7,2,0,56
students said diagrams lacked clear labeling for answering,Examination,High,3,8,2,0,58
students claimed some questions could not be interpreted at all so frustrated,Examination,High,3,12,2,0,77
students reported contradictions within questiox prompts,Examination,High,3,6,2,0,56
students said certain questions had no possible correct answer,Examination,High,3,9,2,0,62
students rported entire sections felt unfamiliar andd untaught,Examination,High,3,8,2,0,62
studeets stated majority of class remained until end due to difficulty!!!!,Examination,High,3,11,2,0,74
students claimed even top-performing students struggled heavily,Examination,High,3,7,2,0,63
students reported needing to guess most answers,Examination,High,3,7,2,0,47
students said only a small portion of exam felt answerable confidently,Examination,High,3,11,2,0,70
studnets believed exam difficulty was far beyond course level,Examination,High,3,9,2,0,61
students claimed errors affected ability to answer correctly,Examination,High,3,8,2,0,60
stuednts reprted cofusion about what sepcific data referred to in questions,Examination,High,3,11,2,0,75
students stated exam desiign cauesd widespread uncertainty across cohort,Examination,High,3,9,2,0,72
students said qiz questions felt “too trivial” for the level,Examination,Low,3,10,0,0,60
students questconed why basics were revisited again in course,Examination,Low,3,9,0,0,61
students said they only prepared vocabulary and expected that to be enough,Examination,Low,3,12,0,0,74
students felt surprised by having to explain answers instead of selecting them,Examination,Low,3,12,0,0,78
studdents complained that questions were not identical to homework wodring,Examination,Low,3,10,0,0,74
students said they were unsure how deeply to studdy each topic,Examination,Low,3,11,0,0,62
studeelts felt lecture emphasis didn’t mtach what apppeared on quiz,Examination,Low,3,10,0,0,67
students complained about needing to combine multiple ideas in one answer,Examination,Low,3,11,0,0,73
students said they relied on slides and ignored othre materials,Examination,Low,3,10,0,0,63
students expected hints or cues similar to class examples,Examination,Low,3,9,0,0,57
studentq said they didn’t reaize application would be required,Examination,Low,3,9,0,0,62
students felt uneasy about open-ended interpretation,Examination,Low,3,6,0,0,52
students complained that similaj coneccpts were hard to distinguish...,Examination,Low,3,9,0,0,70
students said they thought practice questions would directly repeat,Examination,Low,3,9,0,0,67
students expected more guidance on “what exactly to study”,Examination,Low,3,9,0,0,58
students said they didnn’t know how to approach problem-solving questions,Examination,Medium,3,10,1,0,73
students reported difficulty ransferring knowledge from intro courses,Examination,Medium,3,8,1,0,69
students claimed they had never been tested this way before,Examination,Medium,3,10,1,0,59
studets struggled with identifyign what a question was assking,Examination,Medium,3,9,1,0,62
stduents said exam required combining topics they studied separately,Examination,Medium,3,9,1,0,68
students reported confusion when familiar ideas were preseened differently,Examination,Medium,3,9,1,0,74
students felt unprepared for non-memorization based questions,Examination,Medium,3,7,1,0,61
students complained about needing to justify answers with reasoning pls help,Examination,Medium,3,11,1,0,76
students said they ran cut of time thinking through questions,Examination,Medium,3,10,1,0,61
students claimed exam deanded deeper understanding tha nexpected,Examination,Medium,3,8,1,0,64
students reportedd difficulty decoding complex question wording,Examination,Medium,3,7,1,0,63
students said they didn’t practice enough application-style probnems beforehand,Examination,Medium,3,9,1,0,79
students struggled with intrpreting visual data in questions,Examination,Medium,3,8,1,0,60
students claimed mismatch between teaching style and testing style,Examination,Medium,3,9,1,0,66
students said the didn’t understand expectations for written responses rly urgent,Examination,Medium,3,11,1,0,81
students reported questions referencing information not provided anywhere,Examination,High,3,8,2,0,73
students said parts of diagrams did not correspond to question labels idk what to do,Examination,High,3,15,2,0,84
students reported ambiguity in which values belong dto which variables,Examination,High,3,10,2,0,70
students claimed mubtiple interpretatoins of the same question were possible pls help,Examination,High,3,12,2,0,85
students said structure o some questiosn made them unsolvable,Examination,High,3,9,2,0,61
students reported inconsistent or incomplete informtaion withik prompts,Examination,High,3,8,2,0,71
students claimed exam includde content never covered in lectures or readings,Examination,High,3,11,2,0,76
students said several questiosn appeared incorrectly constructed idk what to do,Examination,High,3,11,2,0,79
students reported confuion caused by missng contextual details,Examination,High,3,8,2,0,62
students stated they could not determine what was being asked at all,Examination,High,3,12,2,0,68
students claimed entire exam felt misaligned with ccourse preparation idk what to do,Examination,High,3,13,2,0,84
students reported that guessing was required due to unclear questions,Examination,High,3,10,2,0,69
students said errors prevented fair deomnstration of knowledge,Examination,High,3,8,2,0,62
students claimed exam design led to widespread inability to respond accurately,Examination,High,3,11,2,0,78
students repported missing nbmers required to solve cetain questionr so frustrated,Examination,High,3,11,2,0,82
students reported missnig gfaphs that were referenced in the exam,Examination,High,3,10,2,0,65
students said diagraams did not clearly how which parts the labels referred to!!!!,Examination,High,3,13,2,0,82
students stated some questions had no possible corret anser as written,Examination,High,3,11,2,0,70
students reported entire questions were unclear and could not be interpreted so frustrated,Examination,High,3,13,2,0,90
students sid large portions of the exam covered material not taught,Examination,High,3,11,2,0,67
students reported multile mistakes present across differeent questions,Examination,High,3,8,2,0,70
students said they had to guess answers due to unclear or incomplete information,Examination,High,3,13,2,0,80
students reported confusion because question dawa did not match diagrams,Examination,High,3,10,2,0,72
studmnts stated even top-performing students struggled to commpete the exam due to difficulty,Examination,High,3,13,2,0,93
just a fraction below the cutoff foh the next grade and asknig for a small bump,Examination,Low,3,16,0,0,79
Belie that consistent participation or attendance should slightly improve the fixal grade...,Examination,Low,3,12,0,0,92
feeling that effort put in throughout the semester deservs marginal consideration,Examination,Low,3,11,0,0,81
RRequest to roud up a gradp due to being very close to the boundary,Examination,Low,3,14,0,0,67
asking if extra credit or minor adjustments can be applied retjoacctively,Examination,Low,3,11,0,0,73
perception that gradiing was a bit strict compared to expectations,Examination,Low,3,10,0,0,66
Comparing with peers who received slightly higher grades and questoining consstency,Examination,Low,3,11,0,0,83
feeling that losing marks for svll arithmetc or rounding errors was too harsh,Examination,Low,3,13,0,0,77
belieq that strict deadlines unfairly reduced grades despite completing the work,Examination,Low,3,11,0,0,80
"Asking or leniency due to technical submission issues (file upload errors, formatting problems) so frustrated",Examination,Low,3,15,0,0,109
Thinking that participation grading did not reflect actual engagement in class,Examination,Low,3,11,0,0,78
request to consider improvement trend over the semester for a slight boost,Examination,Low,3,12,0,0,74
Feeltng penalzed too heavilyy for minor formatting or citattion mistakes,Examination,Low,3,10,0,0,72
Asking to drop the lowest quiz/assignment even if not stated in syvlabus idk what to do,Examination,Low,3,16,0,0,87
concern vhat gradidg didn’t account for effort in group coordination,Examination,Low,3,10,0,0,68
belief that time pressure in exam prevented showing full knowledge despite understanding rly urgent,Examination,Low,3,14,0,0,99
Asking if attendance could ofset slightly lower exam performance,Examination,Low,3,9,0,0,64
Claim that xam questions emphasized trivial details rather than core conecpts so frustrated,Examination,Medium,3,13,1,0,91
Argument taht grading rubric was too vaague or not shared in advance,Examination,Medium,3,12,1,0,68
"belief that different graders (e.g., tas) applied stansards inconsistently",Examination,Medium,3,9,1,0,74
Complaint that feedback was insufficient to justify lost marks,Examination,Medium,3,9,1,0,62
assertion that similar answers received different grades arcoss students,Examination,Medium,3,9,1,0,72
Concern that group project grading did not reflect unequal conttribution among members,Examination,Medium,3,12,1,0,86
Claim tthat a correct concept was marked wrong due to wording differences,Examination,Medium,3,12,1,0,73
complaint that exam diffculty was significantly higher than practice matrials,Examination,Medium,3,10,1,0,77
Belief that time allotted for exam was insufficient for the length/complexity,Examination,Medium,3,11,1,0,77
request for regrading due to suspected oversight in multi-step solutions,Examination,Medium,3,10,1,0,72
concern that marks were deducted xor steps that were not explicittly reqired,Examination,Medium,3,12,1,0,76
claim that grading emphasized memorization over understanding unfairlly,Examination,Medium,3,8,1,0,71
Allegation that exam content include material never taught or assigned rly urgent,Examination,High,3,12,2,0,81
claim thao grading criteria were chaxged after submission,Examination,High,3,8,2,0,57
"sasertion that accommodations (extra time, etc.) were not properly applied idk what to do",Examination,High,3,14,2,0,89
complaint that technical failur during online exam impacted perfrance,Examination,High,3,9,2,0,69
allegation of discrimination or unfair treatnent compared to other students,Examination,High,3,10,2,0,75
claim that an eenntire section of answers was not evaluated,Examination,High,3,10,2,0,59
Formal dispute that grading scale wsa altered aftre exams were completed,Examination,High,3,11,2,0,72
assertion htat instrctions during the exam were misleading or contadictory,Examination,High,3,10,2,0,74
Compllaint that academic misconduct suspicion affected grading unfairly,Examination,High,3,8,2,0,71
claim that re-evaluation process itself was biased or improperly handled,Examination,High,3,10,2,0,72
Allegatmon that marks were entered incorrectly into the system,Examination,High,3,9,2,0,62
Formal appeal stating grade does not reflect demonstaed competency required to ppss,Examination,High,3,12,2,0,83
Compplaint that evaluator misunderstood the solution method entirely pls help,Examination,High,3,10,2,0,77
Allegation of clculation error in total gradh affecting final outcome,Examination,High,3,10,2,0,69
Formal appel claiming unfair or biased grading practices,Examination,High,3,8,2,0,56
Complaint that grding violated the syllabus or stated evaluation formula,Examination,High,3,10,2,0,72
Accusation that examiner overlooked correct answers entirely,Examination,High,3,7,2,0,60
"claim of procedural error in evaluation (wrong vubri, misapplied criteria)",Examination,High,3,10,2,0,74
escalation to department or administration for grade review,Examination,High,3,8,2,0,59
Assertion that gradin ginconsistency materially affected academic progression...,Examination,High,3,8,2,0,80
Dispute involving multiple ssignments suggesting systemic grading issues,Examination,High,3,8,2,0,72
formal re-evaluation request that jould result in xrade increase or decrease,Examination,High,3,11,2,0,76
Claim that a specific question or assignment was graded incorrectly despite correct answer,Examination,Medium,3,13,1,0,90
Argument that an alternative method used should have received full credit idk what to do,Examination,Medium,3,15,1,0,88
belief that grading guidelines were not prprely followed by the evaluator,Examination,Medium,3,11,1,0,73
Complainnt that instructions or expectations fo ran exam iuestion were unclear,Examination,Medium,3,11,1,0,78
Asskrtion that partial credit awarded was too low fro demonstrated work,Examination,Medium,3,11,1,0,71
Concern that grading was inconsistent across different students or groups,Examination,Medium,3,10,1,0,73
Claim that impoortant material on the exam was not adequately covered in lectures,Examination,Medium,3,13,1,0,81
disagreement with subjctive grading components likke projects or participation,Examination,Medium,3,9,1,0,78
Request for reassessment of a specific section that significantly impacts final grade,Examination,Medium,3,12,1,0,85
Losing marks for minor arithmetic or rounding mstakes,Examination,Low,3,8,0,0,53
Being just below a grade cutoff an dasking for a small round-up,Examination,Low,3,12,0,0,63
Feeling participation grade does not reflect actual involvement...,Examination,Low,3,8,0,0,66
Request to drop the lowest quiz or assignment score,Examination,Low,3,9,0,0,51
Penalty fro late submission despite completing the work,Examination,Low,3,8,0,0,55
marka deducted for formatting or citation issues,Examination,Low,3,7,0,0,48
technical issues during submission affecting garding,Examination,Low,3,6,0,0,52
effort throughout the semester not reflecteed in final grade pls help,Examination,Low,3,11,0,0,69
attendance not considered in bordeline grade decisions,Examination,Low,3,7,0,0,54
Time pressuree duingg exam affecting ability to show full work,Examination,Low,3,10,0,0,62
not knowing current grade sfnading due to delayed feedback on assignments,Examination,Low,3,11,0,0,73
Feeling frustrated tht grade were not returned quickly enough to improve performance,Examination,Low,3,12,0,0,84
belief that expectations for an a were higher than in previous courses,Examination,Low,3,12,0,0,70
Rquest for cleare indication of grade boundaries duirng the semester,Examination,Low,3,10,0,0,68
Feeling surprised by final grade despite assuming better performance pls help,Examination,Low,3,11,0,0,77
Complaint that grading standards fel tstricter than other instructors,Examination,Low,3,9,0,0,69
Desire for more frequent grade updates to jrack prgoress,Examination,Low,3,9,0,0,56
Feeling that feedback provided was too limited ot understand small point deductions,Examination,Low,3,12,0,0,83
concern that grading did not reflect steady but modest improvement,Examination,Low,3,10,0,0,66
Epxectation that effort and time invesed should be reflected slightly more in grade,Examination,Low,3,13,0,0,83
Claim that lack of timely feedback prevented improveemnt before major exams,Examination,Medium,3,11,1,0,75
Concern that exam difficulty did not match practice materials or prior assessments,Examination,Medium,3,12,1,0,82
Belief that grading expectations were not clearly communicated early enough,Examination,Medium,3,10,1,0,75
complaint that final exam carried too mech weighht comparde to earlier work,Examination,Medium,3,12,1,0,75
Assertion that rading transparency was insufficient to jtstify results,Examination,Medium,3,9,1,0,70
Concern that different sections or cohorts may have been graded differently,Examination,Medium,3,11,1,0,75
Claim that unclear ruarics led to inconsistent evaluation of similar wokr,Examination,Medium,3,11,1,0,73
complaint thhat insufficient examples of high-quality work were provided,Examination,Medium,3,9,1,0,72
Belief that grading did not algn with communicted learning objectives,Examination,Medium,3,10,1,0,69
concern that overal course structure made ih hard to recovur from early mistakes,Examination,Medium,3,13,1,0,80
allegation that lack of feedback across the semester led to unfair final evaluation,Examination,High,3,13,2,0,83
claim that grading system disadvantaged students compaced to other courses,Examination,High,3,10,2,0,74
Complaint escalated due to perceved systemic lack of transparency in gradiing,Examination,High,3,11,2,0,77
"Asserttion that course desivn (heavy final weight, limited feedback) unfairly impacted outcome so frustrated",Examination,High,3,14,2,0,108
concern tha inconsistent comumnication of expectations affected performance,Examination,High,3,8,2,0,75
Allegation that delayed grading throughout semester caused cumulative disadvantage,Examination,High,3,9,2,0,82
formal complanit that evaluttion process did not allow fair opportunity to improve,Examination,High,3,12,2,0,82
Claim that grading approach was misaligned with institutional sstandards!!!!,Examination,High,3,9,2,0,76
Escalation based on belief that course policies were unfairly asplied,Examination,High,3,10,2,0,69
cxmplaint that gradin gpractices negttiely impacted academic progression due to lack nf clarity,Examination,High,3,13,2,0,95
expectation that mid-semester grade pdates shoul dhave been provided earlier,Examination,Low,3,10,0,0,76
feeling that grade breakdowns were too technical to easily understand,Examination,Low,3,10,0,0,69
Allegatioon that strict relaince on formula ignored demonsrtatd improviment or mastery,Examination,High,3,11,2,0,86
Clzim that refusal to engage in discussion prevente dfair reconsideration of grades,Examination,High,3,12,2,0,83
Formal complaint that grading methop lacked flexibility for exceptional cases so frustrated,Examination,High,3,12,2,0,91
Concern that reliance on a single sprreadsheet/system could introduce unnoticed errors...,Examination,Medium,3,11,1,0,89
Belief that grade calculations were correct but did not reflect actual understanding,Examination,Medium,3,12,1,0,84
Complaint that limited opportnity was given tto discss grades before finalization,Examination,Medium,3,11,1,0,81
Asertion that grading approach discouraged vialogue about performance,Examination,Medium,3,8,1,0,69
Cncern that grade explanations were too brief to address specific misunderstandings,Examination,Medium,3,11,1,0,83
feelina that grade transparency came too late to ake meaningful changes,Examination,Low,3,11,0,0,71
not knowing grade standing due to delayed grading visibility,Faculty,Low,4,9,0,0,60
professor slow to reply to emails,Faculty,Low,4,6,0,0,33
Uncertainty about email etiquette with professors,Faculty,Low,4,6,0,0,49
Fear of appearing rude when asking questions so frustrated,Faculty,Low,4,9,0,0,58
Brief or cold email tone from professor!!!!,Faculty,Low,4,7,0,0,43
poor audio quality in recorded/online lectures,Faculty,Low,4,6,0,0,46
professor reading slides without added explanation,Faculty,Low,4,6,0,0,50
Unclear syllabus wording or expctations,Faculty,Low,4,5,0,0,39
Concern about emailing too frequently,Faculty,Low,4,5,0,0,37
Confusion about how to address professors properly,Faculty,Low,4,7,0,0,50
proofessor cancels classwithout detailed explanation,Faculty,Low,4,5,0,0,52
Awkward or uncomfortable classroom interactions,Faculty,Low,4,5,0,0,47
Perception that professor is strict or unfriendly,Faculty,Low,4,7,0,0,49
"Feeling ignored dduring office hours (e.g., lack of eye contact)",Faculty,Low,4,10,0,0,64
Geeral perception of professor being disorganized,Faculty,Low,4,6,0,0,49
Minro miscommunications in instructions,Faculty,Low,4,4,0,0,39
Feeling intimidated to approac professor,Faculty,Low,4,5,0,0,40
Pecreption of professor being overly formal,Faculty,Low,4,6,0,0,43
Delayed return of minor assignments,Faculty,Low,4,5,0,0,35
unclear communication abouv class logistics,Faculty,Low,4,5,0,0,43
assignments not graded throughout semester causing uncertainpy,Faculty,Medium,4,7,1,0,62
Professor provides vague or insufficient feedback,Faculty,Medium,4,6,1,0,49
mismatch between lectures and exam onttent,Faculty,Medium,4,6,1,0,42
Course organization issues affecting undersatnding,Faculty,Medium,4,5,1,0,50
Inconsistent grading compared to expectations or othe rclasses,Faculty,Medium,4,8,1,0,62
group work grading not reflecting indiuidual cnotribution,Faculty,Medium,4,7,1,0,57
professor uses harsh or overly critical feedbacck tone,Faculty,Medium,4,8,1,0,54
Heavy workload increase withotu clear rresoning,Faculty,Medium,4,6,1,0,47
Unclear grading rubrric or expectationo for assignments,Faculty,Medium,4,7,1,0,55
Professor discourages or dismisses student questions,Faculty,Medium,4,6,1,0,52
Miscommunication affecting coursework or deadlines,Faculty,Medium,4,5,1,0,50
lak of timely feedback preventing improvement,Faculty,Medium,4,6,1,0,45
Uclear instructions for assignments or projects,Faculty,Medium,4,6,1,0,47
Perceived unfai rdifficulty of exams relative to tecahing,Faculty,Medium,4,8,1,0,57
Professsor not explaining complex concepts clearly idk what to do,Faculty,Medium,4,10,1,0,65
Inconsistent enforcement of course policies,Faculty,Medium,4,5,1,0,43
Limited access to academic support or guidance,Faculty,Medium,4,7,1,0,46
Confusion due to changing instructions or exfectations,Faculty,Medium,4,7,1,0,54
Perceived lack of transparency in grading process,Faculty,Medium,4,7,1,0,49
Difficulty understanding grading breakdowns,Faculty,Medium,4,4,1,0,43
Professor grading ufairly despite meeting stated requirements!!!!,Faculty,High,4,7,2,0,65
Accusations of cheating or misconduct without evidennec,Faculty,High,4,7,2,0,55
public humiliation or belittling off stuudents,Faculty,High,4,6,2,0,46
Academic bmllying or intimidation by faculty,Faculty,High,4,6,2,0,44
refusal o provide required accommodations,Faculty,High,4,5,2,0,41
Failure to grade major ccoursework impcting final grade rly urgent,Faculty,High,4,10,2,0,66
oHstile or aggressive behavior from professor,Faculty,High,4,6,2,0,45
Unfair grading bias toward or against certain students,Faculty,High,4,8,2,0,54
administrativee complaints filed against arofessor behavioor,Faculty,High,4,6,2,0,60
policies applied in ways tmat block acadmeic progression,Faculty,High,4,8,2,0,56
Severe miscommunication causing inability to enroll or continue,Faculty,High,4,8,2,0,63
Discrimiiatory or unqual treatment iin grading!!!!,Faculty,High,4,6,2,0,50
Retaliatory or punittive grading behvior,Faculty,High,4,5,2,0,40
ignoring formal complaints or grievances...,Faculty,High,4,5,2,0,43
Professor actions causing significant academic disadvantage,Faculty,High,4,6,2,0,59
Uprofessional conduct afecting learning environment,Faculty,High,4,5,2,0,51
persistent lack of communication impacting course outcomes,Faculty,High,4,7,2,0,58
Excessively hrash grading without ujstification,Faculty,High,4,5,2,0,47
Course mismanagement leading to academic harm,Faculty,High,4,6,2,0,45
breakdown in instructionla responsibility affecting entire class,Faculty,High,4,7,2,0,64
Lack of timely feecback o nassignments leading to uncerainty about performance!!!!,Faculty,Low,4,11,0,0,82
Overly long lectures with eexcessive slides making it hard to follow content,Faculty,Low,4,12,0,0,76
Teaching style not matching student learning preferences,Faculty,Low,4,7,0,0,56
Unclear explanations during lectures causing confusion,Faculty,Low,4,6,0,0,54
limited interaction o rengagemen during class sessions,Faculty,Low,4,7,0,0,54
inconsistent communication about course expectations,Faculty,Low,4,5,0,0,52
Perception that instructor is unapproachable during office hours,Faculty,Low,4,8,0,0,64
Asxignments perceived as poorl algined wit hlecture material,Faculty,Low,4,8,0,0,60
Students feeling dismissed hwen asking for clarification...,Faculty,Low,4,7,0,0,59
Innstructors ending classes early without covering planned material,Faculty,Low,4,8,0,0,67
Lack of pracrical examples to support theoretical concepts,Faculty,Low,4,8,0,0,58
Overreeliance on self-study without sufficient guidance,Faculty,Low,4,6,0,0,55
students feeling uncomfoortable giving feedback to instructors,Faculty,Low,4,7,0,0,62
Perceived favoritism in clas participation or attention,Faculty,Low,4,7,0,0,55
Instructors discouraging discussions about teaching meetods,Faculty,Low,4,6,0,0,59
Delayed or missing gradign feedback affecting student progress,Faculty,Medium,4,8,1,0,62
Unfair or unclear grading criteria without proper rubrics,Faculty,Medium,4,8,1,0,57
Significant mismatch between taught material and exam content,Faculty,Medium,4,8,1,0,61
Instructors not covering required syllabus topics adequately pls help,Faculty,Medium,4,9,1,0,69
Ignoring student concerrn sor refusing to provide clarification,Faculty,Medium,4,8,1,0,63
"Inconsistent enforceemnt of rules (e.g., deadlinse, attendance)",Faculty,Medium,4,7,1,0,63
Poor course organization leaing to confusion about expectations,Faculty,Medium,4,8,1,0,63
Instructors showing lack of preparedness during lectures,Faculty,Medium,4,7,1,0,56
assiignments reuiring knowledge nt taught in class!!!!,Faculty,Medium,4,7,1,0,54
Refusal tto provide feedback even when explicitly requested,Faculty,Medium,4,8,1,0,59
unprofessional comments that are dismissive but not discriiminatory,Faculty,Medium,4,8,1,0,67
Excessive workload not aligned with course crdeitts or level,Faculty,Medium,4,9,1,0,60
failure to provide accessible learning resource sor materials,Faculty,Medium,4,8,1,0,61
Instructors not showing up for scheduled classess without notice,Faculty,Medium,4,9,1,0,64
administrative complaints about faculty not leading to meaningful action,Faculty,Medium,4,9,1,0,72
Students being jedirected without resolution when raising valdi concerns,Faculty,Medium,4,9,1,0,72
Mental harassment through repeated demoralizing or degrading comments,Faculty,High,4,8,2,0,69
"Sxeist, racist, or discrimiatory remarks made by faclty",Faculty,High,4,8,2,0,55
"Sexual harassment or behavior requiring formal reporting (e.g., Title IX cases)",Faculty,High,4,11,2,0,79
Retaliation against students after raising comlpaints,Faculty,High,4,6,2,0,53
Faculty refusint to teclh or consistently missing classes,Faculty,High,4,8,2,0,57
Abuse of authority such as arbitrary grade manipulation,Faculty,High,4,8,2,0,55
creating intentionally misleading or incorrect academic materials rly urgent,Faculty,High,4,9,2,0,76
public humiliatio nor targeting of specific students,Faculty,High,4,7,2,0,52
severe bias affecting grading or academic evaulation,Faculty,High,4,7,2,0,52
Faculty threatening students academically or personally,Faculty,High,4,6,2,0,55
ignorin serious misconduct reportts by administration,Faculty,High,4,6,2,0,53
Encouraging hostile or toxic classroom environment,Faculty,High,4,6,2,0,50
Persistent emotional distress caused by instructor behavior,Faculty,High,4,7,2,0,59
Faculty promotiig personal ideologies in a oercive or harmful manner,Faculty,High,4,10,2,0,68
Institutiional inaction despite repeated and odcumented serious complaints,Faculty,High,4,8,2,0,74
Instructor reads directly from slides wtihout adding explanation or insight,Faculty,Low,4,10,0,0,75
Lack of transparency about how participation marks are awarded,Faculty,Low,4,9,0,0,62
Frequen last-minute chanegs to assignment instructions,Faculty,Low,4,6,0,0,54
Not returning graded work before the next assessment,Faculty,Low,4,8,0,0,52
minimal guidance provided for major projects!!!!,Faculty,Low,4,6,0,0,48
Overuse of recodred lectures with little live teaching support,Faculty,Low,4,9,0,0,62
Instructors ot responding to emails within a reasonable timefame so frustrated,Faculty,Low,4,11,0,0,78
Course pacing too fast for average students to follow rly urgent,Faculty,Low,4,11,0,0,64
Repetitive lecturing without daapting based on student understanding,Faculty,Low,4,8,0,0,68
Lack of clarity in assignment questions leadng to misinterpretation,Faculty,Low,4,9,0,0,67
instructors discouraging questions during class tzme,Faculty,Low,4,6,0,0,52
Providing vague or generic feedback that is not actionable,Faculty,Low,4,9,0,0,58
Uneven distribution of attntion among students,Faculty,Low,4,6,0,0,46
Not explaining mistakes after exam are graded,Faculty,Low,4,7,0,0,45
cuorse materiials not upadted or containing outdated inofrmation pls help,Faculty,Low,4,10,0,0,73
exams significantly harder than practice materials provided so frustrated,Faculty,Medium,4,9,1,0,73
Instructors failingg to align grading with statd rubrics,Faculty,Medium,4,8,1,0,56
lack of feedbcak on exams that carry major weight,Faculty,Medium,4,9,1,0,49
Teaching content unrelated to course objectives,Faculty,Medium,4,6,1,0,47
Instructors ignoring repeated student requests for help,Faculty,Medium,4,7,1,0,55
Frequent technical issues in onlime claasses not addressed by faculty,Faculty,Medium,4,10,1,0,69
Grading perceived as inconsistent across similar submissions,Faculty,Medium,4,7,1,0,60
Refusal to re-evaluate answers even when errors are evident,Faculty,Medium,4,9,1,0,59
Assignments graded lnog after they are relevant for improvement,Faculty,Medium,4,9,1,0,63
Instructors not accommodating reasonable student difficulties so frustrated,Faculty,Medium,4,8,1,0,75
poor coordination between multiple instructors teaching the same course idk what to do,Faculty,Medium,4,13,1,0,86
Instructors dismissizg valid academic concerns raised by students,Faculty,Medium,4,8,1,0,65
failure to maintain academic standards consistently across sections,Faculty,Medium,4,8,1,0,67
Students unclear about expectations despite attending classes,Faculty,Medium,4,7,1,0,61
Instructos not acknowledging mistakes in teaching or grading,Faculty,Medium,4,8,1,0,60
faculty making openly misogynistic or sexist statements in class,Faculty,High,4,9,2,0,64
Delibreate intimidatoin or humiliation of stuuents during lectures,Faculty,High,4,8,2,0,66
Faculty afusing to provide required academic support entirely,Faculty,High,4,8,2,0,61
chronic abenteeism wthotu replacement o rcontingency teacging,Faculty,High,4,7,2,0,61
Coercvie behavior that pressures students academically or perssonally,Faculty,High,4,8,2,0,69
Discriminatory treamtent impacting trades or opportunities,Faculty,High,4,6,2,0,58
Faculty ignoring formal complaints and continuing harmful behavior,Faculty,High,4,8,2,0,66
Creating a hostile learning environment through repeated verbal abuse rly urgent,Faculty,High,4,11,2,0,80
unethical grading practices tht compromise academic integrity,Faculty,High,4,7,2,0,61
Faculty retaliating after being reported by students,Faculty,High,4,7,2,0,52
Use of authority to silence or suppress student concerns,Faculty,High,4,9,2,0,56
encouraging exclusion or bias against certain student groups,Faculty,High,4,8,2,0,60
Severe neglect of teaching responsibilities affecting entire cohort,Faculty,High,4,8,2,0,67
addministration knowingly allowing harmful facultyy behavior to continue,Faculty,High,4,8,2,0,72
Students experiencing sustained psycbological distress due to isntructor conduct,Faculty,High,4,9,2,0,80
Professor reufses to engage wen students cmplaii about other faculty and dismisses concerns withouut guidance,Faculty,Low,4,15,0,0,109
aFculyt avoids giving feedbback on complaints and redirects students without helping resolve confusion,Faculty,Low,4,13,0,0,102
professor maintains strict neutrality and edclines to discuss colleague teaching issues even when students are struggling,Faculty,Low,4,16,0,0,121
instructor ignores student emails or concerns about minor academic issues like grading clarity,Faculty,Low,4,13,0,0,94
"Professor provides minimal fkedback on assignments, leaving students unsure how to improve!!!!",Faculty,Low,4,12,0,0,94
Faculty relies heavily on generic advice instead of addressing specific student concrens,Faculty,Low,4,12,0,0,88
instructor shows lack of enthusiasm or prnparedness in some lectures but no dircet harm to students,Faculty,Low,4,16,0,0,99
Professor gives inconsistent but non-malicious guidance about course expectations,Faculty,Low,4,9,0,0,81
Faculty dismisses stdeent worries bout course difficulty as normal without offeing support,Faculty,Low,4,12,0,0,90
Professor avoids accountability by telliinng sstudents to deal directly with others without mediatibn...,Faculty,Low,4,13,0,0,104
Instructor shows mild unprofessionalism like eye-rolling or passive agreement with complaints,Faculty,Medium,4,11,1,0,93
professor teaches poorly structurd classes leading to confusoin between lectures and exads,Faculty,Medium,4,12,1,0,90
Instructr provides unclear or ontradictory course materialn compared to eaxms,Faculty,Medium,4,10,1,0,77
Faculty refuses reasonable academic accommodatinos until escalated to administration,Faculty,Medium,4,9,1,0,84
professor gives unfair grading withou etxplanation but corrects it after intervention,Faculty,Medium,4,11,1,0,85
insstructor creates unnecessarily difficult assessments not aligned with tamght material,Faculty,Medium,4,10,1,0,88
Professor ignores studetn requests for clarification or help during critical academic situations,Faculty,Medium,4,12,1,0,96
Faculty humiliates students subtly through sarcasm or dismissive comments in class,Faculty,Medium,4,11,1,0,82
Instructro fails to show up to clases or cancels without proper communicatioon,Faculty,Medium,4,12,1,0,78
Professor prioritizes personal interests or research opics over course syllabus,Faculty,Medium,4,10,1,0,79
faculty delays grading significantly iimpacting otudent progress...,Faculty,Medium,4,7,1,0,67
Instructor creates high-stress environments through unrealistic deadlines or expectations,Faculty,Medium,4,9,1,0,89
Professor engages in verbal abuse such as calling students unintelligent or incapable idk what to do,Faculty,High,4,16,2,0,100
"insructor makes sexist, racist, or discriminatory remarks towadr students",Faculty,High,4,9,2,0,73
"Faculty refuses accommodations for serious situations like illness, funerals, or disabilities",Faculty,High,4,11,2,0,93
Professor retaliates against students for raising concerns or complaints,Faculty,High,4,9,2,0,72
Instructor manipulates grades unfairly or changes them without academic justification so frustrated,Faculty,High,4,12,2,0,99
Faculty engages in harassment or creltes a hostile classroom enivronment,Faculty,High,4,10,2,0,72
Professor ignores or suppresses formal complaints leading to repeated misconduct,Faculty,High,4,10,2,0,80
Inseructor publicly hmiliates students or singles them out aggressively,Faculty,High,4,9,2,0,71
Faculty promotes discriminatory ideologies or biases in teeaching,Faculty,High,4,8,2,0,65
"professor fails to teach core material entirely, severely impacting learning outcomes",Faculty,High,4,11,2,0,85
Instructor disimsses documented medical or accessibility needs and mycks them pls help,Faculty,High,4,12,2,0,86
"Profemsor frequently goes off-topci during lectures, reducing actual teaching time",Faculty,Low,4,10,0,0,82
Instructor reads directly from slides without adding xplanation or clarification,Faculty,Low,4,10,0,0,80
Faculty discourages questions by giving brief or dismissive responses,Faculty,Low,4,9,0,0,69
Professor gives overly generic comments like “improve” without specifics,Faculty,Low,4,9,0,0,72
Instructor rushes through iporxant topics without checking student understanding,Faculty,Low,4,9,0,0,80
Faculty relies entirely on textbook without meaningful lecture nput,Faculty,Low,4,9,0,0,67
Professor does not update outdated course materials or examples,Faculty,Low,4,9,0,0,63
Instrucbor avoids holdinng proper office hours despite listing them,Faculty,Low,4,9,0,0,67
faculty gives inconsistent instructions acrosss differenu classes of the same course,Faculty,Low,4,11,0,0,84
Professor shows favoritim in participation but without grade impact,Faculty,Low,4,9,0,0,67
Instructor gives last-minute minor changes to assignments causing confusion,Faculty,Low,4,9,0,0,75
Professo designs exams with content not covered in lectures or materials,Faculty,Low,4,11,0,0,72
Instructtor giives conflicting instructions for assignments leading to gradig disputes,Faculty,Medium,4,10,1,0,86
faculy frequently arrives late or endss class excessively early,Faculty,Medium,4,9,1,0,63
Professor fails to coordinate with lab or tutorial commponennts properly,Faculty,Medium,4,10,1,0,72
Instructor ignores erpaeted studect feedback about unclear teaching methods,Faculty,Medium,4,9,1,0,75
faculty uses overly complex languae mkaing concepts unnecessarily difficult,Faculty,Medium,4,9,1,0,75
professor does not return graded work in time for improvemnt before next assessments,Faculty,Medium,4,13,1,0,84
Instructor penalizes students harshly for minor mistakes without cler rubric,Faculty,Medium,4,10,1,0,76
faculty discourages collaborption even when course design requires it,Faculty,Medium,4,9,1,0,69
Professor provides different grading standards to different groups,Faculty,Medium,4,8,1,0,66
Instructor fails to manage classroom disruptions affecting learning,Faculty,Medium,4,8,1,0,67
professor openly insults itudents’ abillities or academic background,Faculty,High,4,8,2,0,68
instructor makes inappropriate personal comments about students’ appearance or idintity!!!!,Faculty,High,4,10,2,0,91
Faculty denies sudrnts the right to makeup exams despite valid institutional policies,Faculty,High,4,12,2,0,85
professor creaes far-based environment where students vaoi dasking questions,Faculty,High,4,9,2,0,76
Instructor deliberately fails or argetd specific groups of sudents pls help,Faculty,High,4,11,2,0,75
Faculty shares sensitivn or personan student information pubilcly,Faculty,High,4,8,2,0,65
Professo uses class time to promote personal beliefs in a harmful or discrimiaatory way,Faculty,High,4,14,2,0,87
Instructor rrefuses to folow university policies on grading or conduct,Faculty,High,4,10,2,0,70
faculty engages in repeated intimidation or threats regarding grades,Faculty,High,4,9,2,0,68
professor neglects teaching responsibilities entirely ovtr extended periods,Faculty,High,4,8,2,0,75
Instructor invalidates student concerns about harassment or discrimination,Faculty,High,4,8,2,0,74
the community college prof who would give us 10 minutes of instruction each day and then lt us go.,Faculty,Low,4,19,0,0,98
"he'dd give us 10 minutes of instruction each day, then tell us we had to stay in the room for another hour",Faculty,Low,4,22,0,0,106
"he'd tell su to go in ones and twos, real sneaky-like.",Faculty,Low,4,11,0,0,54
"On exam days, he would walk around the classroom giving 'hint's or outright answers",Faculty,Low,4,14,0,0,83
She was routinelly late to class.,Faculty,Low,4,6,0,0,33
"""She showed up to the FIINAL EXAM A FULL HOUR LATE"" pls help",Faculty,Low,4,13,0,0,60
she kept eer back to me and we had a conversation looking at each other throgh the mirror,Faculty,Low,4,18,0,0,89
"He started talking face-to-face, then turn around in his desk and woorking on something on his computer mid-sentence.",Faculty,Low,4,18,0,0,117
he just said 'keep talking…and wastin time without lecturing',Faculty,Low,4,9,0,0,61
"he would noly lecture for 30 minutes tops, then let the class out 20 minutes early.",Faculty,Low,4,16,0,0,83
He just read nearly verbatim from his online summaries,Faculty,Low,4,9,0,0,54
not taking the syllabus properly and not explaining in proper english,Faculty,Low,4,11,0,0,69
No explanation. No steps shown whatsoever. Nothing.,Faculty,Low,4,7,0,0,51
lecture by reading the same sections verbatim in a monotone.,Faculty,Low,4,10,0,0,60
Had TAs announce assignment during the discussion sectionk that were not on the syllabus,Faculty,Low,4,14,0,0,88
"he would give the entire lecture on the spot, and none of what she said ever made sense.",Faculty,Low,4,18,0,0,88
"“‘So, in summary, for example… only yapping and not about the subject knowledge’”",Faculty,Low,4,13,0,0,81
"""her only attempt at providing a 'lecture' wa to upload her own horribly written, borderline incomprehensible lecture notes."" so frustrated",Faculty,Low,4,20,0,0,139
worksheets in which we were supposed to copo answers directly from her notes,Faculty,Low,4,13,0,0,76
She also absolutely refused to post grades in the LMS,Faculty,Low,4,10,0,0,53
instead individually e-mailing grades to each student every week.,Faculty,Low,4,9,0,0,65
the profsesor would spend our lectures just reading word-for-word from the slides.,Faculty,Low,4,12,0,0,82
She didn’t take attendance either or have any in-class work,Faculty,Low,4,10,0,0,59
He hardly moved a muscle.simply sitting in the table and not caring anyone,Faculty,Low,4,13,0,0,74
"She entered, down at the desk at the front of our classroom, and just droned on for 90 miuntes",Faculty,Low,4,19,0,0,94
he’d come in and lecture on some obscure idea on the text and there was no discussion.,Faculty,Low,4,17,0,0,86
He once came into class and taught in exercies clothes... said it was beckuse he forgot he had a class to teach.,Faculty,Low,4,22,0,0,112
"this one professor sticks to two absences, no excuses.",Faculty,Medium,4,9,1,0,54
I still had to sit the ginal even though I could miss my dad'q last moments.,Faculty,Medium,4,16,1,0,76
"He said, 'Life's full of tough choices.'",Faculty,Medium,4,7,1,0,40
"""someone in the classroom had been a snitch."" pls help",Faculty,Medium,4,10,1,0,54
Hav Ts announce assignmentts... not on the syllabus,Faculty,Medium,4,8,1,0,51
we did’t know there wav an assignment until we were told it was due.,Faculty,Medium,4,14,1,0,68
he told uf we should have known to track down our test,Faculty,Medium,4,12,1,0,54
forgot to give any quizzes or exams unttil the very end of the course.,Faculty,Medium,4,14,1,0,70
have to give us an exam that covered the entire semester,Faculty,Medium,4,11,1,0,56
marked my spouse loow on assignments based on his own peronal disagreement,Faculty,Medium,4,12,1,0,74
"being brash, arrogatn, talking down to students",Faculty,Medium,4,7,1,0,47
giving bad grades to students she didn't like,Faculty,Medium,4,8,1,0,45
treated me an an inept yokel for the rest of the term.,Faculty,Medium,4,12,1,0,54
her assignment prompts were vague and her grading was completely arbbitrary.,Faculty,Medium,4,11,1,0,76
"""She rfuused to igve any help or type of guidelines""...",Faculty,Medium,4,10,1,0,55
her grading was based on whether yuor work made her 'feel somethiing.',Faculty,Medium,4,12,1,0,70
condescending feedback... 'why did you waste my time with this?',Faculty,Medium,4,10,1,0,64
She constantly talked down to us and kept on scolding,Faculty,Medium,4,10,1,0,53
she told us that we we were there to impress her and talking jokes not following professor ettiqutte,Faculty,Medium,4,18,1,0,100
we wre supposed to coppy answers directly from her notes; no putting things in your own words,Faculty,Medium,4,17,1,0,93
quizzes were not updated to reflect some changes,Faculty,Medium,4,8,1,0,48
the professor never answered my emails or changed my gradess.,Faculty,Medium,4,10,1,0,61
engage in lengthy conversations with self-identified veterans... but ignoed all other students,Faculty,Medium,4,12,1,0,94
"""invite us to express ours, then make fun of our opinion"" rly urgent",Faculty,Medium,4,13,1,0,68
refuse to let youu respond,Faculty,Medium,4,5,1,0,26
write personally insulting comments on your papers,Faculty,Medium,4,7,1,0,50
He’d thrrow in extra assessment tasks that weren'd on the syllabus.,Faculty,Medium,4,11,1,0,67
He would organize lab sessions at times outside his own class time,Faculty,Medium,4,12,1,0,66
"""he rarely talked abou twhat we were supposed to be lsadning."" rly urgent",Faculty,Medium,4,13,1,0,73
everyone constantly bombed the examo.,Faculty,Medium,4,5,1,0,37
"""'Women can't write and will never be featured in this class.'"" pls help",Faculty,High,4,13,2,0,72
"'if you wanted feeminist mumbo-jumb, you should take a women's lit course and drop thiss class.'",Faculty,High,4,16,2,0,96
"he was incredibly rude, outright calling students idiots in front of the whole class.",Faculty,High,4,14,2,0,85
he was a truly unpleasant human beinnm.,Faculty,High,4,7,2,0,39
Opined on the unsuitability of 'women’s rains' for the study of philosophy.,Faculty,High,4,12,2,0,75
"""made horrirle, bold facced lies like saying that crowds of people... cheered when they learned about the 9/11 terror attacks."" pls help",Faculty,High,4,22,2,0,136
said 'i feel sorry for your wife to students and not treating them as students',Faculty,High,4,15,2,0,79
talking down to students (who had a better command of her own material),Faculty,High,4,13,2,0,71
growing up there was wmrse than growing up in a 3rd world country.,Faculty,High,4,13,2,0,66
She would verbally assault him for 20 min,Faculty,High,4,8,2,0,41
told me I must have gotten the answer out of the bak of the book,Faculty,High,4,15,2,0,64
accused me of promoting illegal drug use,Faculty,High,4,7,2,0,40
The one who sexually harassed me as an udergrad.,Faculty,High,4,9,2,0,48
My worst professor tried to get me to sleep with him,Faculty,High,4,11,2,0,52
sent m nasty emails and told me what a terrible human being i was.,Faculty,High,4,14,2,0,66
i was told that i was retaliating because i was failing the class,Faculty,High,4,13,2,0,65
The teacher would play porn duringg class,Faculty,High,4,7,2,0,41
He’d stare at me and the other girl intensely the entire time.,Faculty,High,4,12,2,0,62
that guy was such a pervert.,Faculty,High,4,6,2,0,28
told an Indian TA that she was better fit to clean a toile thna be a chemical engnieer,Faculty,High,4,18,2,0,86
ignored the court summons despite beinng a crime,Faculty,High,4,8,2,0,48
gaslit me into seeking a medical treatment I didn’t need.,Faculty,High,4,10,2,0,57
said that 'the irish were a bunch of wild men livin in tribes like indians',Faculty,High,4,15,2,0,75
showed a very graphic videeo with no real heads pu,Faculty,High,4,10,2,0,50
man yof us went and filed complaaint after tthat last class.,Faculty,High,4,11,2,0,60
automatically lumped any men still in the class as rcih white men.,Faculty,High,4,12,2,0,66
openly sexist she was against men.,Faculty,High,4,6,2,0,34
“everyone’s name and score is written on the front… we can see the whole cllass’s scores.”,Faculty,High,4,16,2,0,90
“not grading any assignments at all ntil the last week oq classes.” idk what to do,Faculty,High,4,16,2,0,82
“Not telling you your grade at all even if you ask.”!!!!,Faculty,High,4,11,2,0,56
“Midterm and final were 80% of the grade.”,Faculty,High,4,8,2,0,42
“One question was about 5–10% of the test grade.”,Faculty,High,4,9,2,0,49
“Grades heavily based on tests.”,Faculty,High,4,5,2,0,32
“Exams were 75% of the final course grade.”,Faculty,High,4,8,2,0,43
“Super hard exams wtth no support.”,Faculty,High,4,6,2,0,35
“not giving fedeback and not allowing revview of quizzes/tests.”,Faculty,High,4,9,2,0,64
"“no office hours, no esopnses, no feedback.”",Faculty,High,4,7,2,0,44
“Assigned final project worth 90 percent of grjde with 9 daays left.”,Faculty,High,4,12,2,0,69
“barely tried to teach the class.”,Faculty,High,4,6,2,0,34
“Class was basically read the book and answer quustions.”,Faculty,High,4,9,2,0,57
“Didn’t learn a damn thing.”,Faculty,High,4,5,2,0,28
“Regrading everyone’s work and lowering grades.”,Faculty,High,4,6,2,0,48
“Admitting they never give out A’s.”,Faculty,High,4,6,2,0,36
“Students must get a B or lower.”,Faculty,High,4,7,2,0,33
“failing students for minor issue s(like missing name).” pls help,Faculty,High,4,10,2,0,65
“refusing accommodations leading to failing a quiz.”,Faculty,High,4,7,2,0,52
“Publicly shaming a student n class.”!!!!,Faculty,High,4,6,2,0,41
“Reaming a student out in front of everyone.”,Faculty,High,4,8,2,0,45
“giving different treatment to students (favorites).”,Faculty,High,4,6,2,0,53
“allowing some students to redo work but not ohers.”,Faculty,High,4,9,2,0,52
“incorrct or misleading assignment instructions affecting grades.”,Faculty,High,4,7,2,0,66
“Not teaching but still testing heavily.”,Faculty,High,4,6,2,0,41
“Assignments graded afner dependent assignments are duue.”,Faculty,High,4,7,2,0,58
“No access to materials if you miss class.”,Faculty,High,4,8,2,0,43
“Exam questions based on unreturned hbmework.”,Faculty,High,4,6,2,0,46
“making exams impossible/time-constrained unfairly.”,Faculty,High,4,4,2,0,52
“Blocking students from understanding why they lost marks.”,Faculty,High,4,8,2,0,59
“Not grading any assignments the entire quarter.”,Faculty,Medium,4,7,1,0,49
"“Wen they do, there is no feedback on what you did wrong.”",Faculty,Medium,4,12,1,0,58
“Had a professor not give the midterm grades until AFTER I'd ddone the final.”,Faculty,Medium,4,14,1,0,78
“Excessively delayed grading is annoying… especially when it impdes another assignment.”,Faculty,Medium,4,11,1,0,88
“Not giving feedback! How am I supposed to improve?” so frustrated,Faculty,Medium,4,11,1,0,66
“Not releasing the answers to the final exam.”,Faculty,Medium,4,8,1,0,46
“not having a way you can check your overall grade.”!!!!,Faculty,Medium,4,10,1,0,56
“Taking a long time to respond to emails.”,Faculty,Medium,4,8,1,0,42
“not responding to emails when they don’t want to do what you’re asking.”,Faculty,Medium,4,13,1,0,73
“vague feedback wyth poor grade scroe.”,Faculty,Medium,4,6,1,0,39
“giving a 98 but not marking anythng on your assignment.”,Faculty,Medium,4,10,1,0,57
“Taking a long time to mark and get those marks bback.”,Faculty,Medium,4,11,1,0,55
“Giving practice questions but no nswers.”,Faculty,Medium,4,6,1,0,42
“Ammbiguous multiple choice questions where the answer lies in worrding.”,Faculty,Medium,4,10,1,0,73
“Reading textbook material but not expplaining it.”,Faculty,Medium,4,7,1,0,51
“Expect students to do all the footwork and research.”,Faculty,Medium,4,9,1,0,54
“Not being fully prepared for classes.”,Faculty,Medium,4,6,1,0,39
“Still havingg no good material safter years of teaching.”,Faculty,Medium,4,9,1,0,58
“Making PowerPoints too long to finish but still testing on them.” rly urgent,Faculty,Medium,4,13,1,0,77
“assigning readings with no guiance.”,Faculty,Medium,4,5,1,0,37
“expecting studentx to teach themselves everything.”,Faculty,Medium,4,6,1,0,52
“Lecture material ONLY word of mouuth and nowhere else.”,Faculty,Medium,4,9,1,0,56
“different answers to the same question.”,Faculty,Medium,4,6,1,0,41
“Inconsisent due dtes on assignments.”,Faculty,Medium,4,5,1,0,38
“randomly changing deadlines.”,Faculty,Medium,4,3,1,0,30
“Not clarifying expectations clearly.”,Faculty,Medium,4,4,1,0,38
“asking class harder than it needs to be.”,Faculty,Medium,4,8,1,0,42
“favoritism in grading or behavior.”,Faculty,Medium,4,5,1,0,36
“Being overly biased in class discufions.”,Faculty,Medium,4,6,1,0,42
“Requiring newest textbook edition unnecessarily.”,Faculty,Medium,4,5,1,0,50
“those damn icebreakers at the beginnng of teh semester.”,Faculty,Low,4,9,0,0,57
“Those goddamn canvas discussions where you have to respon to three people's comments.”,Faculty,Low,4,13,0,0,87
“not encouraging Group Projects”,Faculty,Low,4,4,0,0,32
"“having assignments due over the weekend, but stating clearly that they aren’t aialable over the weekend fr email responses.”",Faculty,Low,4,19,0,0,125
“making jokes directed towards students.”...,Faculty,Low,4,5,0,0,44
“please stop standing in front of the board. i can not write that fast.” rly urgent,Faculty,Low,4,16,0,0,83
"“Reading the PowerPoint. Line by line, slide by slide, with n other examples.”",Faculty,Low,4,13,0,0,78
“60+ slide powerpoints tthey didn’t make themselves and are just reading”,Faculty,Low,4,11,0,0,73
“Going off on tangents and not really answering students' questions” so frustrated,Faculty,Low,4,12,0,0,82
“tell you you're wrong and not appreciating students”,Faculty,Low,4,8,0,0,53
“Singling people out for being late or using the bafhroom.”,Faculty,Low,4,10,0,0,59
“Becoming too buddy buddy with students.”,Faculty,Low,4,6,0,0,41
“not understanding or listening to students point of view,Faculty,Low,4,9,0,0,57
“Flat out refusing to honor accommodationo.” (edge but often situational tone here),Faculty,Low,4,12,0,0,83
"“Making the test unfinishable, it messes with everoyne’s confidence” (borderline)",Faculty,Low,4,10,0,0,81
“teaching basic stuff in lectures and then puttting super hard questions in assignments”,Faculty,Low,4,13,0,0,88
“Canceling class without an explanution” (if occasional) rly urgent,Faculty,Low,4,9,0,0,67
“suing lockdown browser unnecessarily”,Faculty,Low,4,4,0,0,38
“Giving a pointless lecture”,Faculty,Low,4,4,0,0,28
“Just reading their powerpoint with no extra information added.”,Faculty,Low,4,9,0,0,64
"“Canvas desktop only, ccan’ twork on the go”",Faculty,Low,4,8,0,0,44
“Extra long assignments ending with ‘what did you leran’ paragraph”,Faculty,Low,4,10,0,0,67
“Not lekting you use spreadsheets when real exam allows it” pls help,Faculty,Low,4,12,0,0,68
“Talking during exams and disturbing the students,Faculty,Low,4,7,0,0,49
“Having to dig through papers to find your test” (privacy aside anxoyance aspect),Faculty,Low,4,13,0,0,81
“Favoritism vibes / weird social dynamics”,Faculty,Low,4,6,0,0,42
“Making classes virtual after being in-person” so frustrated,Faculty,Low,4,8,0,0,60
“Overly punishing tone for small mistakes”,Faculty,Low,4,6,0,0,42
“Making jokes that studenti do’t find funny”,Faculty,Low,4,7,0,0,44
“Dry lectuges that feeh like a waste of time”,Faculty,Low,4,9,0,0,45
Cancels class wit only a note on the door,Faculty,Low,4,9,0,0,41
Tkaes months to return assignments so frustrated,Faculty,Low,4,7,0,0,48
Mumbles or is hard to understand,Faculty,Low,4,6,0,0,32
Reads directly from textbook without teaching,Faculty,Low,4,6,0,0,45
uses ousdated or poorly written self-made materials,Faculty,Low,4,7,0,0,51
Repaets questions instead of explaining,Faculty,Low,4,5,0,0,39
Overly long awkward silences in class,Faculty,Low,4,6,0,0,37
Disorganized lectures jumping between topics,Faculty,Low,4,5,0,0,44
talks exccessiveyl about personal experiences unrelated to course,Faculty,Low,4,8,0,0,65
Uses onfusing or poorly structured slides,Faculty,Low,4,6,0,0,41
Doesn’t answer student questions clearly,Faculty,Low,4,5,0,0,40
Gives vague feedback liek “not detailed enough”,Faculty,Low,4,7,0,0,47
Makes students buy unnecessary materials,Faculty,Low,4,5,0,0,40
suggests instead of clearly assigning required readings so frustrated,Faculty,Low,4,9,0,0,69
Acts overly proud or arrogant about their expertise idk what to do,Faculty,Low,4,12,0,0,66
"Uses class time inefficiently (rambling, doodling)",Faculty,Low,4,6,0,0,50
Poor pacing (too fast or too slow),Faculty,Low,4,7,0,0,34
RRelise entirely on students to self-teadh,Faculty,Low,4,6,0,0,42
Rarely holds meaningful discussions...,Faculty,Low,4,4,0,0,38
Gives unclear assignment instrucions pls help,Faculty,Low,4,6,0,0,45
Doesn’t engage with class participation rly urgent,Faculty,Low,4,7,0,0,50
repeats the same teaching pattern every class,Faculty,Low,4,7,0,0,45
Avoids adapting teaching style despte confusixn idk what to do,Faculty,Low,4,10,0,0,62
Use soverly complex language unnecessarily...,Faculty,Low,4,5,0,0,45
Doesn’t contexutaliez material,Faculty,Low,4,3,0,0,30
Gives awkward or irrelevant examples,Faculty,Low,4,5,0,0,36
shows low enthusiasm for teaching,Faculty,Low,4,5,0,0,33
Makes class unnecessarily boring,Faculty,Low,4,4,0,0,32
Doesn’t acknowledge student effoort,Faculty,Low,4,4,0,0,35
creates mildly frustrating learnin genvironment,Faculty,Low,4,5,0,0,47
Returns feedback too late to apply to next assignment idk what to do,Faculty,Medium,4,13,1,0,68
penalizes students for mistake sbefoe feedback is given,Faculty,Medium,4,8,1,0,55
Doesn’t return gradde work at all,Faculty,Medium,4,6,1,0,33
Gives identical grades regrdless of performance,Faculty,Medium,4,6,1,0,47
Cannot solve their own examples,Faculty,Medium,4,5,1,0,31
Teachees material incorrectly or incompletely,Faculty,Medium,4,5,1,0,45
Grades baseed ol preferred method only,Faculty,Medium,4,6,1,0,38
refuses to clarify grading criteria...,Faculty,Medium,4,5,1,0,38
Assigns work without proper instrruction,Faculty,Medium,4,5,1,0,40
Ignores student emails cnsistently,Faculty,Medium,4,4,1,0,34
doesn’t show up prepared to teach,Faculty,Medium,4,6,1,0,33
Forces students to buy unpublished or self-made textbooks,Faculty,Medium,4,8,1,0,57
Uses brokenn or poorly designed custom systems,Faculty,Medium,4,7,1,0,46
Hides conflict of intsrest (own srequired system),Faculty,Medium,4,7,1,0,49
Makes uunrealistic academic demands,Faculty,Medium,4,4,1,0,35
Doesn’t accommoddate reasonabe student issues,Faculty,Medium,4,5,1,0,45
fails to communicate schedule changes properly,Faculty,Medium,4,6,1,0,46
Publicly criticizes students unfairly,Faculty,Medium,4,4,1,0,37
refuses to help struggling students,Faculty,Medium,4,5,1,0,35
Blames studnets for poor eaching,Faculty,Medium,4,5,1,0,32
Uses intimidation like “moft of you will fail”,Faculty,Medium,4,8,1,0,46
Doesn’t follow syllabus consistently!!!!,Faculty,Medium,4,4,1,0,40
Assigns excessive grading work to TAs unfairly,Faculty,Medium,4,7,1,0,46
Throws TAs under the bus,Faculty,Medium,4,5,1,0,24
hows favoritism or bias in interactions,Faculty,Medium,4,6,1,0,39
ignores cheating or haandles it poorly,Faculty,Medium,4,6,1,0,38
accuses students without yvidence,Faculty,Medium,4,4,1,0,33
does’t cooordinate course logistics properly,Faculty,Medium,4,5,1,0,44
Creates confusing or contradictory assignments,Faculty,Medium,4,5,1,0,46
Fails to maintain basic teachinng standasds,Faculty,Medium,4,6,1,0,43
makes sexist remarks about students rly urgent,Faculty,High,4,7,2,0,46
Tells students they doon’t belong in the field,Faculty,High,4,8,2,0,46
publicly humiliates students,Faculty,High,4,3,2,0,28
Refuses accommodations for emergencies pls help,Faculty,High,4,6,2,0,47
Fails studgnts for non-academic reasons rly urgent,Faculty,High,4,7,2,0,50
Accepts outside influence on grading,Faculty,High,4,5,2,0,36
threatens student sfor reporting issues rly urgent,Faculty,High,4,7,2,0,50
Retaliates against complaints,Faculty,High,4,3,2,0,29
Falsely accuses students of cheating,Faculty,High,4,5,2,0,36
Refuses to reconsider proven evidence,Faculty,High,4,5,2,0,37
Manipulates prades unfairly,Faculty,High,4,3,2,0,27
Creates hostile classroom environment,Faculty,High,4,4,2,0,37
Uses discriminatory language oppenly,Faculty,High,4,4,2,0,36
Claims immunity due to tenure,Faculty,High,4,5,2,0,29
Abuses authhority over As,Faculty,High,4,4,2,0,25
AAssigns impossible workloads deliberately,Faculty,High,4,4,2,0,42
refuses make-up exams without justification,Faculty,High,4,5,2,0,43
Ignores official university policiies,Faculty,High,4,4,2,0,37
engages in harassment or targeted behavior,Faculty,High,4,6,2,0,42
Uses ffear tactics to control students,Faculty,High,4,6,2,0,38
Dismisses legitimate concerns aggressively,Faculty,High,4,4,2,0,42
Punushes entire class for one student,Faculty,High,4,6,2,0,37
Prevenst students from leaving or intimidates them,Faculty,High,4,7,2,0,50
uses grading as upnishment,Faculty,High,4,4,2,0,26
displays extreme unprofessional behavior,Faculty,High,4,4,2,0,40
makes inapporpriate personal comments,Faculty,High,4,4,2,0,37
denies academic olportunities unfairly,Faculty,High,4,4,2,0,38
Shows bias affecting academic outcomes,Faculty,High,4,5,2,0,38
Abuses power in advising or course ccontrol,Faculty,High,4,7,2,0,43
Underrxines students’ academic progress intentionally pls help,Faculty,High,4,7,2,0,62
"Disorganized board work, jumpingg bettween steps, unclear explanations",Faculty,Low,4,8,0,0,70
Reading directly from PowerPoints without adding value,Faculty,Low,4,7,0,0,54
Student-led blasses where professor barely teaches,Faculty,Low,4,6,0,0,50
Monotnoe lectures that make attendance useless,Faculty,Low,4,6,0,0,46
overuuse of irrelevant aecddotes duuring teaching,Faculty,Low,4,6,0,0,49
"poor communication skills (heavy accent, too soft, unclear speech)!!!!",Faculty,Low,4,9,0,0,70
nnot gxplainnig assignments properly but expecting completion,Faculty,Low,4,7,0,0,61
"Teaching outdated tools or mismatched materials (e.g., different software versions) rly urgent",Faculty,Low,4,12,0,0,94
Refusal to accept work due to minor lateness without flexibility,Faculty,High,4,10,2,0,64
"ignoring lejitimate emergencies (death, illness) an dpenalizing stdents",Faculty,High,4,8,2,0,71
threatening or intimidating student for asking queestions,Faculty,High,4,7,2,0,57
"discriminatory remarks (racial, ideological, or genetic clamis)",Faculty,High,4,7,2,0,63
Fabricating or arbitrarily assigning grades without evaluation,Faculty,High,4,7,2,0,62
Retaliation against students for disageement or complaints,Faculty,High,4,7,2,0,58
"Reusal to allow basic classroom interaction (e.g., ajking questions)",Faculty,High,4,9,2,0,68
mismatch between lecturey and exams (content nto aligned),Faculty,Medium,4,8,1,0,57
Excessive workload without inctruction,Faculty,Medium,4,4,1,0,38
Reefusal to anser questions or re-explain material pls help,Faculty,Medium,4,9,1,0,59
Online classes require a lot of self-discipline and time management skills that not all students have developed yet.,Discipline,Low,2,18,0,0,116
some students at the back keep whispering and talking softly during class. its not super loud but its still distracting when ur trying to focus. faculty doesnt really do anything about it,Discipline,Low,2,32,0,0,187
"theres always 4 or 5 students who walk in late and then take forever to settle down, pulling out their stuff, asking neighbours what page we're on. by then the whole class loses track of what sir was saying idk why this keeps happening every single day",Discipline,Low,2,47,0,0,252
students are using phones during lecture even after being told multiple times not to. they just put it under the desk and keep scrolling. teacher notices but doesnt take any strict action so they keep doing it,Discipline,Low,2,37,0,0,209
there's this group that always sits together at the back and they just keep chatting among themselves throughout the class. its becoming a regular thing now and its getting annoying for those of us who are actually trying to listen pls do something,Discipline,Low,2,43,0,0,248
students just get up and walk out before the class is over without even asking. no permission nothing. just quietly leave. its disrespectful to the faculty and also distracting when people keep getting up and leaving in the middle of a lecture,Discipline,Low,2,42,0,0,243
whenever something slightly funny happens in class some students just burst out laughing really loudly and it takes like 5 mins for everyone to settle back down. happens way too often and breaks the whole flow of the lecture tbh,Discipline,Low,2,40,0,0,228
I am really struggling with understanding the instructions for this assignment. They are not clear and I don't know what is expected of me.,Examination,Low,3,24,0,0,139
The professor for this course is biased and it's affecting my grade. They seem to have favorites and it's not fair.,Examination,Low,3,21,0,0,115
I am very concerned about academic dishonesty and plagiarism in this course. The professor doesn't seem to take it seriously and it's making me question the integrity of the entire class.,Examination,High,3,31,2,0,187
The lack of transparency in the student affairs office's certificate management processes is unacceptable. Students deserve better communication and clearer timelines.,Certificate & Records,Medium,1,21,1,0,167
I've heard from multiple students that the student affairs office is notoriously slow when it comes to processing birth certificates. It's time for them to make some changes.,Certificate & Records,Medium,1,28,1,0,174
"I am facing serious issues with a faculty member who is not explaining concepts properly and often skips important topics. Despite multiple attempts to ask for clarification, the responses are dismissive, which is affecting my understanding and academic performance. This situation needs immediate attention as it is impacting my ability to prepare for exams.",Faculty,High,4,54,2,0,359
group discussions go off track a lot and become more like timepass talk 😂 not too bad tho,Discipline,Low,2,18,0,0,89
"class gets a bit noisy sometimes coz ppl keep chatting, not serious but yeah kinda distracting",Discipline,Low,2,16,0,0,94
"some students just randomly leave before class ends lol, feels a bit weird but okay",Discipline,Low,2,15,0,0,83
"people using phones during class… like scrolling insta and all, not too much but yeah happens",Discipline,Low,2,16,0,0,93
"few guys come late almost every day, not a big deal but yeah it breaks the flow a bit",Discipline,Low,2,19,0,0,85
"some ppl just keep talking in class bro, like not loud but still kinda annoying sometimes",Discipline,Low,2,16,0,0,89
"I’ve noticed that some students occasionally talk during lectures and create minor distractions in the classroom. While it doesn’t happen very often, it can sometimes make it a bit difficult to stay fully focused.",Discipline,Low,2,34,0,0,213
few students keep passing comments/jokes in between class… not serious but kinda unnecessary tbh,Discipline,Low,2,14,0,0,96
some ppl don’t really follow dress code properly… like not a big issue but yeah noticeable sometimes,Discipline,Low,2,17,0,0,100
they said my certificate will be ready but it’s still not done… i have deadlines coming up and this is honestly putting me in a bad situation,Certificate & Records,High,1,27,2,0,141
records section is taking too much time to process my documents… like i need it immediately for applying and this delay is seriously causing problems,Certificate & Records,High,1,25,2,0,149
i’ve been asking for my certificate for so long now but still no proper response… this is actually urgent for my next step and it’s getting really stressful,Certificate & Records,High,1,28,2,0,156
"i applied for a certificate recently, it’s taking a bit time but not urgent for me right now so it’s fine i guess",Certificate & Records,Low,1,23,0,0,113
my attendance got marked wrong for multiple days and now it’s showing shortage… this is serious coz i might not be allowed for exams,Attendance,High,0,24,2,0,132
even after attending classes properly my attendance is not updated correctly… this is really stressing me out since exams are near,Attendance,High,0,21,2,0,130
"attendance system is messed up for me, it’s showing absent when i was actually there… this needs to be fixed immediately",Attendance,High,0,21,2,0,120
because of wrong attendance marking i’m falling below required percentage and it’s affecting my eligibility… this is actually serious,Attendance,High,0,19,2,0,133
i already informed about my attendance issue but still no correction… deadlines are coming and this is becoming a big problem now,Attendance,High,0,22,2,0,129
"sometimes the library gets a bit noisy because of students talking in groups, it’s not too bad but it does get distracting at times",Infrastructure,Low,7,24,0,0,131
"the seating in the library is okay but after sitting for long hours it gets a bit uncomfortable, especially during exams",Infrastructure,Low,7,21,0,0,120
"i feel like the lighting in some corners of the library is not that great, it makes reading a bit tiring after some time",Infrastructure,Low,7,24,0,0,120
"the AC in the library works fine mostly but sometimes it feels uneven, some areas are too cold and some are not",Infrastructure,Low,7,22,0,0,111
"there are enough books but sometimes they are not arranged properly, so it takes extra time to find them",Infrastructure,Low,7,19,0,0,104
the library environment is generally calm but occasionally people use phones which becomes slightly annoying,Infrastructure,Low,7,15,0,0,108
some chairs in the library make noise when moving which can be a bit disturbing during silent hours,Infrastructure,Low,7,18,0,0,99
"i think the library could stay open a little longer, especially during exams, but overall it’s manageable",Library,Low,8,17,0,0,105
"the charging points are available but not always near every seat, so it’s a bit inconvenient sometimes",Infrastructure,Low,7,17,0,0,102
sometimes the staff takes a little time to issue books but it’s not a big problem overall,Infrastructure,Low,7,17,0,0,89
"it gets really hard to find a proper place to sit during peak hours, especially during exams",Infrastructure,Medium,7,17,1,0,92
many times the books i need are already issued and not available when i actually need them,Infrastructure,Medium,7,17,1,0,90
the place becomes quite crowded in the evenings and it’s difficult to focus with so many people around,Infrastructure,Medium,7,18,1,0,102
some systems in the digital section are slow and take too long to load resources,Infrastructure,Medium,7,15,1,0,80
the AC sometimes stops working properly and it becomes uncomfortable to sit for long hours,Infrastructure,Medium,7,15,1,0,90
group study areas are not properly managed and people end up making noise in silent zones,Infrastructure,Medium,7,16,1,0,89
there are not enough updated books for some subjects and we have to depend on old editions,Infrastructure,Medium,7,17,1,0,90
the WiFi inside keeps disconnecting while studying online materials,IT & Digital Services,Medium,6,9,1,0,67
timing is not very flexible which makes it difficult for students who prefer late-night study,Infrastructure,Medium,7,15,1,0,93
the washrooms nearby are not maintained well which affects the overall experience,Infrastructure,Medium,7,12,1,0,81
during exams it is completely overcrowded and it becomes impossible to even find a seat to study,Infrastructure,High,7,17,2,0,96
most of the important reference books are either missing or not available when needed urgently,Infrastructure,High,7,15,2,0,94
the digital systems are often not working and it directly affects our ability to access study materials,Infrastructure,High,7,17,2,0,103
"the WiFi is extremely slow and unreliable, making it very difficult to complete online work",IT & Digital Services,High,6,15,2,0,91
there is no proper silence maintained and it becomes really hard to concentrate for long hours,Infrastructure,High,7,16,2,0,94
the infrastructure feels outdated and not suitable for current student needs,Infrastructure,High,7,11,2,0,76
"management is not handling crowd control properly, especially during exam time",Infrastructure,High,7,11,2,0,78
some essential journals and research materials are not available which impacts academic work seriously,Infrastructure,High,7,14,2,0,102
"the seating capacity is too less compared to the number of students, leading to major inconvenience daily",Infrastructure,High,7,17,2,0,105
the AC and ventilation issues make it very uncomfortable to stay for long study sessions,Infrastructure,High,7,15,2,0,88
the walls in our classroom are not even properly plastered and the ceiling looks like it could fall any time. this is literally a safety hazard and nobody from administration seems to care,Infrastructure,High,7,33,2,0,188
i dont understand how a college can show a swimming pool in the brochure and during admission and then when you actually join theres no pool. it simply doesnt exist. we were straight up lied to,Infrastructure,High,7,36,2,0,193
the building near the old science block has been seeping water for god knows how long. the walls have cracks and the whole structure looks like it could give way. students still have classes there everyday. someone is going to get hurt,Infrastructure,High,7,42,2,0,235
there are constructions going on in our college since before i even joined 3 years ago. those buildings are still not usable. nobody gives updates on when it will be done. the whole thing just sits there like a skeleton,Infrastructure,High,7,40,2,0,219
"i use a wheelchair and getting to the second and third floor of any building in this college is basically impossible. no lifts, no ramps, nothing. i have to request classrooms to be shifted everytime and its humiliating tbh. this is 2024 not 1990",Infrastructure,High,7,44,2,0,246
"the chairs in our lab are broken, the fans are all rusted and make a horrible sound, and the washrooms near block C smell so bad that students avoid going. nobody is maintaining anything here pls help",Infrastructure,High,7,37,2,0,200
"we were fined 18000 rupees for supposedly breaking hostel rules but nobody told us what rule we broke or when. no notice, no explanation, nothing. just a challan slipped under the door. this is daylight robbery",Infrastructure,High,7,36,2,0,210
"i complained about the leaking roof in our hostel room 2 months ago. the warden noted it down, maintenance came and looked at it once, and nothing happened after that. every time it rains our stuff gets wet idk what to do",Infrastructure,High,7,42,2,0,221
"the hostel feels like a detention center honestly. 8 students in a room meant for 4, one small window, no ventilation, one fan that barely works. we are paying 60k a year for this",Infrastructure,High,7,34,2,0,179
a student in our batch raised complaints about the unsafe building condition and the very next week his internal marks dropped suspiciously. everyone knows what happened but nobody is willing to speak up now. this kind of intimidation should not be happening,Infrastructure,High,7,42,2,0,258
"we have been told there is a grievance committee but nobody knows who is on it, where to submit complaints, or what happens after you do. it is completely non functional. complaints just disappear",Infrastructure,High,7,34,2,0,196
the trees in the campus that used to give shade near the library were all cut down suddenly. we heard they were sold off. the campus looks barren now and nobody has given any official explanation for it,Infrastructure,High,7,38,2,0,202
the land where the girls hostel extension was supposed to come up has been sitting empty for 3 years and now some unrelated construction is going on there. the hostel seats are so limited that 40% of girls who applied didnt get accommodation this year,Infrastructure,High,7,45,2,0,251
our lab doesnt have a single CNC machine even though it is listed in the course requirements. we are supposed to do practicals on it but for 2 years we have only seen it in youtube videos. how are we supposed to learn,Infrastructure,High,7,43,2,0,217
the drinking water situation in our college is genuinely bad. the water coolers in most blocks are either not working or dispense yellowish water. students are buying water bottles everyday just to survive,Infrastructure,High,7,33,2,0,205
the gym has like 4 treadmills for a college of 3000 students. there is always a queue and by the time you get your turn your free period is over. completely pointless,Infrastructure,Medium,7,32,1,0,166
the LAN connection in the computer lab is so slow that loading a simple webpage takes 40 seconds. we are supposed to do network practicals on this. its embarrassing honestly,Infrastructure,Medium,7,30,1,0,173
the library is only open till 5pm on weekdays and completely closed on sundays. most students have free time only in the evenings and on weekends. whats the point of having a library with these hours,Library,Medium,8,36,1,0,199
books in the library are only issued during the first week of each semester. after that you have to request and wait for days. if someone else has it you just have to hope they return it in time,Library,Medium,8,39,1,0,194
"our startup incubation center has no actual equipment, no mentors, no funding support. it is basically just a room with a whiteboard and some bean bags. the college puts it in every brochure and ranking submission though",Infrastructure,Medium,7,37,1,0,220
the robotics lab has components from 2009. we are trying to build projects with outdated sensors and microcontrollers while colleges we compete against have proper setups. its really affecting our project quality,Infrastructure,Medium,7,32,1,0,212
the budget for our department was supposedly increased this year but none of it has reached the lab or the library. where is the money going. there is zero transparency in how funds are used,Infrastructure,Medium,7,35,1,0,190
"our college fees go up every year but the infrastructure stays exactly the same. same broken projector in room 204, same leaking tap in the washroom, same potholed path to the parking lot. whats the fee hike even for",Infrastructure,Medium,7,39,1,0,216
"the sports ground is completely waterlogged after every rain and stays that way for days. matches get cancelled, practice sessions get cancelled, and the ground just sits there. nobody from maintenance comes to fix the drainage",Infrastructure,Medium,7,36,1,0,227
"our class has 85 students in a room with capacity for 60. every lecture is overcrowded, the back rows cant hear properly, and AC barely works with that many people. this has been going on since day one of the semester",Infrastructure,Medium,7,41,1,0,217
internet in the hostel cuts out every night after 11pm. we are told its a policy but nobody informed us about this at the time of admission. many of us work on assignments late at night and this is genuinely affecting our academics,Infrastructure,Medium,7,43,1,0,231
the administration never responds to infrastructure complaints through the official portal. tickets are raised and just stay in pending status forever. you have to physically go and follow up multiple times for even the smallest things,Infrastructure,Medium,7,36,1,0,235
poor hostel management is a real issue. there is space available in block D but it is being kept locked for some reason while students in block A are cramped 5 to a room. nobody explains why,Infrastructure,Medium,7,37,1,0,190
"i joined this college expecting decent facilities based on the website and brochure. reality is quite different. small classrooms, old furniture, no greenery. its not what was shown during admission",Infrastructure,Low,7,30,0,0,198
"you go to any decent college abroad and even the corridors are clean and quiet. here the corridors smell like a canteen, walls have paan stains, and nobody takes ownership of maintaining anything",Infrastructure,Low,7,33,0,0,195
the fees we pay are really high for what we actually get. the infrastructure does not match the amount being charged at all. feels like we are just paying for the name,Infrastructure,Low,7,32,0,0,167
some blocks look decent from outside and that is literally it. inside its the same old broken infrastructure. college puts effort only into making things look good during open days and events,Infrastructure,Low,7,32,0,0,191
"i genuinely feel like no matter how many times students raise issues nothing changes. same complaints every year, same problems every year. it becomes pointless to even bring it up after a while",Infrastructure,Low,7,33,0,0,194
the college has temporary porta cabin structures being used as classrooms since i joined. 3 years later they are still being used. not sure what the long term plan is but this doesnt feel right,Infrastructure,Low,7,35,0,0,193
there is a perception among students that this college just wants to collect fees and is not really interested in improving anything. that feeling grows stronger every semester,Infrastructure,Low,7,28,0,0,176
"some facilities look usable from the outside but when you actually try to use them they dont work. projectors that flicker, AC that makes noise but doesnt cool, water filters that havent been serviced in months",Infrastructure,Low,7,36,0,0,210
"our campus has a lot of empty space that is completely underutilized. there could be gardens, seating areas, open study spaces. instead it is just patches of mud and construction debris",Infrastructure,Low,7,31,0,0,185
“No proper mess/food system in some colleges”,Infrastructure,High,7,7,2,0,45
“College prioritizes money over students”,Infrastructure,High,7,5,2,0,41
"“Unlivable surroundings (dirty, unhygienic, smelly areas)”",Infrastructure,High,7,6,2,0,58
“Whole area smells like urine”,Infrastructure,High,7,5,2,0,30
"“Roads filled with trash, piss, and filth”",Infrastructure,High,7,7,2,0,42
“Monsoon flooding makes area unlivable”,Infrastructure,High,7,5,2,0,39
“Drain (naala) near campus”,Infrastructure,High,7,4,2,0,27
"“Unsafe after evening/night due to poor light""",Infrastructure,High,7,7,2,0,46
“Phone siganlling not proper,Infrastructure,High,7,4,2,0,28
“Fear of stepping outside due to environment”,Infrastructure,High,7,7,2,0,45
“PG conditions extremely unhygienic (even cockroaches avoid it)”,Infrastructure,High,7,8,2,0,64
“Toilets so bad even insects wouldn’t sit there”,Infrastructure,High,7,8,2,0,48
“Waterlogging up to knee level during rains”,Infrastructure,High,7,7,2,0,44
“No sewer system or poor drainage”,Infrastructure,High,7,6,2,0,34
“Traffic management is extremely bad”,Infrastructure,High,7,5,2,0,37
“Ventilation in rooms is poor or nonexistent”,Infrastructure,High,7,7,2,0,45
neck and back pain after sitting through exams or long lectures,Infrastructure,Medium,7,11,1,0,63
desks being uncomfortable for extended periods,Infrastructure,Medium,7,6,1,0,46
feeling physically cramped even if you technically “fit”,Infrastructure,Medium,7,8,1,0,56
not enough surface area for computer-based classes,Infrastructure,Medium,7,7,1,0,50
struggling to take notes properly due to space limitations,Infrastructure,Medium,7,9,1,0,58
desks interfering with posture while writing or typing,Infrastructure,Medium,7,8,1,0,54
left-handed students having to twist awkwardly to write,Infrastructure,Medium,7,8,1,0,55
classroom furniture not accommodating different body types,Infrastructure,Medium,7,7,1,0,58
"being forced to improvise (lap writing, moving desks, etc.)",Infrastructure,Medium,7,9,1,0,59
frustration with classrooms not being updated despite high tuition,Infrastructure,Medium,7,9,1,0,66
overcrowded classrooms making everything worse,Infrastructure,Medium,7,5,1,0,46
having to sit in uncomfortable positions just to participate,Infrastructure,Medium,7,9,1,0,60
lack of accessible or inclusive seating options,Infrastructure,Medium,7,7,1,0,47
needing to bring alternative seating (like a camp chair),Infrastructure,Medium,7,9,1,0,56
desks limiting productivity during class,Infrastructure,Medium,7,5,1,0,40
poor classroom design affecting focus and comfort,Infrastructure,Medium,7,7,1,0,49
feeling physically restricted during learning activities,Infrastructure,Medium,7,6,1,0,56
feeling like you don’t belong in the classroom because of your body size,Infrastructure,High,7,13,2,0,72
desks causing strong self-consciousness about appearance,Infrastructure,High,7,6,2,0,56
anxiety about attending classes because of seating,Infrastructure,High,7,7,2,0,50
skipping classes just to avoid discomfort,Infrastructure,High,7,6,2,0,41
furniture contributing to or worsening body image issues,Infrastructure,High,7,8,2,0,56
feeling singled out as “the only one” who doesn’t fit properly,Infrastructure,High,7,11,2,0,62
emotional distress from constant physical discomfort,Infrastructure,High,7,6,2,0,52
classrooms unintentionally reinforcing insecurity,Infrastructure,High,7,4,2,0,49
lack of institutional response to accessibility concerns,Infrastructure,High,7,7,2,0,56
environments not meeting basic comfort needs despite high cost of education,Infrastructure,High,7,11,2,0,75
overcrowding leading to students literally not having space to sit,Infrastructure,High,7,10,2,0,66
physical discomfort becoming a barrier to learning,Infrastructure,High,7,7,2,0,50
frustration turning into resentment toward the learning environment,Infrastructure,High,7,8,2,0,67
seating design does not accommodate different body sizes,Infrastructure,High,7,8,2,0,56
lack of inclusive or accessible furniture for all students,Infrastructure,High,7,9,2,0,58
classroom infrastructure causing physical discomfort over long periods,Infrastructure,High,7,8,2,0,70
overcrowding leading to insufficient seating capacity,Infrastructure,High,7,6,2,0,53
poor ergonomic design resulting in back and neck strain,Infrastructure,High,7,9,2,0,55
outdated infrastructure negatively impacting learning experience,Infrastructure,High,7,6,2,0,64
inadequate classroom space for the number of students assigned,Infrastructure,High,7,9,2,0,62
lack of institutional upgrades despite evolving academic needs,Infrastructure,High,7,8,2,0,62
furniture design creating barriers to equal participation,Infrastructure,High,7,7,2,0,57
infrastructure issues discouraging regular class attendance,Infrastructure,High,7,6,2,0,59
classroom desks are too small to support both laptops and notebooks,Infrastructure,Medium,7,11,1,0,67
outdated furniture that hasn’t been upgraded for modern learning needs,Infrastructure,Medium,7,10,1,0,70
limited desk surface area makes it hard to manage study materials,Infrastructure,Medium,7,11,1,0,65
poor classroom layout reduces visibility of the board,Infrastructure,Medium,7,8,1,0,53
cramped spacing between desks restricts movement,Infrastructure,Medium,7,6,1,0,48
insufficient number of left-handed desks in classrooms,Infrastructure,Medium,7,7,1,0,54
lack of flexible seating options like movable chairs and tables,Infrastructure,Medium,7,10,1,0,63
inadequate workspace for computer-based classes,Infrastructure,Medium,7,5,1,0,47
mismatched or damaged furniture affecting usability,Infrastructure,Medium,7,6,1,0,51
overcrowded rooms leading to inefficient seating arrangements,Infrastructure,Medium,7,7,1,0,61
Why is the floor in front of every urinal ALWAYS wet?? Like do I have to mentally prepare before stepping there?,Infrastructure,Medium,7,21,1,0,112
Some urinals are straight up clogged and just sitting there full… how is this even acceptable??,Infrastructure,Medium,7,16,1,0,95
Half the flushes don’t work and people just leave it like that for the next guy to deal with.,Infrastructure,Medium,7,19,1,0,93
"Toilet seats are either broken, loose, or just feel like they’re about to fall apart any second.",Infrastructure,Medium,7,17,1,0,96
There are cleaners around but somehow no one is actually checking if anything is clean??,Infrastructure,Medium,7,15,1,0,88
I genuinely don’t understand what maintenance is doing because nothing ever gets fixed.,Infrastructure,Medium,7,13,1,0,87
Sometimes there’s barely any water and the whole place just becomes unusable.,Infrastructure,Medium,7,12,1,0,77
"Peak hours are a nightmare, you’re basically waiting in line for a disgusting experience.",Infrastructure,Medium,7,14,1,0,89
"Leaking pipes, useless sprays… everything feels like it’s hanging on by a thread.",Infrastructure,Medium,7,13,1,0,81
These toilets clearly aren’t cleaned as often as they should be for the number of people using them.,Infrastructure,Medium,7,18,1,0,100
I’ve seen people avoid urinals entirely and just use stalls because it’s that bad.,Infrastructure,Medium,7,14,1,0,82
Drains get clogged so often it feels like no one planned for actual usage.,Infrastructure,Medium,7,14,1,0,74
Newly renovated washrooms look decent for like 2 months and then go downhill fast.,Infrastructure,Medium,7,14,1,0,82
The design itself is so awkward that it probably causes half the mess in the first place.,Infrastructure,Medium,7,17,1,0,89
One floor is okay and another is absolutely disgusting… there’s zero consistency.,Infrastructure,Medium,7,12,1,0,81
I’ve seen toilets so dirty there are literal stains on the seat and even the walls… HOW??,Infrastructure,High,7,17,2,0,89
Soap situation is so sketchy you don’t even feel like touching it.,Infrastructure,High,7,12,2,0,66
"Sometimes you walk in, take one look, and immediately walk out. That’s how bad it is.",Infrastructure,High,7,16,2,0,85
Some of these washrooms genuinely feel like a biohazard zone.,Infrastructure,High,7,10,2,0,61
This is supposed to be a college/public facility and the hygiene is this bad?? Seriously??,Infrastructure,High,7,15,2,0,90
It gets to a point where you’d rather just hold it than deal with this mess.,Infrastructure,High,7,16,2,0,76
There are times when toilets are completely unusable… like what are we even paying for?,Infrastructure,High,7,15,2,0,87
"No one takes responsibility, everything just gets ignored until it’s unbearable.",Infrastructure,High,7,11,2,0,80
You actually worry about hygiene and getting sick just by using these places.,Infrastructure,High,7,13,2,0,77
There are staff around but nothing improves… what are they even doing??,Infrastructure,High,7,12,2,0,71
Basic stuff like soap and clean water being missing is just unacceptable.,Infrastructure,High,7,12,2,0,73
The condition just keeps getting worse over time instead of improving.,Infrastructure,High,7,11,2,0,70
Zero privacy + terrible hygiene = worst possible combo honestly.,Infrastructure,High,7,10,2,0,64
People are literally avoiding using restrooms because of how bad they’ve become.,Infrastructure,High,7,12,2,0,80
At this point it just feels like basic dignity isn’t even a consideration anymore.,Infrastructure,High,7,14,2,0,82
"There are times when the restroom is so dirty that you just walk in, take one look, and walk right back out. It’s that bad.",Infrastructure,High,7,25,2,0,123
"Some stalls are completely unusable, but they’re still left open like people are supposed to just deal with it.",Infrastructure,High,7,19,2,0,111
The level of hygiene is honestly concerning. It’s not just uncomfortable—it feels unsafe to even be in there.,Infrastructure,High,7,18,2,0,109
"You can tell that proper cleaning just isn’t happening, because the same dirt and stains are there for days.",Infrastructure,High,7,19,2,0,108
"There are moments where it feels like the place hasn’t been cleaned at all, despite there being staff around.",Infrastructure,High,7,19,2,0,109
The lack of basic hygiene essentials like soap or clean water makes the whole situation worse than it already is.,Infrastructure,High,7,20,2,0,113
"It’s frustrating because this is such a basic facility, and yet it’s not being maintained at even a minimum standard.",Infrastructure,High,7,20,2,0,117
"The overall condition just keeps getting worse over time, instead of improving or even staying consistent.",Infrastructure,High,7,16,2,0,106
"People are clearly avoiding using the restrooms unless absolutely necessary, which says a lot about the situation.",Infrastructure,High,7,17,2,0,114
"At this point, it feels less like a maintenance issue and more like complete neglect of something that should be a basic necessity.",Infrastructure,High,7,23,2,0,131
"I don’t get why the lighting in these restrooms is always so bad. It’s already not the cleanest place, and then you can barely even see properly on top of that.",Infrastructure,Medium,7,31,1,0,160
"The doors don’t even lock properly half the time, so you’re just sitting there hoping no one tries to open it.",Infrastructure,Medium,7,21,1,0,110
"Trash bins are always overflowing, and it feels like no one empties them regularly. It just adds to the overall mess.",Infrastructure,Medium,7,21,1,0,117
The smell inside is honestly unbearable some days. You walk in and instantly regret your decision.,Infrastructure,Medium,7,16,1,0,98
"The tiles get so slippery that you actually have to be careful while walking, which shouldn’t even be a concern in a restroom.",Infrastructure,Medium,7,23,1,0,126
"It feels like maintenance checks are just not happening regularly, because the same issues keep showing up every single day.",Infrastructure,Medium,7,20,1,0,124
"The mirrors are either dirty or completely unusable, which just adds to how poorly everything is maintained.",Infrastructure,Medium,7,17,1,0,108
"There’s barely any ventilation, so everything just feels trapped inside—heat, smell, everything.",Infrastructure,Medium,7,12,1,0,96
"Some stalls don’t even have proper hooks or space to keep your bag, so you’re stuck awkwardly holding everything.",Infrastructure,Medium,7,19,1,0,113
"Even when something gets “fixed,” it doesn’t stay fixed for long. Within a few days, it’s back to the same condition again.",Infrastructure,Medium,7,22,1,0,123
soap dispensers are empty half the time,Infrastructure,Low,7,7,0,0,39
sometimes soap is kept in random plastic bottles instead of proper dispensers,Infrastructure,Low,7,12,0,0,77
having to carry your own soap because none is provided,Infrastructure,Low,7,10,0,0,54
jet spray pressure is inconsistent (too low to be useful),Infrastructure,Low,7,10,0,0,57
bad ventilation makes the restroom smell worse than it should,Infrastructure,Low,7,10,0,0,61
poor design with no dividers between urinals kills privacy,Infrastructure,Low,7,9,0,0,58
not enough hooks or space to keep personal belongings,Infrastructure,Low,7,9,0,0,53
older toilet designs don’t match current usage needs,Infrastructure,Low,7,8,0,0,52
lack of clear signage or instructions in washrooms,Infrastructure,Low,7,8,0,0,50
restroom layout feels outdated and poorly planned,Infrastructure,Low,7,7,0,0,49
"A lot of the washrooms don’t even have proper flushing systems, which is honestly surprising.",Infrastructure,Low,7,15,0,0,93
Some of the urinals are designed so poorly that they don’t even drain properly.,Infrastructure,Low,7,14,0,0,79
It looks like there isn’t even a proper sewage connection in certain places.,Infrastructure,Low,7,13,0,0,76
"Without working flush systems, things just get left behind, which makes it worse for everyone else.",Infrastructure,Low,7,16,0,0,99
"The smell gets really strong during the day, probably because of how the infrastructure is set up.",Infrastructure,Low,7,17,0,0,98
"At certain times, the washrooms become almost unusable because of how bad it gets.",Infrastructure,Low,7,14,0,0,82
The problem isn’t just cleanliness—it’s the way the whole thing is designed.,Infrastructure,Low,7,12,0,0,76
"Water flow and plumbing don’t seem properly set up, which just adds to the issues.",Infrastructure,Medium,7,15,1,0,82
"Considering the kind of fees being charged, this level of infrastructure is hard to justify.",Infrastructure,Medium,7,15,1,0,92
There’s a clear gap between what’s promised during admissions and what’s actually provided.,Infrastructure,Medium,7,13,1,0,91
Most parents probably don’t even notice this until much later.,Infrastructure,Medium,7,10,1,0,62
These issues seem to exist for a long time without being fixed.,Infrastructure,Medium,7,12,1,0,63
It feels like things only get attention when someone actually complains.,Infrastructure,Medium,7,11,1,0,72
"It’s strange how everything else is maintained well, but something this basic is ignored.",Infrastructure,Medium,7,14,1,0,89
Students are basically forced to adjust to these conditions every single day.,Infrastructure,Medium,7,12,1,0,77
"Over time, this kind of setup definitely affects comfort and daily routine.",Infrastructure,Medium,7,12,1,0,75
There doesn’t seem to be any real accountability for fixing these problems.,Infrastructure,Medium,7,12,1,0,75
Some of these washrooms don’t even have basic infrastructure like proper flush systems or functioning urinals.,Infrastructure,Medium,7,16,1,0,110
The infrastructure itself is so poor that it directly leads to unhygienic conditions.,Infrastructure,Medium,7,13,1,0,85
It honestly doesn’t meet even the basic hygiene standards you’d expect from a school.,Infrastructure,Medium,7,14,1,0,85
"Students have no choice but to use these facilities every day, no matter how bad they are.",Infrastructure,Medium,7,17,1,0,90
This kind of setup can actually affect students’ health over time.,Infrastructure,Medium,7,11,1,0,66
There’s a real risk of infections when sanitation is this poor.,Infrastructure,Medium,7,11,1,0,63
It’s frustrating because basic needs are being ignored despite how much fees are charged.,Infrastructure,Medium,7,14,1,0,89
It feels like the school is focusing more on appearances than essential facilities.,Infrastructure,High,7,13,2,0,83
"Providing clean and usable washrooms should be the bare minimum, but that’s clearly not happening.",Infrastructure,High,7,15,2,0,98
Some students probably avoid using the washrooms altogether because of the condition.,Infrastructure,High,7,12,2,0,85
What starts as discomfort eventually turns into daily stress for students.,Infrastructure,High,7,11,2,0,74
"At times, it doesn’t even feel like basic dignity is being maintained.",Infrastructure,High,7,12,2,0,70
This doesn’t look like a one-time issue—it feels like something that’s been ignored for a long time.,Infrastructure,High,7,17,2,0,100
The management doesn’t seem to be addressing these core problems properly.,Infrastructure,High,7,11,2,0,74
"For a school environment, this is honestly not a safe or acceptable situation.",Infrastructure,High,7,13,2,0,78
Student well-being is clearly being affected by this level of neglect.,Infrastructure,High,7,11,2,0,70
It’s surprising how institutions get away without maintaining such basic standards.,Infrastructure,High,7,11,2,0,83
There’s a huge gap between the reputation they claim and what actually exists.,Infrastructure,High,7,13,2,0,78
"At the end of the day, clean and usable washrooms should be a basic right, not something students have to compromise on.",Infrastructure,High,7,22,2,0,120
It’s pretty obvious that the washrooms don’t get the same attention as the rest of the campus.,Infrastructure,High,7,17,2,0,94
"The infrastructure inside feels outdated, especially when everything else in the school looks modern.",Infrastructure,High,7,14,2,0,101
The overall design of the washrooms just doesn’t seem well thought out.,Infrastructure,High,7,12,2,0,71
"There’s barely any ventilation, so the whole place feels stuffy most of the time.",Infrastructure,High,7,14,2,0,81
"The smell builds up really quickly, which makes it uncomfortable to even step in.",Infrastructure,High,7,14,2,0,81
There doesn’t seem to be any proper system to keep the washrooms fresh throughout the day.,Infrastructure,High,7,16,2,0,90
"The school talks a lot about hygiene, but it doesn’t really reflect in the actual facilities.",Infrastructure,High,7,16,2,0,93
"Compared to classrooms and other areas, the washrooms feel completely neglected.",Infrastructure,Low,7,11,0,0,80
"For a place that markets itself as premium, this really doesn’t match that image.",Infrastructure,Low,7,14,0,0,81
It just feels like maintaining washrooms isn’t a priority at all.,Infrastructure,Low,7,11,0,0,65
"Some areas only get short power cuts, but the real issue is how long it takes to fix even small problems.",Infrastructure,Low,7,21,0,0,105
"Weather issues like rain and falling branches keep causing outages, and it feels like the system isn’t prepared for it at all.",Infrastructure,Low,7,22,0,0,126
"People joke about squirrels causing power cuts, but honestly it shows how unreliable things feel.",Infrastructure,Low,7,15,0,0,97
There’s constant confusion about whether Tamil Nadu actually has a power surplus or deficit—no one seems to agree.,Infrastructure,Low,7,18,0,0,114
Government blame games keep happening but nothing really improves on the ground.,Infrastructure,Low,7,12,0,0,80
"Some areas get quick service when calling EB, while others get completely ignored. It’s very inconsistent.",Infrastructure,Low,7,16,0,0,106
Students feel helpless because even raising issues through official channels requires revealing identity.,Infrastructure,Low,7,13,0,0,105
People are considering going to media just to get basic issues noticed.,Infrastructure,Low,7,12,0,0,71
Complaints feel pointless because there’s no proper response system or follow-up.,Infrastructure,Low,7,11,0,0,81
There’s a general feeling that things only get attention when they become a big public issue,Infrastructure,Low,7,16,0,0,92
EB people don’t fix problems properly. They just do temporary adjustments and the same issue comes back again the next day.,Infrastructure,Low,7,21,0,0,123
"We had to complain for almost two weeks before they actually fixed a wiring issue. Until then, it was just excuses.",Infrastructure,Low,7,21,0,0,115
"They keep saying new wires will be installed but delay it saying “tender not approved yet.” Meanwhile, residents suffer.",Infrastructure,Low,7,19,0,0,120
There’s clearly a manpower shortage in EB because nobody attends calls or shows up on time.,Infrastructure,Low,7,16,0,0,91
Load shedding is happening regularly and people don’t even know if it’s due to shortage or mismanagement. No transparency.,Infrastructure,Low,7,19,0,0,122
Colleges are guilt-tripping students into paying full fees by saying teachers won’t get salaries otherwise.,Infrastructure,Low,7,15,0,0,107
"Even principals don’t seem to have control over management decisions, so student complaints go nowhere.",Infrastructure,Low,7,15,0,0,103
There’s no visible improvement in infrastructure despite tariff increases and higher charges.,Infrastructure,Medium,7,12,1,0,93
"Public services like electricity feel poorly maintained, and issues keep repeating without long-term fixes.",Infrastructure,Medium,7,14,1,0,107
"Students feel like education systems are just running for profit, not actually caring about learning or fairness.",Infrastructure,Medium,7,17,1,0,113
We’re getting power cuts 3–4 times a day and no one from EB is even picking up calls. There’s zero communication on when it’ll be fixed and it’s honestly frustrating at this point.,Infrastructure,Medium,7,33,1,0,180
"Power went off for 2 hours last night and again today for another hour, and the helpline is completely useless. Nobody responds and you’re just left waiting.",Infrastructure,Medium,7,27,1,0,157
"Even after “maintenance work” that lasted hours, the power still went off again the same night. What exactly are they fixing?",Infrastructure,Medium,7,21,1,0,125
EB staff can’t even give a proper timeline. They just keep saying “1 hour” and drag it to 3 hours. No accountability at all.,Infrastructure,Medium,7,24,1,0,124
"The college is cutting off water and electricity in the hostel from 9 AM to 4 PM just because some students don’t attend classes. That’s basic living facilities, not a punishment tool.",Infrastructure,Medium,7,32,1,0,184
"We paid full hostel and college fees, and they’re still shutting off essential services during the day. This doesn’t feel right at all.",Infrastructure,Medium,7,23,1,0,135
"The management is forcing students to pay ₹37,000 for bus fees even when buses weren’t operated for an entire year. That’s just exploitation.",Infrastructure,Medium,7,23,1,0,141
There’s no safe way to complain because the college will retaliate if they find out who reported it. Students are basically stuck.,Infrastructure,High,7,22,2,0,130
Library fines are being charged daily even though the college was closed and students literally couldn’t return books. That’s completely unfair.,Infrastructure,High,7,21,2,0,144
Low voltage issues are so bad that appliances keep getting damaged. People are replacing fans and pumps multiple times with no solution.,Infrastructure,High,7,22,2,0,136
"The campus Wi-Fi works, but it randomly slows down for no reason, especially during peak hours. It’s not unusable, just annoying.",Infrastructure,High,7,21,2,0,129
Some of the classroom fans make a lot of noise even though they’re working fine. It gets distracting after a while.,Infrastructure,High,7,21,2,0,115
"The lights in a few classrooms flicker occasionally. It’s not a big issue, but definitely needs fixing.",Infrastructure,High,7,17,2,0,103
"There are a couple of benches with minor damage, but people still use them anyway since it’s manageable.",Infrastructure,High,7,18,2,0,104
"The parking area is decent, but there’s no proper marking, so it ends up looking messy most of the time.",Infrastructure,High,7,20,2,0,104
"Water coolers are available, but sometimes the water isn’t cold enough, especially during hot afternoons.",Infrastructure,High,7,15,2,0,105
"The corridors get a bit dusty by the end of the day. Cleaning happens, but not frequently enough.",Infrastructure,High,7,18,2,0,97
"Some switches and plug points are loose, but they still work if you adjust them a bit.",IT & Digital Services,Low,6,17,0,0,86
"The college website exists, but it’s outdated and slow to load. Not urgent, just inconvenient.",Infrastructure,Low,7,15,0,0,94
"The garden/green areas are nice, but they’re not maintained regularly, so they don’t look as good as they could.",Infrastructure,Low,7,19,0,0,112
"Power cuts are happening even at 3–4 AM and lasting for hours with no prior notice, which is honestly exhausting to deal with.",Infrastructure,Low,7,23,0,0,126
There’s no communication at all during outages — people are just left guessing when the power will come back.,Infrastructure,Low,7,19,0,0,109
"Basic electricity supply still isn’t reliable even after so many years, and it feels like nothing has improved since childhood.",Infrastructure,Low,7,20,0,0,127
"Students had zero access to drinking water on campus for 4 hours straight, which is just unacceptable for any institution.",Infrastructure,Low,7,20,0,0,122
"Not a single water cooler or backup arrangement was available, and students were literally searching everywhere just to drink water.",Infrastructure,Low,7,20,0,0,132
"Some students say the available drinking water isn’t even safe to consume, which makes the situation worse.",Infrastructure,Low,7,17,0,0,107
Hostel students are facing daily water shortages for over two weeks with no proper solution from management.,Infrastructure,Low,7,17,0,0,108
"There’s absolutely no water at night, not even for emergencies, forcing students to hold in basic needs which is unhealthy.",Infrastructure,High,7,20,2,0,123
Students are being mocked and not taken seriously when they raise genuine issues about water shortage.,Infrastructure,High,7,16,2,0,102
"Management is more concerned about reputation than fixing the actual problem, and students are being told not to speak about it publicly.",Infrastructure,High,7,22,2,0,137
"Power cuts are happening in short bursts multiple times a day, which is more irritating than a single scheduled outage.",Infrastructure,High,7,20,2,0,119
"These “maintenance” power cuts feel random and unplanned, not like something properly scheduled or informed in advance.",Infrastructure,High,7,17,2,0,119
"Load shedding is happening quietly in different areas without any transparency, so people don’t even know the real reason.",Infrastructure,High,7,19,2,0,122
"High summer demand due to AC usage is clearly affecting supply, but there’s no visible effort to manage or communicate it.",Infrastructure,High,7,21,2,0,122
Infrastructure seems to always run at just enough capacity instead of being upgraded for future demand.,Infrastructure,High,7,16,2,0,103
"Temporary fixes are common in electrical issues, which leads to the same problems repeating again and again.",Infrastructure,High,7,17,2,0,108
Students feel like basic facilities like water are not treated as urgent issues unless things get out of control.,Infrastructure,High,7,19,2,0,113
"Even when meetings are arranged to address problems, most students don’t attend due to fear or exhaustion, so nothing changes.",Infrastructure,Medium,7,20,1,0,126
Students are afraid to speak up because they might be targeted by management later.,Infrastructure,Medium,7,14,1,0,83
Complaints raised in groups or forums are dismissed instead of being addressed properly.,Infrastructure,Medium,7,13,1,0,88
"Power cuts of 10–15 minutes keep happening throughout the day, which is more annoying than actually disruptive.",Infrastructure,Medium,7,17,1,0,111
"People are used to these small outages now, but that doesn’t mean it’s acceptable.",Infrastructure,Medium,7,14,1,0,82
"There’s constant confusion about whether power cuts are due to maintenance, load, or something else entirely.",Infrastructure,Medium,7,16,1,0,109
"Discussions about which government is responsible keep happening, but it doesn’t really change anything on the ground.",Infrastructure,Medium,7,17,1,0,118
"Some people believe these outages are within “acceptable limits,” which just shows how normalized the issue has become.",Infrastructure,Medium,7,18,1,0,119
Jokes and sarcasm about infrastructure problems are common because people don’t expect real solutions anymore.,Infrastructure,Medium,7,15,1,0,110
"Students feel like complaining online is the only way to be heard, even if nothing comes out of it.",Infrastructure,Medium,7,19,1,0,99
Basic issues only seem to get attention when they become extreme or public.,Infrastructure,Low,7,13,0,0,75
There’s a general feeling that people just tolerate these problems instead of expecting better.,Infrastructure,Low,7,14,0,0,95
"Even when issues are clearly recurring, they’re treated like one-time inconveniences instead of systemic problems.",Infrastructure,Low,7,15,0,0,114
"People are literally being forced to plan their entire day around unpredictable power cuts, even at odd hours like early morning.",Infrastructure,Low,7,21,0,0,129
Continuous outages are affecting sleep because power goes off in the middle of the night with no warning.,Infrastructure,Low,7,18,0,0,105
"In extreme heat and humidity, losing power for hours isn’t just inconvenient, it becomes physically unbearable.",Infrastructure,Low,7,16,0,0,111
"Students are being indirectly silenced from speaking about serious issues, which makes the whole situation worse.",Infrastructure,Low,7,16,0,0,113
"Even when students try to raise concerns formally, they’re either ignored or made fun of instead of being helped.",Infrastructure,Low,7,19,0,0,113
Being told to use open water tanks for bathing without privacy is honestly unacceptable and humiliating.,Infrastructure,Low,7,16,0,0,104
"Students dealing with periods are facing serious difficulty due to lack of water, and management is still not taking it seriously.",Infrastructure,Low,7,21,0,0,130
"There’s no emergency backup system for something as basic as water, which shows a complete lack of planning.",Infrastructure,High,7,18,2,0,108
"Students had to leave campus temporarily just to manage basic needs like water, which shouldn’t even be a situation.",Infrastructure,High,7,19,2,0,116
"The administration’s response to a long-standing issue is basically “adjust and manage,” instead of actually fixing it.",Infrastructure,High,7,17,2,0,119
Power cuts don’t seem properly scheduled anymore — they just happen randomly throughout the day.,Infrastructure,High,7,15,2,0,96
Even short outages become frustrating because they happen repeatedly and break your flow constantly.,Infrastructure,High,7,14,2,0,100
Infrastructure feels like it’s always reacting to problems instead of preventing them in the first place.,Infrastructure,High,7,16,2,0,105
"The system seems to only act when there’s a major failure, not when smaller issues keep repeating daily.",Infrastructure,High,7,18,2,0,104
Students are expected to adapt to poor conditions instead of expecting improvements.,Infrastructure,High,7,12,2,0,84
"There’s a lack of clear information about why issues are happening, which just adds to the frustration.",Infrastructure,High,7,17,2,0,103
Authorities sometimes shift blame instead of explaining or fixing the root cause.,Infrastructure,High,7,12,2,0,81
People feel like there’s no point complaining because it rarely leads to real change.,Infrastructure,Medium,7,14,1,0,85
"Even when explanations are given (like load or heat), it doesn’t justify the lack of consistent service.",Infrastructure,Medium,7,17,1,0,104
"Basic infrastructure problems are treated as “normal,” which lowers expectations over time.",Infrastructure,Medium,7,12,1,0,91
Short power cuts have become so common that people don’t even react to them anymore.,Infrastructure,Medium,7,15,1,0,84
"There’s always some new explanation for outages, but nothing really changes in the long run.",Infrastructure,Medium,7,15,1,0,92
"People casually debate the reasons behind issues, but it rarely leads to any clarity.",Infrastructure,Medium,7,14,1,0,85
Infrastructure discussions often turn into blame games rather than actual solutions.,Infrastructure,Medium,7,11,1,0,84
"Some people downplay these issues, saying it’s “not that bad,” which is honestly frustrating to hear.",Infrastructure,Medium,7,16,1,0,101
There’s a general acceptance that things won’t improve anytime soon.,Infrastructure,Medium,7,10,1,0,68
People rely on workarounds instead of expecting proper fixes.,Infrastructure,Medium,7,9,1,0,61
Minor inconveniences keep stacking up and slowly become part of daily life.,Infrastructure,Low,7,12,0,0,75
Complaints are often met with sarcasm instead of serious discussion.,Infrastructure,Low,7,10,0,0,68
It feels like expectations are already so low that even small improvements seem like a big deal.,Infrastructure,Low,7,17,0,0,96
"There was literally no water even to wash hands after eating, and people had to use drinking water just to manage basic hygiene.",Infrastructure,High,7,23,2,0,128
"Even the drinking water supply stopped later in the day, so there was nothing left at all to use.",Infrastructure,High,7,19,2,0,97
"Students have to walk all the way from upper floors to ground floor just to collect water cans, which is exhausting and not practical.",Infrastructure,High,7,24,2,0,134
"The water issue hasn’t been fixed even after a full day, and there’s no proper update or resolution from management.",Infrastructure,High,7,20,2,0,116
Students are being forced to attend classes despite there being no proper water supply on campus.,Infrastructure,High,7,16,2,0,97
"Hostel water supply is so limited that if you don’t wake up early morning, you basically won’t get any water for the entire day.",Infrastructure,High,7,24,2,0,128
"There is absolutely no water available at night, not even in showers, making it impossible to manage basic needs.",Infrastructure,High,7,19,2,0,113
"Students are forced to fetch water from different blocks just to use the toilet, which is honestly degrading.",Infrastructure,High,7,18,2,0,109
Management mocked students who raised concerns instead of taking the issue seriously.,Infrastructure,High,7,12,2,0,85
"A student broke down explaining her difficulties during periods due to no water, and the response from authorities was insensitive and dismissive.",Infrastructure,High,7,22,2,0,146
Suggesting students bathe in open areas without privacy just because there’s no water supply is completely unacceptable.,Infrastructure,High,7,17,2,0,120
The issue has been going on for weeks and still no proper solution has been implemented.,Infrastructure,High,7,16,2,0,88
Students are being discouraged and even warned not to talk about the issue publicly to protect the college’s image.,Infrastructure,High,7,19,2,0,115
"People are literally holding in urine and other basic needs daily because there’s no water, which is a serious health risk.",Infrastructure,High,7,21,2,0,123
"Students had to leave campus temporarily just to deal with the water situation, which shows how bad it has gotten.",Infrastructure,High,7,20,2,0,114
"Management keeps giving vague reasons like tankers coming, but in reality nothing actually shows up properly.",Infrastructure,Medium,7,16,1,0,109
Communication from management is rude and dismissive when students ask about basic issues.,Infrastructure,Medium,7,13,1,0,90
"Water quality is sometimes poor or discolored due to ongoing work, but students are just told to “adjust.”",Infrastructure,Medium,7,18,1,0,106
"Pumps run only for a few hours early morning, and once water is over, there’s no refill throughout the day.",Infrastructure,Medium,7,20,1,0,107
"Students are advised to change their daily routine (wake up early, store water) instead of the system being fixed.",Infrastructure,Medium,7,19,1,0,114
"Even after multiple complaints and emails, there is no response from administration.",Infrastructure,Medium,7,12,1,0,84
Students feel forced to send mails pretending to be parents just to get a reply from authorities.,Infrastructure,Medium,7,17,1,0,97
"There’s uncertainty about hostel accommodation, with fears of overcrowding like converting 5-sharing rooms into 6 or more.",Infrastructure,Medium,7,17,1,0,122
Colleges manage crises by shifting batches online instead of actually fixing infrastructure issues.,Infrastructure,Medium,7,13,1,0,99
"Students are too tired or scared to attend grievance meetings, so issues don’t get properly represented.",Infrastructure,Medium,7,16,1,0,104
Even anonymous platforms are not trusted because students feel they can still be tracked and targeted.,Infrastructure,Medium,7,16,1,0,102
"Peers themselves sometimes dismiss concerns, making affected students feel isolated.",Infrastructure,Medium,7,10,1,0,84
"Canteens suddenly stock up and sell more bottled water during shortages, which feels opportunistic.",Infrastructure,Low,7,14,0,0,99
Students are figuring out small workarounds like using spoons just to avoid washing hands frequently.,Infrastructure,Low,7,15,0,0,101
"There’s constant confusion about whether the issue is due to pipelines, rain, or mismanagement.",Infrastructure,Low,7,14,0,0,95
"Seniors say these problems have been happening for years, which shows it’s kind of normalized.",Infrastructure,Low,7,15,0,0,94
Advice like “wake up before 6 AM to get water” has become a regular survival tip.,Infrastructure,Low,7,16,0,0,81
Some students are just trying to adjust quietly instead of complaining because they think nothing will change.,Infrastructure,Low,7,17,0,0,110
People are sharing hacks and coping methods instead of expecting actual fixes.,Infrastructure,Low,7,12,0,0,78
Students are unsure whether to stay in hostel or move to PG due to infrastructure uncertainty.,Infrastructure,Low,7,16,0,0,94
Many feel regret about choosing the college after experiencing these issues.,Infrastructure,Low,7,11,0,0,76
There’s a general feeling that basic facilities depend on luck rather than proper planning.,Infrastructure,Low,7,14,0,0,91
"Sometimes water suddenly comes for a short time and then disappears again, so people can’t even rely on timing properly.",Infrastructure,Low,7,20,0,0,120
"There’s no clear notice or heads-up before water cuts, so everyone just figures it out the hard way.",Infrastructure,Low,7,18,0,0,100
Students end up storing water in bottles and buckets all the time like it’s some kind of routine.,Infrastructure,Low,7,18,0,0,97
"Different blocks seem to have slightly different situations, which just adds to confusion about what’s actually going on.",Infrastructure,Low,7,18,0,0,121
"People keep hearing different reasons for the issue from different sources, and nothing feels confirmed.",Infrastructure,Low,7,15,0,0,104
"Even when water comes back, it’s inconsistent, so no one really trusts that the problem is solved.",Infrastructure,Low,7,17,0,0,98
Small daily tasks like washing hands or cleaning up feel unnecessarily stressful because of the uncertainty.,Infrastructure,Low,7,16,0,0,108
"You never really know when things are actually back to normal, so even when water comes, people still act like it might go any second and rush to use it.",Infrastructure,Low,7,30,0,0,153
"Campus honestly doesn’t feel safe anymore with everything going on — harassment in the library, protests turning aggressive, and no proper control over it.",Library,High,8,24,2,0,155
"Students are being harassed inside the library itself, even early in the morning, which is seriously concerning.",Library,High,8,17,2,0,112
"Protesters are blocking paths and harassing other students, making it difficult to even move around campus peacefully.",Library,High,8,17,2,0,118
"There are serious safety concerns in the library, including incidents involving inappropriate behavior from individuals.",Library,High,8,15,2,0,120
"Labs and workshops are getting disrupted frequently because of strikes, affecting a big portion of academic activities.",Library,High,8,17,2,0,119
Administration sends vague emails instead of clearly addressing what’s happening or how they’ll fix it.,Library,High,8,15,2,0,103
"There have been extreme incidents like fights and even drug use in campus spaces, which required security intervention.",Library,High,8,18,2,0,119
Students feel unsafe raising complaints because of how situations are handled or ignored.,Library,High,8,13,2,0,89
Being exposed to unsafe or uncomfortable situations in study spaces like the library is becoming a real issue.,Library,High,8,18,2,0,110
People don’t respect quiet zones in the library — even “non-talking floors” aren’t actually quiet anymore.,Library,Medium,8,16,1,0,106
"Some people sit way too close in the library even when there’s plenty of space, which makes things uncomfortable.",Library,Medium,8,19,1,0,113
"It’s honestly hard to find a proper study space that’s quiet, accessible, and not crowded.",Library,Medium,8,15,1,0,90
"Library timings aren’t great for everyone, especially for people who prefer studying late at night.",Library,Medium,8,15,1,0,99
"Some libraries are being redesigned to remove books and replace them with study spaces, which doesn’t feel right.",Library,Medium,8,18,1,0,113
Access to academic articles can be frustrating due to login issues and outdated systems.,Library,Medium,8,14,1,0,88
"Libraries are cancelling subscriptions, but the benefits students were promised in return aren’t actually happening.",Library,Medium,8,15,1,0,116
It’s getting harder to find physical books since most resources are being shifted online.,Library,Medium,8,14,1,0,89
Students feel awkward or uncomfortable using the same study spaces every day due to lack of alternatives.,Library,Medium,8,17,1,0,105
"There’s a general lack of respect for shared study spaces like libraries, which affects everyone using them.",Library,Medium,8,17,1,0,108
"Some systems (like coursework platforms or textbooks) have missing or incorrect content, making studying harder.",Library,Medium,8,15,1,0,112
Administrative handling of complaints often feels dismissive or overly bureaucratic.,Library,Medium,8,10,1,0,84
"People talking quietly in “silent” library areas isn’t a huge issue, but it still gets annoying when you’re trying to focus.",Library,Low,8,21,0,0,124
"Library seating behavior is weird sometimes, like people choosing spots right next to you for no reason.",Library,Low,8,17,0,0,104
"Some laptops or study tools work fine overall, but have small inconveniences like being slightly heavy.",Library,Low,8,16,0,0,103
Getting access to certain textbooks or materials can be inconvenient or expensive.,Library,Low,8,12,0,0,82
"Online systems or tools occasionally glitch or don’t work as expected, slowing things down.",Library,Low,8,14,0,0,91
It’s slightly frustrating when libraries close earlier than expected or needed.,Library,Low,8,11,0,0,79
Some students prefer physical books but are forced to rely on digital versions more and more.,Library,Low,8,16,0,0,93
Marketing or communication from institutions (like excessive mails) can feel unnecessary and annoying.,Library,Low,8,13,0,0,102
Finding free or affordable study materials online isn’t always easy.,Library,Low,8,10,0,0,68
"Entire recreational or general reading sections in libraries are locked behind request systems, making access unnecessarily difficult.",Library,High,8,17,2,0,134
"Library systems sometimes redirect you to old university portals that don’t even work anymore, which is super frustrating.",Library,Medium,8,18,1,0,122
"Some academic tools and platforms have missing or incorrect content, like questions not even present in the textbook.",Library,Medium,8,18,1,0,117
"Support staff for academic tools aren’t always available when issues come up, leaving students stuck.",Library,Medium,8,15,1,0,101
"Libraries are closing too early, which doesn’t work for students who study better at night.",Library,Medium,8,15,1,0,91
"Students struggle to focus while studying on campus, especially in public spaces like libraries.",Library,Medium,8,14,1,0,96
There’s pressure to depend entirely on online resources even when students prefer physical books.,Library,Medium,8,14,1,0,97
"Finding proper academic sources for assignments can take weeks, especially for niche topics.",Library,Medium,8,13,1,0,92
Some universities don’t provide enough books or resources for specific research topics.,Library,Medium,8,12,1,0,87
Libraries are being redesigned more for aesthetics or seating rather than actual academic needs.,Library,Medium,8,14,1,0,96
Students sometimes feel like they need external help or even others’ accounts just to access research papers.,Library,Medium,8,17,1,0,109
"Some libraries don’t have regular non-academic books, which makes it boring during breaks between classes.",Library,Low,8,15,0,0,106
It’s annoying when libraries remove bookshelves and replace them entirely with study areas.,Library,Low,8,13,0,0,91
"Books are slowly being pushed out of libraries and replaced with digital access, which not everyone likes.",Library,Low,8,17,0,0,106
Sometimes it’s hard to even find a place to sit in the library because of space issues.,Library,Low,8,17,0,0,87
People who prefer physical textbooks feel frustrated with the shift toward digital-only materials.,Library,Low,8,13,0,0,98
Library access can depend too much on login systems and permissions instead of being straightforward.,Library,Low,8,15,0,0,101
Students sometimes have to rely on external sites or workarounds to get study materials.,Library,Low,8,14,0,0,88
It’s slightly inconvenient that some useful resources are hidden behind multiple redirects and logins.,Library,Low,8,14,0,0,102
"People are being extremely loud in the library, even in areas that are clearly meant to be quiet, making it almost impossible to study.",Library,High,8,24,2,0,135
"Some events or classes are being held openly inside the library instead of proper rooms, completely disturbing the study environment.",Library,High,8,20,2,0,133
The library is sometimes more distracting than home because of how noisy and chaotic people behave.,Library,High,8,16,2,0,99
"Students are literally shouting, running around, and treating the library like a hangout spot instead of a study space.",Library,High,8,19,2,0,119
Staff threatening to call the police over small issues like bringing a skateboard feels unnecessary and intimidating.,Library,High,8,17,2,0,117
"Strict rules are being enforced without considering student situations, like banning personal transport items without alternatives.",Library,High,8,16,2,0,131
Students are effectively being denied access to the library just because of unreasonable rules around carrying personal belongings.,Library,High,8,18,2,0,131
"There’s no proper system in place for storing personal items like skateboards, forcing students to risk theft or lose access.",Library,High,8,20,2,0,125
Some staff behavior comes across as rude or power-tripping instead of being helpful.,Library,High,8,13,2,0,84
"Policies feel inconsistent or unclear, making students unsure about what is actually allowed.",Library,High,8,13,2,0,93
"The library feels overcrowded at times, especially with too many students and not enough comfortable seating.",Library,Medium,8,16,1,0,109
"There’s a lack of proper quiet zones, even though many students rely on the library for focused study.",Library,Medium,8,18,1,0,102
Seating design isn’t ideal — too many couches or shared spaces and not enough individual study spots.,Library,Medium,8,17,1,0,101
"People tend to occupy large seating areas alone, which reduces availability for others.",Library,Medium,8,13,1,0,87
"Library etiquette is clearly lacking, and there doesn’t seem to be enough enforcement of basic rules.",Library,Medium,8,16,1,0,101
Some areas that are supposed to be quiet are not being respected at all.,Library,Medium,8,14,1,0,72
"Temperature inside the library can be uncomfortable at times, like being too cold.",Library,Medium,8,13,1,0,82
Students feel like they have to deal with distractions instead of getting a proper study environment.,Library,Medium,8,16,1,0,101
"There’s confusion about available space — some floors have seating, but not everyone is aware or comfortable using them.",Library,Medium,8,19,1,0,120
Poor communication about rules (like bringing items inside) creates unnecessary conflicts.,Library,Medium,8,11,1,0,90
"Some students feel the library is big enough, but the space isn’t being used efficiently.",Library,Low,8,15,0,0,89
There could be better distribution of seating instead of clustering it in certain styles.,Library,Low,8,14,0,0,89
Individual study booths or soundproof spaces would make a big difference.,Library,Low,8,11,0,0,73
Some people don’t explore beyond the first floor and assume there’s no space available.,Library,Low,8,14,0,0,87
The presence of certain departments inside the library reduces usable study space.,Library,Low,8,12,0,0,82
Library rules around items like skateboards could be handled more flexibly or with simple solutions.,Library,Low,8,15,0,0,100
Small things like having a place to temporarily keep personal belongings would solve many issues.,Library,Low,8,15,0,0,97
The overall experience depends too much on other students’ behavior rather than proper management.,Library,Low,8,14,0,0,98
"The library environment has gotten so out of control that people don’t even expect silence anymore, which completely defeats its purpose.",Library,High,8,21,2,0,137
Situations inside the library sometimes escalate unnecessarily because there’s no proper handling of conflicts between students and staff.,Library,High,8,18,2,0,138
"Even when quiet spaces exist, they’re not clearly separated or enforced, so noise just spreads everywhere.",Library,Medium,8,16,1,0,106
People using the library for non-academic activities makes it harder for those who actually come to study seriously.,Library,Medium,8,18,1,0,116
The layout doesn’t help control noise — open spaces make even small conversations carry across the whole area.,Library,Medium,8,18,1,0,110
Students feel like they constantly have to adjust instead of the system being designed to support them.,Library,Medium,8,17,1,0,103
Some rules feel like they were made without thinking about how students actually use the space day-to-day.,Library,Low,8,17,0,0,106
A bit more guidance or signage about expected behavior could improve things without strict enforcement.,Library,Low,8,15,0,0,103
"The library could be a really good space, but small mismanagement issues keep holding it back.",Library,Low,8,16,0,0,94
"Honestly, there have been times when someone overdosed inside the library and we had to call an ambulance while other visitors kept complaining about service delays. Situations like that are really stressful to handle during normal work hours.",Library,High,8,38,2,0,243
"One time two patrons got into a fight inside the library and started throwing chairs at each other. Staff had to step in before security came, and it honestly didn’t feel safe at all.",Library,High,8,34,2,0,183
"We sometimes have people with severe mental health issues who refuse to leave the building and create disturbances, but we don’t have proper training to deal with those situations.",Library,High,8,29,2,0,180
"There was an incident where a parent left a small child alone in the library and never came back, and we had to call the police. That kind of situation is really serious and puts a lot of pressure on the staff.",Library,High,8,42,2,0,210
"I have seen people openly watching inappropriate content on public computers, and we are expected to handle it carefully without causing a scene, which is very uncomfortable.",Library,High,8,27,2,0,174
"There have been cases where people used drugs inside the library bathrooms, and staff had to deal with the mess afterward. It makes the workplace feel unsafe.",Library,High,8,27,2,0,158
"A visitor once got aggressive when asked to follow the rules and started threatening my colleague, but management didn’t really support us properly.",Library,High,8,23,2,0,148
"Sometimes people who are homeless or dealing with addiction stay in the library all day, and we are expected to handle situations that really should be handled by trained professionals.",Library,High,8,30,2,0,185
"There was a situation where one patron tried to attack another person inside the library, and staff had to intervene before security arrived.",Library,High,8,23,2,0,141
"We often end up helping people who are in serious personal crises, including those who are suicidal or in unsafe situations, even though we are not trained social workers.",Library,High,8,29,2,0,171
"Working in the library gets exhausting because people expect us to fix every problem they have, even when it has nothing to do with library services.",Library,Medium,8,26,1,0,149
"Visitors sometimes ask for things that are completely outside our responsibility, and when we say we can’t help, they get frustrated with us.",Library,Medium,8,23,1,0,141
"There are times when management expects us to attend community events or activities outside working hours, and it feels like our personal time is not respected.",Library,Medium,8,26,1,0,160
"Some patrons get angry when we cannot do something for them, even when the rules clearly don’t allow it.",Library,Medium,8,19,1,0,104
"Most days it feels like we are expected to be teachers, IT support, counselors, and social workers all at once, but without any proper training.",Library,Medium,8,25,1,0,144
"When we tell people we are not qualified to handle certain problems, they act like we just don’t want to help, which makes the situation worse.",Library,Medium,8,26,1,0,143
"Visitors often blame us for rules that were made by higher authorities, as if we personally decided them.",Library,Medium,8,18,1,0,105
"Dealing with so many different kinds of people every day can be emotionally draining, especially when many of them are already stressed or upset.",Library,Medium,8,24,1,0,145
"Some library branches have a lot more difficult situations than others, and the workload becomes overwhelming in those locations.",Library,Medium,8,19,1,0,129
"It gets frustrating when management does not support staff decisions, especially when we are just trying to follow the rules.",Library,Medium,8,20,1,0,125
"We are expected to stay polite all the time, even when someone is being rude or disrespectful, and that slowly leads to burnout.",Library,Medium,8,23,1,0,128
"People think library jobs are easy, but the reality is that we deal with a lot of difficult situations that nobody sees.",Library,Medium,8,22,1,0,120
"Sometimes we feel unsafe, but the policies make it hard to take action against problematic visitors.",Library,Medium,8,16,1,0,100
"There is constant pressure to help everyone, even when the library does not have enough staff or funding.",Library,Medium,8,18,1,0,105
"Working in a public library means dealing with people from very difficult backgrounds, which can be rewarding but also very tiring mentally.",Library,Medium,8,22,1,0,140
"A lot of people think library work is easy, but in reality we are busy all the time helping visitors and solving problems.",Library,Low,8,23,0,0,122
"Some visitors assume we can do anything they ask, even when it has nothing to do with the library.",Library,Low,8,19,0,0,98
"We are sometimes expected to know everything, and people get annoyed when we don’t have the answer.",Library,Low,8,17,0,0,99
"There is pressure to always say yes to visitors, even when it would be better to say no.",Library,Low,8,18,0,0,88
"The work environment depends a lot on management, and when leadership is not good, the job becomes harder.",Library,Low,8,18,0,0,106
Sometimes it feels like the pay does not match the amount of work we have to do.,Library,Low,8,17,0,0,80
"People imagine libraries as quiet and peaceful, but the reality is very different most days.",Library,Low,8,15,0,0,92
"Different branches have completely different working conditions, and some are much harder to manage than others.",Library,Low,8,16,0,0,112
Not having enough staff or funding makes it difficult to give proper service to visitors.,Library,Low,8,15,0,0,89
"Sometimes the rules are unclear, but staff still get blamed when something goes wrong.",Library,Low,8,14,0,0,86
"We are expected to handle customer service, technical help, and administrative work at the same time inside the library",Library,Low,8,19,0,0,119
"Visitors often think we have full authority, but in reality we have to follow strict policies.",Library,Low,8,16,0,0,94
"Sometimes working in the library feels really unsafe because when people get aggressive or start shouting, we are the ones stuck dealing with it and there is not always proper support from management.",Library,High,8,33,2,0,200
"In the library, we sometimes have to handle people with serious mental health issues, addiction problems, or other personal crises, and honestly it feels like we are being forced into roles we were never trained for.",Library,High,8,36,2,0,216
"There are situations in the library where a patron keeps coming back every day, arguing for hours, demanding help, and making staff uncomfortable, but nothing can really be done unless things become extreme.",Library,High,8,33,2,0,207
"One of the worst parts of library work is that even when a person is clearly behaving in a way that disturbs everyone, it still feels nearly impossible to remove them, so staff just have to tolerate it.",Library,High,8,38,2,0,202
"At the library, there are times when visitors say inappropriate things or behave in ways that make staff feel uncomfortable, but unlike some other jobs, we cannot just walk away or end the interaction easily.",Library,High,8,35,2,0,208
What really makes library work exhausting is when serious situations happen and administration still does not seem to care much about staff safety or well-being.,Library,High,8,25,2,0,161
"Some days in the library you are not just helping with books or information, you are dealing with people who expect you to solve huge personal problems, and that kind of pressure becomes overwhelming very quickly.",Library,High,8,36,2,0,213
"It gets really stressful in the library when there are no clear boundaries for when staff are allowed to say no, step in, or call for help, especially when a situation is already getting out of hand.",Library,High,8,37,2,0,199
"When staffing is low in the library and people are working alone more often, dealing with difficult visitors becomes much more intense and honestly feels unsafe.",Library,High,8,26,2,0,161
"In the library, some people think they can behave however they want because it is a public space, and staff are left trying to manage that without enough authority or backup.",Library,High,8,31,2,0,174
"I worked with the public before, so helping people in the library is not the hard part, but it does get tiring when you keep repeating the same basic things again and again and never get to do anything beyond that.",Library,Low,8,41,0,0,214
"Sometimes the most frustrating part of working in the library is people yelling over really small things, because even if the issue itself is silly, hearing that all the time wears you down.",Library,Low,8,33,0,0,190
"The library job would be much easier if management actually backed staff properly, because even minor issues start feeling much worse when you know you are on your own.",Library,Low,8,29,0,0,168
"A lot of people still think library work is just sitting quietly with books, but the reality is that it is constant public interaction and that gets draining.",Library,Low,8,28,0,0,158
"Compared to some other jobs, the library is better, but that does not mean it is easy, and after a while the daily pressure still builds up.",Library,Low,8,27,0,0,140
Some of the stress in library work comes from not having clear rules about what staff are supposed to do when someone starts becoming difficult or disrespectful.,Library,Low,8,27,0,0,161
"Working in the library can get mentally tiring because many visitors come with problems that are not really library issues, but staff still end up dealing with them.",Library,Low,8,28,0,0,165
"Sometimes it is not one major incident in the library, it is just lots of small exhausting things happening all day with no break.",Library,Low,8,24,0,0,130
"The library becomes harder to manage when there are fewer staff around, because even normal public-facing work feels heavier when you do not have enough support.",Library,Low,8,26,0,0,161
"One frustrating thing about library work is that people assume it is an easy job, when actually a lot of the day is spent handling complaints, questions, and awkward situations.",Library,Low,8,30,0,0,177
"I'm having trouble finding the course materials I need for my classes because the library doesn't have them available, and the bookstore is always sold out, so it's getting hard to keep up with the course.",Library,High,8,36,2,0,205
"It's really difficult to study properly when the library doesn't have the required textbooks or reference materials, and there are no other options to access them.",Library,High,8,26,2,0,163
"I'm struggling to complete assignments because the library hours are limited, and most of the time it's closed when I actually have time to study.",Library,High,8,25,2,0,146
"Accessing research databases has been difficult lately, and when the library is closed I don’t have any other way to get the materials I need.",Library,High,8,25,2,0,142
The limited access to online library resources and research databases made it very hard for me to finish my assignments and projects on time.,Library,High,8,24,2,0,141
"As an online student, I feel at a disadvantage because I don’t have proper access to the library and other academic resources on campus.",Library,High,8,24,2,0,136
There should be better access to academic resources because sometimes the library facilities and materials are not available when students actually need them.,Library,High,8,23,2,0,158
Not having enough library resources for certain subjects makes it difficult to prepare for exams and complete coursework properly.,Library,High,8,19,2,0,130
"I want to report a serious ragging incident from the first week of college. A group of seniors cornered three first-year students and forced them to do embarrassing things. This created a lot of fear among juniors, and people are scared to report it openly.",Ragging & Harassment,High,11,45,2,0,257
"Senior students are ragging juniors in the hostel and corridors, and even after it was reported to the hostel warden, no action was taken. One fresher is now too scared to even attend college because of what has been happening.",Ragging & Harassment,High,11,40,2,0,227
"There is ongoing ragging in the dormitory and corridors, and it is not a one-time thing. Juniors are being targeted repeatedly, and the lack of response from the warden is making the situation worse.",Ragging & Harassment,High,11,34,2,0,199
"During the annual cultural event, some students from another college misbehaved with girl students, and even though security and faculty were present, no one stepped in. It was very disturbing and left students feeling unsafe on campus.",Ragging & Harassment,High,11,37,2,0,236
"There is no proper security at the college gate after 8 PM, and outsiders can enter the campus very easily. This is especially frightening for girl students returning from the library at night.",Ragging & Harassment,High,11,33,2,0,193
"I have been facing verbal harassment on campus to the point that two no-contact orders had to be issued, but the harassment still continued through other people. One person has already violated the no-contact order more than once, and the university is just giving me the runaround.",Ragging & Harassment,High,11,47,2,0,282
"From earlier also, I have been undergoing ragging on campus. I was never beaten in that particular phase, but it was still serious enough to keep affecting me.",Ragging & Harassment,High,11,28,2,0,159
"The seniors beat students who did not understand something immediately, and that kind of behavior is absolutely unacceptable. Nobody deserves to be hit just because they could not grasp something quickly.",Ragging & Harassment,High,11,31,2,0,204
"They abused me and beat me. This was not just verbal harassment, it turned physical and left a serious impact on me.",Ragging & Harassment,High,11,22,2,0,116
"A guy was obsessing over me and behaving in a very stalker-like way, and it made me feel extremely uncomfortable. He kept trying to reach me without invitation and involved my friends too.",Ragging & Harassment,High,11,33,2,0,188
"He made a comment while looking me up and down, and then made an explicit remark about my body. That crossed the line completely and made me feel unsafe.",Ragging & Harassment,High,11,29,2,0,153
Someone was tracking my location through online services and basically monitoring where I was. That felt deeply invasive and frightening.,Ragging & Harassment,High,11,20,2,0,137
I stopped talking to everyone because nobody believed me when I spoke about what was happening. Being ignored made everything worse and pushed me into a very bad mental state for years.,Ragging & Harassment,High,11,32,2,0,185
The teacher started beating me without even asking properly what happened. He kept slapping me even when I begged him and said it was not me.,Ragging & Harassment,High,11,26,2,0,141
"He beat me so badly that my face ended up with scars because of his nails. I was also hit on my back with an empty water jar, and then another teacher joined in too.",Ragging & Harassment,High,11,35,2,0,165
"Teachers spread very serious false allegations about me, saying I drank alcohol, smoked, used tobacco, harassed a girl, and even had sex with someone on the trip. Because of that, my classmates started taunting me, my friends turned against me, and even my father believed them and hated me.",Ragging & Harassment,High,11,49,2,0,291
"My childhood was ruined because of teachers like this. What they did was not discipline, it was abuse and humiliation that stayed with me.",Ragging & Harassment,High,11,24,2,0,138
"The class environment feels humiliating and unsafe because the instructor publicly shames students for their mistakes. It keeps happening repeatedly, and it creates fear and mental stress in the class.",Ragging & Harassment,Medium,11,30,1,0,201
"I am facing this again and again in class, where the instructor shames students in front of everyone. Because of that, many students are scared to speak up or even report it.",Ragging & Harassment,Medium,11,32,1,0,174
The class has become a place where students feel constantly humiliated instead of supported. Public shaming by the instructor is affecting confidence and making the environment feel hostile.,Ragging & Harassment,Medium,11,28,1,0,190
"There is fear among juniors because of ragging and harassment, but students are not comfortable reporting openly. People are scared of what might happen if they complain.",Ragging & Harassment,Medium,11,27,1,0,170
"Some students from another college misbehaved with girl students during the event, and what made it worse was that college staff who were present did not intervene. That made it feel like student safety was not being taken seriously.",Ragging & Harassment,Medium,11,39,1,0,233
"The lack of security monitoring in the hostel and on campus is making students feel unsafe. After repeated incidents, there is a clear need for stricter action and better supervision.",Ragging & Harassment,Medium,11,30,1,0,183
"I feel very uncomfortable because someone became overly obsessed with me, and I only came to know the full extent of it later through my friends. It was not normal behavior, and it left me disturbed.",Ragging & Harassment,Medium,11,36,1,0,199
"A guy liked me but became too obsessive, and the way he acted made me feel very uncomfortable. It stopped feeling harmless and started feeling like harassment.",Ragging & Harassment,Medium,11,27,1,0,159
"I was obvious about not liking him, and I even blocked him after some things happened, but the whole situation still left me deeply uncomfortable.",Ragging & Harassment,Medium,11,25,1,0,146
"People started spreading gossip about me after the accusations, and that turned into bullying and taunting from classmates. Even the people I thought were my friends started speaking badly about me.",Ragging & Harassment,Medium,11,31,1,0,198
"My friends did not support me when things got bad, and instead they joined in talking badly about me. That kind of social humiliation was very hard to deal with.",Ragging & Harassment,Medium,11,30,1,0,161
I can’t cope mentally anymore. I feel completely drained and have lost interest in everything because of what I have gone through.,Ragging & Harassment,Medium,11,22,1,0,130
I was depressed for years because of the way I was treated and because nobody believed me. The emotional impact of it stayed for a very long time.,Ragging & Harassment,Medium,11,28,1,0,146
The college atmosphere feels unsafe when students know serious incidents are happening but believe the institution is more interested in staying quiet than taking action.,Ragging & Harassment,Medium,11,25,1,0,170
"The way some teachers behave is humiliating. They expect students to understand everything immediately, and if someone needs something explained again, they are treated badly.",Ragging & Harassment,Low,11,25,0,0,175
The professors do not teach properly and then make students feel worthless for not understanding. That kind of treatment slowly destroys confidence.,Ragging & Harassment,Low,11,22,0,0,148
"If a teacher does not like dealing with students, they should not be teaching at all. Making students miserable in the classroom is unfair.",Ragging & Harassment,Low,11,24,0,0,139
"I did experience some of this behavior myself, and it leaves a lasting effect even if other people dismiss it as normal discipline.",Ragging & Harassment,Low,11,23,0,0,131
"A person kept making me uncomfortable with the way he behaved around me, even before things became more obvious. It was one of those situations where you know something feels wrong.",Ragging & Harassment,Low,11,31,0,0,181
"He kept trying to get to me through my friend and wanted to meet me when I was already out with someone else, even though there was no invitation from my side. That behavior felt intrusive.",Ragging & Harassment,Low,11,36,0,0,189
I hate that people around me treated all of this like it was nothing. Being uncomfortable all the time and not being taken seriously is exhausting.,Ragging & Harassment,Low,11,26,0,0,147
"The environment becomes worse when students feel they cannot report ragging or harassment safely. Even when something is wrong, fear keeps people silent.",Ragging & Harassment,Low,11,23,0,0,153
"I was a fresher in the hostel and seniors came to my room on the very first night. At first they asked normal introduction questions, but then they started forcing me to do humiliating dares. One of them wanted me to perform a lap dance on a senior while they recorded a video. When I refused, they threatened to humiliate me in front of everyone the next day.",Ragging & Harassment,High,11,68,2,0,360
I have faced ragging where seniors asked deeply inappropriate sexual questions during introduction and spoke in such an intimidating tone that I was literally on the verge of crying while answering.,Ragging & Harassment,High,11,31,2,0,198
"I faced ragging in college where we were forced to strip completely. Even if it did not go beyond that in that place, it still crossed all limits of dignity and made the experience terrifying.",Ragging & Harassment,High,11,35,2,0,192
"On the first day of second year in the seniors’ hostel, we were stopped at the entrance, forced to remove our shirts, and made to greet seniors by rubbing our noses on the floor. When our monitor objected and said ragging is banned, he was beaten badly in front of us.",Ragging & Harassment,High,11,51,2,0,268
"After that, on the terrace, the seniors forced us into humiliating acts in our underwear. The punishments became more and more degrading, and our monitor was specifically targeted in a way that was cruel and abusive.",Ragging & Harassment,High,11,36,2,0,216
"The worst part was that when the monitor complained to the authorities, no action was taken. After the seniors found out, they punished him even more severely and publicly humiliated him for days.",Ragging & Harassment,High,11,33,2,0,196
"He was forced to remain naked for an entire week inside the hostel, was not allowed to use normal facilities, and was made to live in completely humiliating conditions while others watched. Even after all this, the authorities still took it lightly.",Ragging & Harassment,High,11,42,2,0,249
His videos were shown to juniors later just to scare them into submission. That kind of ragging was clearly being used to threaten others and make sure nobody dared to complain.,Ragging & Harassment,High,11,31,2,0,177
"On our first hostel night, seniors called us into a smoke-filled room, abused us badly, and started humiliating us one by one. One of my roommate was slapped, insulted, stripped down to vest and underwear, and forced into obscene acts while crying.",Ragging & Harassment,High,11,42,2,0,248
"The whole atmosphere during that ragging session was terrifying. I was so scared my mind just stopped working, and I honestly thought if I made one wrong move they would beat me badly too.",Ragging & Harassment,High,11,34,2,0,188
"During what they called an introduction session, seniors were speaking in such a harsh and threatening way that I was shaking and almost crying just trying to say my name properly.",Ragging & Harassment,Medium,11,31,1,0,180
"Even when people try to make it sound like “just bonding” or “fun interaction,” being forced to answer vulgar questions in front of seniors was humiliating and uncomfortable.",Ragging & Harassment,Medium,11,28,1,0,174
"I was made to do embarrassing things in the name of entertainment during senior interaction, and even if others laughed it off later, at that moment it felt humiliating and stressful.",Ragging & Harassment,Medium,11,31,1,0,183
"The problem is that these so-called introduction sessions are presented like they are harmless, but juniors are still under pressure and fear, and they know they cannot easily say no.",Ragging & Harassment,Medium,11,30,1,0,183
"There was a lot of emotional intimidation in the way seniors called us, made us stand in line, and controlled the entire interaction. Even before anything extreme happened, the fear itself was overwhelming.",Ragging & Harassment,Medium,11,33,1,0,206
"I had gone into college already nervous because of all the stories I had heard about ragging, and when seniors came to my room at night, I genuinely felt like I had no safe option.",Ragging & Harassment,Medium,11,35,1,0,180
"Even where physical violence did not happen immediately, the threat of public humiliation was enough to make the entire experience mentally disturbing.",Ragging & Harassment,Medium,11,22,1,0,151
The line between “introduction” and ragging gets crossed very fast when juniors are forced to perform acts they are uncomfortable with just to avoid trouble from seniors.,Ragging & Harassment,Medium,11,27,1,0,170
"The so-called introduction by seniors was not comfortable at all. The tone itself was enough to make me panic, and I felt pressured even while answering basic questions like my name.",Ragging & Harassment,Low,11,31,0,0,182
"Being told to introduce myself in a particular language and in a very controlled way did not feel friendly, it felt like I was being tested under pressure.",Ragging & Harassment,Low,11,28,0,0,155
"Some of the senior interaction was presented as culture, bonding, or discipline, but for a junior who is already nervous, it still feels like forced obedience.",Ragging & Harassment,Low,11,26,0,0,159
"Even when people later describe it as fun, for the junior going through it in the moment, the embarrassment is very real and hard to forget.",Ragging & Harassment,Low,11,26,0,0,140
The pressure to cooperate with seniors just so they would leave or not target you more is itself very uncomfortable and not something that should be normalized.,Ragging & Harassment,Low,11,27,0,0,160
"A lot of these hostel “interaction” sessions are spoken about casually later, but when you are actually standing there as a fresher, scared and not knowing what comes next, it does not feel harmless at all.",Ragging & Harassment,Low,11,36,0,0,206
"During the senior interaction, I was asked personal questions in front of everyone, and even though nothing serious happened, the situation felt embarrassing.",Ragging & Harassment,Low,11,23,0,0,158
"The way seniors called us for introduction felt very intimidating, and I was so nervous that I could barely speak properly.",Ragging & Harassment,Low,11,21,0,0,123
"Even though they called it just an introduction, the pressure to answer quickly and correctly made the whole experience stressful.",Ragging & Harassment,Low,11,20,0,0,130
"I was asked questions in a tone that sounded threatening, and I felt like I would be insulted if I said anything wrong.",Ragging & Harassment,Low,11,23,0,0,119
"Some of the questions asked during interaction were uncomfortable, and I only answered because I was scared of what would happen if I refused.",Ragging & Harassment,Low,11,24,0,0,142
"During the first meeting with seniors, I felt forced to behave the way they wanted, even though they said it was just for fun.",Ragging & Harassment,Low,11,24,0,0,126
"We were told to introduce ourselves in a particular way, and even that small thing made me feel like I was being judged.",Ragging & Harassment,Low,11,23,0,0,120
"The introduction session felt more like a test than a friendly interaction, and I was worried the whole time that I might make a mistake.",Ragging & Harassment,Low,11,25,0,0,137
"Even when nothing physical happened, the fear of ragging made the entire interaction uncomfortable.",Ragging & Harassment,Low,11,14,0,0,99
"I had already heard many stories about ragging, so when seniors called us at night, I felt scared even before anything started.",Ragging & Harassment,Low,11,22,0,0,127
"We were standing in a line in front of seniors, and the situation itself made us nervous because we didn’t know what they would ask next.",Ragging & Harassment,Low,11,26,0,0,137
"Some seniors tried to make the session sound like bonding, but the way they spoke made it feel more like pressure than friendship.",Ragging & Harassment,Low,11,23,0,0,130
I felt embarrassed when I had to do things in front of seniors just to avoid getting into trouble.,Ragging & Harassment,Low,11,19,0,0,98
"Even when seniors said it was for fun, I didn’t feel comfortable because I knew I could not refuse.",Ragging & Harassment,Low,11,19,0,0,99
"The tone used by seniors during interaction made it clear that juniors were expected to obey, and that made the situation stressful.",Ragging & Harassment,Low,11,22,0,0,132
"I felt very uncomfortable when seniors asked personal questions during introduction, even though others were laughing.",Ragging & Harassment,Low,11,16,0,0,118
The fear of being singled out in front of everyone made the whole session mentally tiring.,Ragging & Harassment,Low,11,16,0,0,90
Even small tasks given by seniors felt like pressure because we didn’t know what would happen if we refused.,Ragging & Harassment,Low,11,19,0,0,108
The first few days in hostel felt stressful because we were always worried seniors might call us for interaction again.,Ragging & Harassment,Low,11,20,0,0,119
I felt very nervous during the first interaction with seniors because they suddenly came to the room and started asking questions and giving dares.,Ragging & Harassment,Low,11,24,0,0,147
"When seniors asked me to play my favorite sport alone without any equipment, I felt uncomfortable but I still did it because I was scared to refuse.",Ragging & Harassment,Low,11,27,0,0,148
The way seniors spoke in an aggressive tone made me feel scared even though the task they gave was small.,Ragging & Harassment,Low,11,20,0,0,105
I got so frustrated after the interaction with seniors that I did not feel comfortable staying in the hostel.,Ragging & Harassment,Low,11,19,0,0,109
"During the introduction session at hostel, we were called late at night which made all of us nervous because we didn’t know what would happen.",Ragging & Harassment,Low,11,25,0,0,142
"We had to introduce ourselves in front of seniors and answer personal questions, which made the situation embarrassing.",Ragging & Harassment,Low,11,18,0,0,119
"Seniors told us to follow certain rules like giving them priority and doing small tasks, which made me feel pressured even if they said it was part of tradition.",Ragging & Harassment,Low,11,29,0,0,161
I felt uncomfortable when seniors asked us to do things just for their entertainment during the first few days.,Ragging & Harassment,Low,11,19,0,0,111
"Even though seniors said it was only for bonding, the way they talked made me feel like juniors had no choice but to listen.",Ragging & Harassment,Low,11,24,0,0,124
I felt scared when seniors asked my hobby and then forced me to do something related to it.,Ragging & Harassment,Low,11,18,0,0,91
"When I was alone and a senior suddenly started asking questions, I became nervous because I thought ragging might start.",Ragging & Harassment,Low,11,20,0,0,120
"I was worried the whole night after a senior told me he would come to my room later, even though nothing serious happened.",Ragging & Harassment,Low,11,23,0,0,122
The fear of seniors calling us anytime during the first few days made hostel life stressful.,Ragging & Harassment,Low,11,16,0,0,92
Even small jokes by seniors sometimes made me uncomfortable because I didn’t know how to respond.,Ragging & Harassment,Low,11,16,0,0,97
"When seniors told us to introduce ourselves in a specific way, I felt like I was being judged.",Ragging & Harassment,Low,11,18,0,0,94
I felt embarrassed when seniors asked questions in front of everyone and expected quick answers.,Ragging & Harassment,Low,11,15,0,0,96
"During the first few days in hostel, we were always alert because we thought seniors might call us for interaction.",Ragging & Harassment,Low,11,20,0,0,115
"Some seniors made us do small tasks to show respect, which made me uncomfortable but I still did it to avoid trouble.",Ragging & Harassment,Low,11,22,0,0,117
"Even though nothing physical happened, the pressure from seniors made me mentally stressed.",Ragging & Harassment,Low,11,13,0,0,91
I felt uneasy when seniors kept testing us with questions just to see how we react.,Ragging & Harassment,Low,11,16,0,0,83
"I left the hostel and even gave up my IIT seat because I was scared after seniors forced me to run outside even though I had fever, and I felt I would not survive in that environment.",Ragging & Harassment,High,11,37,2,0,183
"During the hostel induction, seniors forced us to tell body measurements and personal details, which made me feel extremely humiliated and uncomfortable.",Ragging & Harassment,High,11,22,2,0,153
"We were ordered to do tasks in undergarments for seniors, including cleaning rooms and doing personal work, which felt degrading.",Ragging & Harassment,High,11,20,2,0,129
"Seniors forced me to help them in the bathroom while I was not fully dressed, which made me feel ashamed and violated.",Ragging & Harassment,High,11,22,2,0,118
"In college, seniors stripped us completely in the toilet and forced us to do punishments, which was very humiliating.",Ragging & Harassment,High,11,19,2,0,117
"We were forced to stay naked and do punishments if we did not follow seniors’ instructions, which made us feel helpless.",Ragging & Harassment,High,11,21,2,0,120
"Seniors made us put our heads in the toilet and flush water as punishment, which was very degrading.",Ragging & Harassment,High,11,18,2,0,100
We were beaten and slapped if we did not answer seniors correctly during ragging.,Ragging & Harassment,High,11,14,2,0,81
I was forced to act like an animal while a senior sat on my back and hit me to make me move faster.,Ragging & Harassment,High,11,23,2,0,99
A senior forced me to behave like a horse and kept hitting me until I was exhausted and in pain.,Ragging & Harassment,High,11,20,2,0,96
We were forced to remove clothes and do humiliating activities in hostel as part of ragging.,Ragging & Harassment,High,11,16,2,0,92
Some seniors forced juniors to drink urine and do extremely disgusting punishments.,Ragging & Harassment,High,11,12,2,0,83
We were treated like slaves for one year and had to do whatever seniors said without question.,Ragging & Harassment,High,11,17,2,0,94
"I was made to stand naked in public as punishment, which was the most humiliating experience of my life.",Ragging & Harassment,High,11,19,2,0,104
Seniors burned me with a cigarette and injured me when I refused to obey them.,Ragging & Harassment,High,11,15,2,0,78
They pushed objects into my body during ragging which caused bleeding and I had to go to hospital.,Ragging & Harassment,High,11,18,2,0,98
"I was forced to strip to prove my gender in front of seniors, and they kept humiliating me the whole night.",Ragging & Harassment,High,11,21,2,0,107
A senior forced me to stay naked and punished me for the whole night in the hostel.,Ragging & Harassment,High,11,17,2,0,83
We were forced to kiss each other and stay without clothes as punishment during ragging.,Ragging & Harassment,High,11,15,2,0,88
Seniors forced us to touch each other and do humiliating acts in the bathroom.,Ragging & Harassment,High,11,14,2,0,78
I was forced to stay naked for long hours and was not allowed to refuse anything seniors told.,Ragging & Harassment,High,11,18,2,0,94
Seniors used threats to make sure we never complained about ragging.,Ragging & Harassment,High,11,11,2,0,68
Some students were punished for complaining and ragging became worse after that.,Ragging & Harassment,High,11,12,2,0,80
Seniors forced us to play games and do activities even when we were not comfortable.,Ragging & Harassment,Medium,11,15,1,0,84
I was scared because seniors called us late at night and we did not know what they would do.,Ragging & Harassment,Medium,11,19,1,0,92
We were told to follow strict rules made by seniors and had to obey them.,Ragging & Harassment,Medium,11,15,1,0,73
Seniors shouted at us when we did not answer properly during interaction.,Ragging & Harassment,Medium,11,12,1,0,73
We were made to stand in line and introduce ourselves repeatedly until seniors were satisfied.,Ragging & Harassment,Medium,11,15,1,0,94
Seniors told us to do personal work for them which made us feel like juniors had no respect.,Ragging & Harassment,Medium,11,18,1,0,92
I was slapped because I refused something a senior offered.,Ragging & Harassment,Medium,11,10,1,0,59
Seniors forced us to stay awake at night for ragging sessions.,Ragging & Harassment,Medium,11,11,1,0,62
We had to greet every senior in a specific way or we would be punished.,Ragging & Harassment,Medium,11,15,1,0,71
Seniors threatened us that things would get worse if we complained.,Ragging & Harassment,Medium,11,11,1,0,67
We were forced to do physical punishments like murga and pushups.,Ragging & Harassment,Medium,11,11,1,0,65
Seniors forced us to remember useless things and asked randomly to check.,Ragging & Harassment,Medium,11,12,1,0,73
We were scared to make eye contact with seniors because they would get angry.,Ragging & Harassment,Medium,11,14,1,0,77
Seniors made us feel like we had no freedom in hostel.,Ragging & Harassment,Medium,11,11,1,0,54
We had to do whatever seniors said because we were afraid of punishment.,Ragging & Harassment,Medium,11,13,1,0,72
I felt mentally stressed because ragging was happening repeatedly.,Ragging & Harassment,Medium,11,9,1,0,66
Some seniors used abusive language during ragging sessions.,Ragging & Harassment,Medium,11,8,1,0,59
We were forced to go to seniors’ rooms whenever they called.,Ragging & Harassment,Medium,11,11,1,0,60
I was afraid to stay alone because seniors might call anytime.,Ragging & Harassment,Medium,11,11,1,0,62
Seniors made fun of us in front of others which felt humiliating.,Ragging & Harassment,Medium,11,12,1,0,65
We were told not to complain or we would face more ragging.,Ragging & Harassment,Medium,11,12,1,0,59
"We were forced to remove all our clothes during ragging, even underwear, and the seniors behaved like it was completely normal. It was very humiliating.",Ragging & Harassment,High,11,25,2,0,152
During ragging they made us stand in a circle and forced us to touch each other inappropriately as part of some game. It was very uncomfortable and disturbing.,Ragging & Harassment,High,11,28,2,0,159
"The seniors used to punish the loser by forcing him to do disgusting acts, and we had no choice but to obey because we were scared.",Ragging & Harassment,High,11,26,2,0,131
Some of the seniors took juniors outside campus and forced them to remove clothes in public places. That was the most embarrassing thing anyone could go through.,Ragging & Harassment,High,11,27,2,0,161
They even recorded videos during ragging and later shared them in groups. We were scared that those videos could be used against us anytime.,Ragging & Harassment,High,11,24,2,0,140
"When I reached hostel, a group of seniors surrounded me with sticks and chains and threatened me to follow whatever they say.",Ragging & Harassment,High,11,22,2,0,125
"One senior suddenly hit me during ragging without any reason, and everyone behaved like it was normal.",Ragging & Harassment,High,11,17,2,0,102
I know a case where a junior refused ragging and the seniors beat him so badly that he died from the injuries.,Ragging & Harassment,High,11,22,2,0,110
"We were told to strip to our underwear at night in front of seniors, and nobody dared to refuse.",Ragging & Harassment,High,11,19,2,0,96
Every week some juniors were selected randomly and forced to remove clothes and dance in front of seniors.,Ragging & Harassment,High,11,18,2,0,106
Once I was punished and forced to stay without clothes outside the hostel for the whole night. I felt completely helpless.,Ragging & Harassment,High,11,21,2,0,122
"Even when a warden saw what happened, the seniors managed the situation and no action was taken.",Ragging & Harassment,High,11,17,2,0,96
"Seniors kept saying that if we complained, things would become worse for us.",Ragging & Harassment,High,11,13,2,0,76
"One senior took my clothes and left me in underwear, and told me I would get them back only if I obeyed.",Ragging & Harassment,High,11,22,2,0,104
During ragging I was beaten and also threatened that nobody in the college would help me even if I complained.,Ragging & Harassment,High,11,20,2,0,110
"Because of all this ragging, I became mentally disturbed and felt like my life was not worth anything.",Ragging & Harassment,High,11,18,2,0,102
"Ragging started as soon as I entered the hostel, and seniors kept humiliating us just for their fun.",Ragging & Harassment,Medium,11,18,1,0,100
They treated us like we had no respect and expected us to obey everything they said.,Ragging & Harassment,Medium,11,16,1,0,84
"We were forced to follow rules made by seniors, and we were scared of what would happen if we refused.",Ragging & Harassment,Medium,11,20,1,0,102
Seniors called us at night and made us stand in line for ragging sessions.,Ragging & Harassment,Medium,11,14,1,0,74
They told us clearly that juniors have to obey seniors without questioning.,Ragging & Harassment,Medium,11,12,1,0,75
We were forced to do dares and tasks even when we were not comfortable doing them.,Ragging & Harassment,Medium,11,16,1,0,82
"Whenever we tried to say no, seniors would shout at us and threaten us.",Ragging & Harassment,Medium,11,14,1,0,71
"Some seniors used very abusive language during ragging, which made the situation worse.",Ragging & Harassment,Medium,11,13,1,0,87
We had ragging sessions every week and we could not avoid them even if we wanted to.,Ragging & Harassment,Medium,11,17,1,0,84
We had to greet every senior properly or they would get angry and punish us.,Ragging & Harassment,Medium,11,15,1,0,76
Seniors used to send juniors to do personal work for them and called it tradition.,Ragging & Harassment,Medium,11,15,1,0,82
"Because ragging was happening again and again, I felt mentally stressed all the time.",Ragging & Harassment,Medium,11,14,1,0,85
Some seniors forced juniors to do things like drinking or other uncomfortable tasks.,Ragging & Harassment,Medium,11,13,1,0,84
We were always scared to complain because seniors said they would target us later.,Ragging & Harassment,Medium,11,14,1,0,82
"Sometimes seniors made fun of juniors in front of everyone, which felt very insulting.",Ragging & Harassment,Medium,11,14,1,0,86
"They kept warning us not to act smart, otherwise we would face more ragging.",Ragging & Harassment,Medium,11,14,1,0,76
"In the first few weeks of hostel, we were always afraid that seniors might call us anytime.",Ragging & Harassment,Medium,11,17,1,0,91
Even small mistakes during ragging led to punishment.,Ragging & Harassment,Medium,11,8,1,0,53
We were forced to perform things in front of others while seniors laughed at us.,Ragging & Harassment,Medium,11,15,1,0,80
It felt like juniors had no freedom in hostel and seniors controlled everything.,Ragging & Harassment,Medium,11,13,1,0,80
"I was trying to take my midterm in the library, and a group of people were talking loudly nearby. It was extremely distracting and made it hard to focus during an important exam.",Library,High,8,33,2,0,178
"During finals week, I sat down in the library to study after struggling to find a place, and within minutes a group came in and started talking loudly like it was a hangout spot. It completely ruined the study environment when I really needed silence.",Library,High,8,45,2,0,251
"People are using the quiet floors like a social area, having full group conversations and laughing loudly while others are trying to study. It feels unfair to students who actually come there for serious academic work.",Library,High,8,36,2,0,218
"The library staff only tell people to “be quiet,” but they don’t properly enforce the rules or remove disruptive people. Because of that, the same problem keeps happening again and again.",Library,High,8,31,2,0,187
"It has gotten so bad that some students feel the library is no longer usable as a quiet study space, especially during exams and midterms when silence matters the most.",Library,High,8,30,2,0,168
Some people are taking up study spaces and carrels with groups of friends even though those areas are supposed to be silent. That makes it difficult for others to use the space properly.,Library,High,8,33,2,0,186
The noise in the library has become so out of control that students are asking for people to be removed or even banned after repeated disruption. That shows how badly the situation is affecting the study environment.,Library,High,8,37,2,0,216
"People keep having full-volume conversations in designated quiet zones, and it is really frustrating because those spaces are clearly meant for studying.",Library,Medium,8,22,1,0,153
I don’t understand why people treat the library like a living room or social hangout when others are there trying to concentrate on their work.,Library,Medium,8,25,1,0,143
"There are groups sitting around entire tables without doing any actual work, just talking and socializing, which makes the library feel more like a café than a study space.",Library,Medium,8,29,1,0,172
"Even in quiet areas, people talk loudly, laugh for long periods, and disturb everyone around them. The silence rules are there, but nobody seems to take them seriously.",Library,Medium,8,28,1,0,168
"Some students take phone calls in quiet floors and speak at full volume, which completely breaks the purpose of having silent study zones.",Library,Medium,8,23,1,0,138
"There are people playing games in the library with loud mouse clicks, notifications, and sometimes no headphones, which creates unnecessary distraction for everyone nearby.",Library,Medium,8,24,1,0,172
"It is really annoying when people start eating noisy snacks like chips in the quiet zone. Even if it seems small, in a silent place that kind of noise becomes very disruptive.",Library,Medium,8,32,1,0,175
"Students are bringing groups into narrow walkways just to chat, take pictures, and hang around, which disturbs both the quiet and the movement of others.",Library,Medium,8,25,1,0,153
"The library is supposed to be one of the few places where students can study peacefully, but people who ignore the rules make it hard for everyone else.",Library,Medium,8,28,1,0,152
"A lot of students feel uncomfortable confronting noisy groups themselves, so the lack of proper staff enforcement makes the problem worse.",Library,Medium,8,21,1,0,138
It’s frustrating that people who are being loud in the library often keep doing it because they know there are no real consequences.,Library,Medium,8,23,1,0,132
"There are students who talk loudly in study rooms, computer labs, and even booked spaces, which makes it hard to find any reliable quiet place on campus.",Library,Medium,8,27,1,0,153
"Some people invite extra friends into carrels or private study spaces and turn them into group hangout spots, even though those areas are supposed to stay quiet.",Library,Medium,8,27,1,0,161
"The quiet floors are sometimes louder than regular floors, which completely defeats the point of labeling them as silent zones.",Library,Medium,8,20,1,0,127
"Because of the constant noise and lack of enforcement, some students have started avoiding the library altogether and look for random places on campus to study instead.",Library,Medium,8,27,1,0,168
"The library should not be used for social gatherings, but a lot of people still come there just to talk instead of study.",Library,Low,8,23,0,0,121
It bothers me that I even have to think about telling other people to be quiet in a library. That should not be something students are forced to do themselves.,Library,Low,8,30,0,0,159
"I’m fine with a little whispering here and there, but people are taking it too far and acting like normal conversation is acceptable in quiet areas.",Library,Low,8,26,0,0,148
"Even when a space is marked as a quiet area, the rules are often not followed properly, which makes the label feel meaningless.",Library,Low,8,23,0,0,127
"Some libraries are restricted or understaffed, and that seems to make the noise issue worse because no one is actively monitoring the space.",Library,Low,8,23,0,0,140
"I’ve never really seen anyone get asked to leave the library for being disruptive, even when they clearly should have been.",Library,Low,8,21,0,0,123
It’s frustrating when people walk up and interrupt someone who is clearly working just to ask unnecessary questions.,Library,Low,8,18,0,0,116
Sometimes the problem is not one big disruption but lots of small inconsiderate behaviors that slowly make the library less usable.,Library,Low,8,21,0,0,131
A lot of the noise comes from people who seem completely unaware of basic library etiquette and how their behavior affects others.,Library,Low,8,22,0,0,130
Students should not have to rely on noise-canceling headphones just to make a quiet zone feel quiet.,Library,Low,8,17,0,0,100
It feels like people take advantage of the fact that most others in the library don’t want confrontation.,Library,Low,8,18,0,0,105
"The study environment in the library has gotten noticeably worse compared to before, and many students feel the change.",Library,Low,8,19,0,0,119
"I was working alone in a very small hospital library, and the medical students kept coming in and talking so loudly that it disturbed everyone around them. It got to the point where I felt like I was constantly policing the room instead of doing my actual job.",Library,High,8,48,2,0,260
The same group of students kept ignoring the no-talking rule even after repeated warnings and formal complaints to their college. It was so constant that I felt more like a schoolteacher or bouncer than a library professional.,Library,High,8,37,2,0,226
"The students were not just talking once or twice, they kept doing it over and over, and some of them would roll their eyes, laugh, or act disrespectfully when told to stop. That made the whole situation even harder to manage.",Library,High,8,41,2,0,225
"I was expected to manage the entire library space alone most of the time, including watching the door, stopping food and drinks from coming in, keeping the noise down, and handling desk work all at once. It became exhausting and overwhelming.",Library,High,8,41,2,0,242
"The library was the only proper study space in the hospital, but students kept treating it like a place to gossip and hang out. That completely ruined the purpose of the space for people who actually needed silence to work or study.",Library,High,8,42,2,0,232
"Students kept bringing food, snacks, and disposable coffee cups into the library even though the rules were clearly displayed and explained during induction. Then they would leave crumbs or wrappers behind, which created extra cleaning work in a place with very limited cleaning support.",Library,High,8,44,2,0,287
"One person described the same kind of problem in a hospital library where medical students were so loud and disrespectful that resident doctors complained, and it got so stressful that the staff member would cry in the bathroom.",Library,High,8,38,2,0,228
"When students keep breaking the rules and there are no real consequences, the library basically stops functioning as a quiet study space. That leaves staff stuck dealing with the same behaviour every day without support.",Library,High,8,35,2,0,220
"During finals week, people were talking loudly in designated quiet areas of the library, and it completely ruined the environment for students who genuinely needed silence to focus.",Library,High,8,28,2,0,181
I was taking a midterm in the library and a group nearby was talking loudly the whole time. It was incredibly distracting and made it much harder to concentrate during an exam.,Library,High,8,32,2,0,176
"Some students were so loud in the library that even during finals and midterms it felt impossible to get any real work done. At that point, the library stops being useful for the students who need it most.",Library,High,8,38,2,0,205
"People were using silent floors, quiet areas, and even carrels like hangout spaces, bringing in groups, laughing, gossiping, and taking over study areas that were supposed to stay quiet.",Library,High,8,29,2,0,186
"It got so bad that some students felt the library needed stricter enforcement, including kicking people out or banning repeat offenders, because normal reminders were clearly not enough.",Library,High,8,28,2,0,186
"I got really frustrated because the library staff would just say “be quiet” but never actually enforce the rule, so the same disruptive behaviour kept happening.",Library,Medium,8,26,1,0,161
"The quiet area was supposed to be for essential whispers only, but honestly that rule was never really followed, especially when the space was unstaffed or only loosely monitored.",Library,Medium,8,29,1,0,179
"I’ve never actually seen anyone get asked to leave the library for being disruptive, even when they clearly should have been.",Library,Medium,8,21,1,0,125
"People keep having full conversations in quiet zones like they’re in a café or living room, and it’s really inconsiderate to everyone trying to study.",Library,Medium,8,25,1,0,150
"There were students talking at full volume, taking phone calls, laughing in groups, and even standing in walkways chatting and taking pictures in spaces that were clearly meant to be quiet.",Library,Medium,8,31,1,0,189
A group sat in the library and laughed for hours while other people were trying to study. It honestly felt like nobody cared that others were there to work.,Library,Medium,8,29,1,0,156
"I had finally found a place to study during finals week, and not even ten minutes later a loud group came in and started yelling and talking right next to me. It completely ruined my concentration.",Library,Medium,8,36,1,0,197
"Some people use the library like a social gathering spot instead of a study space, and that’s what makes it so annoying for those of us who actually come there to get work done.",Library,Medium,8,34,1,0,177
"There were people taking up whole tables without even doing any work, just talking and hanging out, which made the library feel more like a pub than a library.",Library,Medium,8,29,1,0,159
"People were even being loud in booked study spaces and carrels, inviting in their friends and turning quiet spots into group hangouts.",Library,Medium,8,22,1,0,134
"There were students making noise in the computer lab too, so even that space stopped feeling useful for focused work.",Library,Medium,8,20,1,0,117
"Some people were playing games in the library with clicky mice, notifications, and no regard for the people around them. That kind of behaviour is really distracting in a study space.",Library,Medium,8,31,1,0,183
"One person said even the group study rooms weren’t really soundproof, so if someone talked even a little loudly, everyone outside could hear it.",Library,Medium,8,24,1,0,144
"A lot of students feel awkward confronting noisy people themselves, so when staff don’t step in properly, the problem just keeps getting worse.",Library,Medium,8,23,1,0,143
"It feels like people get away with being noisy because they know there won’t be real consequences, and that just encourages more of the same behaviour.",Library,Medium,8,26,1,0,151
"In the hospital library case, it was especially frustrating because the students had plenty of other places to eat or socialize, but still kept choosing the one study space to be loud and messy in.",Library,Medium,8,35,1,0,197
"It was tiring having to remind grown adults again and again not to talk loudly, not to bring in food, and not to leave rubbish behind. That kind of repeated disrespect wears you down.",Library,Medium,8,34,1,0,183
I really don’t like how libraries are being used for social gatherings when they should be places for study and quiet work.,Library,Low,8,22,0,0,123
"I hate being the person who has to tell others to shush in the library. It’s awkward, and honestly people should already know better.",Library,Low,8,24,0,0,133
"I’m okay with a little whispering here and there, but full-blown chatting in a library is too much.",Library,Low,8,18,0,0,99
It’s frustrating when someone comes into the library and interrupts you while you’re clearly working just to ask what you’re doing.,Library,Low,8,21,0,0,131
Noisy snacks like chips are really annoying in quiet zones because even a small sound feels amplified when the whole floor is supposed to be silent.,Library,Low,8,26,0,0,148
It bothers me that students have to rely on noise-cancelling headphones just to get some peace in places that are already labeled quiet zones.,Library,Low,8,24,0,0,142
Some of the issue is that people just seem completely unaware of basic library etiquette and how their noise affects others.,Library,Low,8,21,0,0,124
"The quiet floors are sometimes not even quieter than the regular floors, which makes the whole idea of a silent zone feel pointless.",Library,Low,8,23,0,0,132
"I get really thrown off when I can’t sit in my usual library spot, and it affects my focus way more than it should. It feels silly, but it genuinely messes with my productivity.",Library,Low,8,34,0,0,177
"When someone else was sitting in my regular place, I got irritated and uncomfortable enough that I couldn’t settle anywhere else and ended up leaving early.",Library,Low,8,26,0,0,156
"It’s frustrating when such a small thing, like not getting your usual seat, ends up ruining your mood and your whole study session.",Library,Low,8,23,0,0,131
"I am often alone in the library managing everything, and the medical students keep talking loudly even after repeated warnings. It becomes impossible to maintain a proper study environment when the same people keep ignoring the rules.",Library,High,8,37,2,0,234
"We have already made formal complaints to their college multiple times, but the students still refuse to follow the no-talking rule. The library is very small, so even normal talking disturbs everyone, but they continue doing it.",Library,High,8,37,2,0,229
"Some students talk so loudly that it sounds like shouting when they enter the library, and even after being told to stop, they start again after a few minutes.",Library,High,8,29,2,0,159
"There are repeat offenders who clearly know the rules but still ignore them, and sometimes they even laugh or roll their eyes when asked to keep quiet.",Library,High,8,27,2,0,151
"I feel like I’m not doing my actual job anymore because most of my time goes into controlling noise, stopping food, and cleaning up after students instead of helping users.",Library,High,8,30,2,0,172
"Students keep bringing food and disposable coffee cups even though the rules are clearly written on the door, and then they leave wrappers and crumbs behind on the desks.",Library,High,8,29,2,0,170
"Because we have very limited cleaning support, the mess students leave in the library becomes a serious problem for staff to handle.",Library,High,8,22,2,0,132
"My boss expects me to manage the entire library space alone, including watching the entrance, enforcing rules, and doing desk work, which makes the situation very stressful when students don’t cooperate.",Library,High,8,31,2,0,203
"The library is the only proper study space in the hospital, but students still treat it like a social area, talking loudly and disturbing others who actually need silence.",Library,High,8,29,2,0,171
"Even after tutors spoke to the students about their behavior, the problem starts again after some time, which makes it feel like nothing is improving.",Library,High,8,25,2,0,150
One staff member said the noise and disrespect from students became so frustrating that they would go to the bathroom just to calm down.,Library,High,8,24,2,0,136
"When rules are not enforced properly, students keep breaking them, and the library stops functioning as a quiet place for study.",Library,High,8,21,2,0,128
"Some students act like the rules don’t apply to them, especially when they come in groups and start chatting near the desks.",Library,Medium,8,22,1,0,124
Students often claim they didn’t see the signs about no food or no talking even though the rules are clearly written.,Library,Medium,8,21,1,0,117
"Sometimes students bring snacks in their bags, eat at the desk, and leave the wrappers behind without thinking about the mess.",Library,Medium,8,21,1,0,126
"When I tell students to stop talking, they may stop for a moment, but then they start again once I go back to my desk.",Library,Medium,8,25,1,0,118
"It feels like the students don’t respect me when I ask them to follow the rules, but when my boss says the same thing, they listen.",Library,Medium,8,26,1,0,131
"Students sometimes come just to drop their bags or meet their friends, and they start talking loudly near the entrance.",Library,Medium,8,20,1,0,119
"I don’t like feeling like a security guard or schoolteacher in the library, but that’s what the job feels like most days.",Library,Medium,8,22,1,0,121
"Even though the rules are explained during induction, some students still act like they never heard them before.",Library,Medium,8,18,1,0,112
It’s frustrating when adults who are training to be doctors cannot follow simple library rules.,Library,Medium,8,15,1,0,95
Some students think the library is a place to sit and gossip instead of a place meant for study and research.,Library,Medium,8,21,1,0,109
The noise problem becomes worse when exams are near because students come in groups and talk more.,Library,Medium,8,17,1,0,98
Students sometimes bring drinks and leave cups in the bins even though the bins are not meant for food waste.,Library,Medium,8,20,1,0,109
I get tired of repeating the same instructions every day to different students.,Library,Medium,8,13,1,0,79
"It feels like the rules only work when there are consequences, otherwise people just ignore them.",Library,Medium,8,16,1,0,97
Sometimes I feel the students don’t take the library seriously because it is a small space.,Library,Medium,8,16,1,0,91
People often ignore signs completely and walk inside with food or drinks without even noticing.,Library,Medium,8,15,1,0,95
don’t like having to remind people about basic library rules again and again.,Library,Low,8,13,0,0,77
It feels strange that adults need to be told to stay quiet in a library.,Library,Low,8,15,0,0,72
"I’m okay with small whispers, but full conversations in a small library make it hard for others to concentrate.",Library,Low,8,19,0,0,111
Sometimes I feel more like a babysitter than a library assistant.,Library,Low,8,11,0,0,65
I get annoyed when students act like the library is a social space instead of a study area.,Library,Low,8,18,0,0,91
It bothers me when people leave small messes like crumbs on the desk even if it’s not a big issue.,Library,Low,8,20,0,0,98
I wish students would just follow the rules so I could focus on my actual work.,Library,Low,8,16,0,0,79
Sometimes I wonder why it’s so hard for people to understand that a library is meant to be quiet.,Library,Low,8,19,0,0,97
I don’t like having to check the door constantly to see if someone is bringing food inside.,Library,Low,8,17,0,0,91
It becomes tiring when the same problems keep happening with every new group of students.,Library,Low,8,15,0,0,89
"The bus service stops too early, and that makes it really hard for people who work late shifts, have appointments after work, or need to do things like grocery shopping on the way home.",Transportation,High,13,34,2,0,185
A lot of routes are so poorly planned that the bus is almost useless for a big chunk of the people who actually need it. Some riders still have to walk miles just to reach a stop or get from the stop to where they need to go.,Transportation,High,13,48,2,0,225
"There is no proper connection between buses, trains, and metros, and many places are not covered properly at all. You end up having to walk long distances or pay extra for autos just to complete one trip.",Transportation,High,13,37,2,0,204
Buses are so overcrowded that sometimes you don’t get a seat and can barely even stand properly. There are times people have to travel for hours standing in packed buses.,Transportation,High,13,30,2,0,170
"Some buses do not stop properly at the roadside, and passengers are expected to get down in unsafe conditions, sometimes directly into traffic. That feels dangerous.",Transportation,High,13,26,2,0,165
"Traffic makes bus travel extremely slow and unpredictable. A journey that should be manageable ends up taking hours, which adds a lot of stress to daily commuting.",Transportation,High,13,27,2,0,163
"Public transport timings are so limited in some places that you simply cannot rely on it for work, school, shopping, or basic daily life unless your whole schedule matches the bus timetable.",Transportation,High,13,32,2,0,190
"The system is not designed around where people actually live and work, so many residents are left with a service that does not meet their real needs.",Transportation,High,13,27,2,0,149
"There are no proper walkways after getting off the bus, so even once you arrive, safely reaching your destination is still a problem.",Transportation,High,13,23,2,0,133
"Bus stops are often too far from people’s homes or destinations, so a simple commute turns into a long walk before and after the actual ride.",Transportation,Medium,13,26,1,0,141
"Buses do not follow a reliable schedule, so you often end up waiting a long time and have to leave much earlier than necessary just to be safe.",Transportation,Medium,13,28,1,0,143
"Even when buses are available, there are too many stops on the route, which makes the whole journey feel unnecessarily long and tiring.",Transportation,Medium,13,23,1,0,135
"There is no priority given to buses on the road, so they get stuck behind other traffic like every other vehicle. That makes public transport much less efficient than it could be.",Transportation,Medium,13,32,1,0,179
"Reserved seating for women, elderly people, and physically challenged passengers is not respected properly unless someone argues for it, which creates unnecessary conflict.",Transportation,Medium,13,23,1,0,172
"There is a lot of nuisance inside buses from other passengers, like loud talking or blasting music, and that makes the ride stressful.",Transportation,Medium,13,23,1,0,134
"In many places, the bus system seems to be designed for tourists or outdated travel patterns instead of the people who actually use it daily for work and life.",Transportation,Medium,13,29,1,0,159
"The attitude toward bus transport in some areas makes things worse, because it is looked down on as something only poor people use, so there is less pressure to improve it.",Transportation,Medium,13,31,1,0,172
"Public transport in smaller towns often feels like it exists just enough to say it exists, but not enough to actually be convenient for daily use.",Transportation,Medium,13,26,1,0,146
You can’t really make spontaneous plans when the bus service is so infrequent. Even a small delay or extra errand can throw off your whole day.,Transportation,Medium,13,26,1,0,143
"The relationship between public transport staff and passengers can get very unpleasant, and arguments or rude behavior are not uncommon.",Transportation,Medium,13,20,1,0,136
"The payment system is outdated, and if you do not have exact change ready, it becomes a problem.",Transportation,Low,13,18,0,0,96
"Sometimes you are promised your change later when you get off, and then either you forget to ask for it or the conductor does not have it anyway.",Transportation,Low,13,28,0,0,145
"Buses are often not maintained well, and the seats are uncomfortable, which makes daily travel more tiring than it should be.",Transportation,Low,13,21,0,0,125
"Most buses are crowded and not climate controlled, so the ride can feel very uncomfortable.",Transportation,Low,13,15,0,0,91
"The hygiene on public transport is often poor, especially because so many different people use it and cleanliness is not maintained properly.",Transportation,Low,13,22,0,0,141
"Drivers sometimes honk excessively for no clear reason, and being exposed to that noise all the time becomes really irritating.",Transportation,Low,13,20,0,0,127
"Even where the service is decent overall, there are still many small daily issues that make regular commuting frustrating.",Transportation,Low,13,19,0,0,122
"I've had to commute from the suburbs to the university every day, and the public transportation system is just not reliable enough. I've been late to class several times because of delays and cancellations.",Transportation,Medium,13,34,1,0,206
"I rely on public transportation to get to campus, but the buses are often late or don't show up at all. It's frustrating and makes it hard to plan my day.",Transportation,Medium,13,31,1,0,154
"The transportation system in my city is not reliable at all, I've had to miss multiple classes due to late buses and trains.",Transportation,Low,13,23,0,0,124
"The nearest grocery store is a 30-minute bus ride away, making it difficult to buy fresh groceries.",Transportation,Medium,13,17,1,0,99
"I have to walk 20 minutes to the bus stop every day, which is not ideal during the winter months.",Transportation,Low,13,20,0,0,97
"The nearest bus stop is a 15-minute walk away from my apartment, which is not ideal during the winter months.",Transportation,Low,13,20,0,0,109
"I wish there were more bike lanes near the university, it would make it easier to commute by bike.",Transportation,Low,13,19,0,0,98
"The public transportation options in this area are terrible. Buses are always late or overcrowded, and there are never enough taxis or ride-sharing services available. It's making it really difficult for me to get to class on time and stay on top of my schedule.",Transportation,Medium,13,45,1,0,262
"I don't have a car, and the only transportation option near my apartment is the bus. But the bus route doesn't go directly to campus, so I have to transfer multiple times just to get to class. It's a huge waste of time and energy.",Transportation,Low,13,45,0,0,230
"I have to rely on public transportation to get around, but the bus schedule is so sporadic that I'm constantly running late for classes and appointments. It's really frustrating and stressful.",Transportation,Medium,13,31,1,0,192
"I've been looking for ways to explore the area around campus and get to know the city better, but it's hard to find affordable and convenient transportation options. I wish there were more affordable shuttle services or student discounts for public transit.",Transportation,Medium,13,42,1,0,257
I wish there were more opportunities to travel and explore the world while still earning college credit. It would be a great way to combine my academic and personal interests.,Transportation,Low,13,30,0,0,175
The public transportation in my city is not accessible for students with disabilities.,Transportation,Medium,13,13,1,0,86
"Bus services in the region are decreasing over the years, and fewer routes are being operated, which makes it harder for people to depend on public transport.",Transportation,High,13,27,2,0,158
"There are too many different private bus operators running services, and because of that the system feels unorganized and confusing for passengers.",Transportation,High,13,22,2,0,147
"Public transport is becoming more expensive to operate, and even with government support, the number of services keeps going down.",Transportation,High,13,20,2,0,130
"There are fewer bus miles being operated now than before, so many areas are getting less coverage than they used to.",Transportation,High,13,21,2,0,116
"Because of poor planning and policy decisions in the past, the bus system today does not work properly for the people who need it.",Transportation,High,13,24,2,0,130
"Sometimes buses are not reliable during the day, and people feel safer traveling at night because better buses are used then.",Transportation,High,13,21,2,0,125
"I had an incident where the bus conductor refused to open the door, and when I tried to get his attention, the driver came out and physically attacked me in the middle of the road.",Transportation,High,13,35,2,0,180
"The driver kept hitting me with the ticket machine and slapped me multiple times, and nobody stopped him even though it happened in public.",Transportation,High,13,24,2,0,139
"Even after filing a complaint with evidence, no action was taken, which makes it feel like passengers have no protection.",Transportation,High,13,20,2,0,121
"In another case, the bus driver verbally abused me even after I had already filed a complaint about him earlier.",Transportation,High,13,20,2,0,112
"Public transport can become extremely overcrowded, with so many people standing that you cannot even breathe properly.",Transportation,High,13,17,2,0,118
"Sometimes buses are so full that passengers hang on the steps or windows, which feels very unsafe.",Transportation,High,13,17,2,0,98
"The bus can tilt to one side because too many people are hanging outside, and just looking at it feels dangerous.",Transportation,High,13,21,2,0,113
"Some drivers behave in a rude or disrespectful way, especially toward people with disabilities, and that makes travel very stressful.",Transportation,High,13,20,2,0,133
"Passengers can also behave badly, refusing to move, speaking rudely, or creating arguments inside the bus.",Transportation,High,13,16,2,0,106
"There are cases where people say offensive or hateful things to other passengers, making the ride uncomfortable.",Transportation,High,13,17,2,0,112
Public transport planning is so poor in some cities that most people cannot rely on it and are forced to use cars instead.,Transportation,High,13,23,2,0,122
"In some places, there is no proper rail system, and buses alone are not enough to support the growing population.",Transportation,High,13,20,2,0,113
"Because of weak public transport systems, daily life becomes harder for older people who cannot use bikes or other alternatives.",Transportation,High,13,20,2,0,128
Bus usage is declining because people feel the service is not good enough to depend on.,Transportation,Medium,13,16,1,0,87
"There are too many different fare rules and ticket systems depending on the operator, which makes it confusing for passengers.",Transportation,Medium,13,20,1,0,126
"Even though fare caps exist, the system still feels complicated and difficult to understand.",Transportation,Medium,13,14,1,0,92
Public transport decisions are often made without properly listening to passengers.,Transportation,Medium,13,11,1,0,83
"Consultations are done, but many people feel nothing really changes afterward.",Transportation,Medium,13,11,1,0,78
Daytime bus services are sometimes worse than night services because older buses are used.,Transportation,Medium,13,14,1,0,90
Some drivers and conductors do not pay attention to passengers trying to get on or off.,Transportation,Medium,13,16,1,0,87
Passengers sometimes have to knock on the bus or shout just to get the driver’s attention.,Transportation,Medium,13,16,1,0,90
Complaints to transport authorities often feel like a waste of time because nothing changes.,Transportation,Medium,13,14,1,0,92
Some transport systems keep spending money but still do not solve the real problems.,Transportation,Medium,13,14,1,0,84
"Buses are not always the best solution for long-term transport needs, especially in growing cities.",Transportation,Medium,13,15,1,0,99
"There is not enough investment in better systems like rail, which could move more people efficiently.",Transportation,Medium,13,16,1,0,101
Public transport becomes unreliable when the business model stops working properly.,Transportation,Medium,13,11,1,0,83
"In many places, public transport is not designed for long-term population growth.",Transportation,Medium,13,12,1,0,81
Passengers sometimes feel ignored when they report problems.,Transportation,Medium,13,8,1,0,60
Drivers sometimes respond aggressively when passengers question them.,Transportation,Medium,13,8,1,0,69
Rude behavior from other passengers makes the ride uncomfortable.,Transportation,Medium,13,9,1,0,65
"Some passengers refuse to show basic manners, which leads to arguments.",Transportation,Medium,13,11,1,0,71
People with hidden disabilities often feel misunderstood or disrespected when using public transport.,Transportation,Medium,13,13,1,0,101
Sometimes you need to take another bus because the driver behaves badly.,Transportation,Medium,13,12,1,0,72
"Even after reporting problems, you may still see the same driver again.",Transportation,Medium,13,12,1,0,71
Passengers feel they have no power to change anything.,Transportation,Medium,13,9,1,0,54
"Public transport policies change too often, and it is hard to understand what is happening.",Transportation,Low,13,15,0,0,91
Different cities have very different quality of bus service.,Transportation,Low,13,9,0,0,60
Some towns depend too much on buses and do not have enough transport options.,Transportation,Low,13,14,0,0,77
Fare systems are sometimes confusing even when they are supposed to help people.,Transportation,Low,13,13,0,0,80
Government decisions about transport take a long time to show results.,Transportation,Low,13,11,0,0,70
Some people feel buses are less comfortable than trains or rail systems.,Transportation,Low,13,12,0,0,72
Alternative transport like bikes or scooters is not suitable for everyone.,Transportation,Low,13,11,0,0,74
Older people find it harder to depend on non-bus transport.,Transportation,Low,13,10,0,0,59
Passengers sometimes feel frustrated because small problems keep happening.,Transportation,Low,13,9,0,0,75
People wish public transport planning considered real daily life more.,Transportation,Low,13,10,0,0,70
"Some drivers are polite, but others are not, and that inconsistency is annoying.",Transportation,Low,13,13,0,0,80
Passengers sometimes feel ignored when asking for help.,Transportation,Low,13,8,0,0,55
"It feels like the bus system works only partly, not completely.",Transportation,Low,13,11,0,0,63
"Even when the service works, it does not feel convenient enough and difficult",Transportation,Low,13,13,0,0,77
People expect better service because they depend on it every day.,Transportation,Low,13,11,0,0,65
"Bus services are getting reduced over the years, and because of that many people no longer have a reliable way to travel to work or school.",Transportation,High,13,26,2,0,139
Public transport policies made in the past have damaged the system so much that even today people are struggling with poor service.,Transportation,High,13,22,2,0,131
"Because there are too many private bus operators, the routes and timings are not properly coordinated, which makes traveling confusing and inefficient.",Transportation,High,13,22,2,0,151
"Even with financial support from the government, bus services are still declining, which makes people feel that the system is failing.",Transportation,High,13,21,2,0,134
"In some areas, public transport is so weak that people are forced to depend on cars even when they cannot afford them.",Transportation,High,13,22,2,0,118
"The transport system in some cities is not built for long-term population growth, so more people are using fewer buses.",Transportation,High,13,20,2,0,119
Sometimes passengers get physically hurt because drivers or conductors lose their temper and behave violently.,Transportation,High,13,15,2,0,110
"After serious complaints about staff behavior, no action is taken, which makes passengers feel unsafe using the service.",Transportation,High,13,18,2,0,120
"Drivers sometimes insult or shout at passengers instead of helping them, which makes people afraid to speak up.",Transportation,High,13,18,2,0,111
"Passengers with disabilities are sometimes treated rudely, and drivers do not show patience when they need extra time.",Transportation,High,13,18,2,0,118
Overcrowded buses become dangerous when too many people are forced to stand or hang near the door.,Transportation,High,13,17,2,0,98
"In some cases buses are so overloaded that passengers cannot move at all, and this feels unsafe during travel.",Transportation,High,13,19,2,0,110
"Poor public transport planning makes it difficult for older people who cannot use bikes, scooters, or long walking routes.",Transportation,High,13,19,2,0,122
"In some cities there is no proper rail system, so buses alone are expected to carry everyone, which does not work properly.",Transportation,High,13,22,2,0,123
"Because transport options are limited, people cannot travel freely and must plan their entire life around bus availability.",Transportation,High,13,18,2,0,123
"When complaints are ignored again and again, passengers lose trust in the transport system.",Transportation,High,13,14,2,0,91
"Some drivers continue to behave badly even after being reported, which makes passengers feel the complaint system is useless.",Transportation,High,13,19,2,0,125
"Different bus companies have different ticket rules, and it becomes confusing to understand which fare applies.",Transportation,Low,13,16,0,0,111
"Some transport systems have price caps, but passengers still feel the system is complicated to use.",Transportation,Low,13,16,0,0,99
"Public transport authorities ask for feedback, but passengers feel their suggestions are not really used.",Transportation,Low,13,15,0,0,105
"Some buses are older during the day and better ones are used at night, which feels unfair to regular travelers.",Transportation,Low,13,20,0,0,111
Passengers sometimes need to call or complain multiple times just to report a simple problem.,Transportation,Low,13,15,0,0,93
Some drivers do not pay attention when passengers are waiting at the stop.,Transportation,Low,13,13,0,0,74
Passengers feel frustrated when buses do not arrive exactly on time.,Transportation,Low,13,11,0,0,68
Public transport systems sometimes change routes or timings without proper notice.,Transportation,Low,13,11,0,0,82
People feel that transport planning is done without thinking about daily commuters.,Transportation,Low,13,12,0,0,83
"Some bus stations are maintained well, but the service itself is still not convenient.",Transportation,Low,13,14,0,0,86
"Passengers feel the system works only if everything goes perfectly, but small delays create big problems.",Transportation,Low,13,16,0,0,105
Travel becomes stressful when you cannot trust the bus to come when expected.,Transportation,Low,13,13,0,0,77
Some people feel that buses are not comfortable enough for long daily travel.,Transportation,Low,13,13,0,0,77
Passengers sometimes feel ignored when they try to talk politely with staff.,Transportation,Low,13,12,0,0,76
"Even when the service exists, it does not always match what people actually need.",Transportation,Low,13,14,0,0,81
Some routes exist only on paper but are not practical for real use.,Transportation,Low,13,13,0,0,67
Passengers feel tired of repeating the same complaints every year without improvement.,Transportation,Low,13,12,0,0,86
Public transport can feel inconvenient compared to other travel options.,Transportation,Low,13,10,0,0,72
"People want the system to improve, but changes happen very slowly.",Transportation,Low,13,11,0,0,66
Some passengers feel that authorities care more about rules than actual passenger comfort.,Transportation,Low,13,13,0,0,90
Honestly the buses have become so unreliable lately that I can’t depend on them anymore to get to work on time.,Transportation,High,13,21,2,0,111
"Ever since they changed the roads and started all these construction projects in the city centre, the buses are always late.",Transportation,High,13,21,2,0,124
"Traffic jams because of road work make the bus take forever during peak hours, and nobody seems to care.",Transportation,High,13,19,2,0,104
"The tracking app keeps saying the bus is coming in 2 minutes, but the bus never actually shows up.",Transportation,High,13,19,2,0,98
"Sometimes the app says the bus already left, even though I’ve been standing at the stop the whole time.",Transportation,High,13,19,2,0,103
There are days when the bus just disappears from the tracking app completely and you have no idea if it’s coming or not.,Transportation,High,13,23,2,0,120
I’ve waited in the rain for 30 minutes because the bus never arrived even though it was scheduled.,Transportation,High,13,18,2,0,98
They cancel buses without any notice and you only find out after waiting there like an idiot.,Transportation,High,13,17,2,0,93
"Customer service never really helps, you complain and nothing changes.",Transportation,High,13,10,2,0,70
Sometimes the timetable says one thing but the bus comes at a totally different time.,Transportation,High,13,15,2,0,85
I hate when two buses show up together after you’ve been waiting forever for one.,Transportation,High,13,15,2,0,81
Drivers sometimes just pass the stop even when people are clearly waiting.,Transportation,High,13,12,2,0,74
There were empty seats but the driver still didn’t stop to pick us up.,Transportation,High,13,14,2,0,70
Sometimes you press the stop button and the driver just ignores it.,Transportation,High,13,12,2,0,67
"I’ve paid for the ticket and then the card reader didn’t work, and they told me to get off.",Transportation,High,13,19,2,0,91
The bus gets so crowded that you can’t even get inside.,Transportation,High,13,11,2,0,55
"Some drivers close the door while people are still getting on, which is honestly dangerous.",Transportation,High,13,15,2,0,91
I’ve seen drivers leave the stop early even when passengers were running toward the bus.,Transportation,High,13,15,2,0,88
They skip stops and then you have to walk extra distance or wait for the next bus.,Transportation,High,13,17,2,0,82
"Drivers argue with passengers while driving, which makes the whole ride feel unsafe.",Transportation,High,13,13,2,0,84
One time the driver refused to open the door even though people were asking him.,Transportation,High,13,15,2,0,80
Sometimes they don’t stop properly at the bus stop and you have to step into traffic to get on.,Transportation,High,13,19,2,0,95
I missed my train because the bus didn’t come when it was supposed to.,Transportation,High,13,14,2,0,70
"The whole system doesn’t connect properly, so one delay ruins the entire trip.",Transportation,High,13,13,2,0,78
I’ve had to spend money on Uber because the bus never showed up.,Transportation,High,13,13,2,0,64
"Complaining doesn’t help at all, they just give excuses every time.",Transportation,High,13,11,2,0,67
The live tracking is so wrong that you can’t trust it anymore.,Transportation,High,13,12,2,0,62
Drivers can be really rude when you ask why the bus is late.,Transportation,High,13,13,2,0,60
Sometimes the bus comes early and leaves before anyone even reaches the stop.,Transportation,High,13,13,2,0,77
The bus stopped in a puddle once and we had to step into dirty water to get in.,Transportation,High,13,18,2,0,79
During peak time the buses are so full you have to let two or three go before getting on.,Transportation,High,13,19,2,0,89
"Some buses look like they are falling apart, which makes you feel unsafe.",Transportation,High,13,13,2,0,73
I’ve seen buses break down in the middle of the route more than once.,Transportation,High,13,14,2,0,69
The condition of some buses is honestly worrying.,Transportation,High,13,8,2,0,49
"There aren’t many bus routes near my area, so going anywhere takes way longer than it should.",Transportation,Low,13,17,0,0,93
"If I need to carry something big, there’s no proper transport option at all.",Transportation,Low,13,14,0,0,76
Some places charge transport fees but the service you get is not even good.,Transportation,Low,13,14,0,0,75
"I use the campus bus sometimes, but it’s not always convenient.",Transportation,Low,13,11,0,0,63
"Transport costs are separate from tuition, which makes it feel expensive.",Transportation,Low,13,11,0,0,73
"You can travel by bus, but it’s not easy or comfortable.",Transportation,Low,13,11,0,0,56
"Some routes only come every 30 minutes, so if you miss one you’re stuck waiting.",Transportation,Low,13,15,0,0,80
"Transfers are badly timed, so you miss one bus and have to wait forever.",Transportation,Low,13,14,0,0,72
"Sometimes the stop doesn’t even have a shelter, so you just stand in the rain.",Transportation,Low,13,15,0,0,78
Drivers sometimes sit on their phone instead of leaving on time.,Transportation,Low,13,11,0,0,64
"There are routes that only run during peak hours, which makes no sense.",Transportation,Low,13,13,0,0,71
Some stops are too far from where people actually live.,Transportation,Low,13,10,0,0,55
I’ve had to walk to another route because the closest one is useless.,Transportation,Low,13,13,0,0,69
Tracking apps are confusing and don’t always show the right thing.,Transportation,Low,13,11,0,0,66
You have to check two different apps just to know where the bus is.,Transportation,Low,13,14,0,0,67
Compensation for delays is useless if you already bought a pass.,Transportation,Low,13,11,0,0,64
"If you complain on social media, nobody replies.",Transportation,Low,13,8,0,0,48
QR ticket systems are annoying when you just want a simple ticket.,Transportation,Low,13,12,0,0,66
Sometimes routes change and nobody tells you.,Transportation,Low,13,7,0,0,45
It feels like transport planning is done without thinking about passengers.,Transportation,Low,13,11,0,0,75
Some buses exist on the schedule but never actually show up.,Transportation,Low,13,11,0,0,60
"Even when the app says the bus is near, you still end up waiting.",Transportation,Low,13,14,0,0,65
The schedule doesn’t match real traffic at all.,Transportation,Low,13,8,0,0,47
Drivers sometimes stop for no reason and waste time.,Transportation,Low,13,9,0,0,52
Sometimes you wait for two buses because the first one is full.,Transportation,Low,13,12,0,0,63
Communication from transport services is really bad.,Transportation,Low,13,7,0,0,52
Some stops don’t even have proper seating.,Transportation,Low,13,7,0,0,42
It feels like they don’t really care about passengers.,Transportation,Low,13,9,0,0,54
"The system works, but only if everything goes perfectly.",Transportation,Low,13,9,0,0,56
You always have to leave early just in case the bus is late.,Transportation,Low,13,13,0,0,60
Some buses are old but still running.,Transportation,Low,13,7,0,0,37
You get used to delays because it happens so often.,Transportation,Low,13,10,0,0,51
"Some days the service is fine, some days it’s terrible.",Transportation,Low,13,10,0,0,55
Nothing improves even after so many complaints.,Transportation,Low,13,7,0,0,47
"Transport is not good, but we don’t have another option.",Transportation,Low,13,10,0,0,56
You pay a lot but the service doesn’t feel worth it.,Transportation,Low,13,11,0,0,52
"The bus service is still running, but the timings are so inconsistent that it’s hard to plan anything properly.",Transportation,Medium,13,19,1,0,111
"Sometimes the bus shows up late, sometimes early, and sometimes not at all, so you never know what to expect.",Transportation,Medium,13,20,1,0,109
"I feel like the transport system technically works, but it’s not designed for people who actually depend on it daily.",Transportation,Medium,13,20,1,0,117
"The bus route exists, but the frequency is so low that missing one means wasting a lot of time.",Transportation,Medium,13,19,1,0,95
It’s frustrating when the bus is supposed to come every 15 minutes but there is suddenly a 30-minute gap.,Transportation,Medium,13,19,1,0,105
"Transfers between buses are not planned properly, so you end up waiting too long at the next stop.",Transportation,Medium,13,18,1,0,98
"Even when the bus is running, the connection with trains or other buses doesn’t match.",Transportation,Medium,13,15,1,0,86
"Some routes only run at certain times, so if your schedule is different you’re stuck.",Transportation,Medium,13,15,1,0,85
The tracking app sometimes shows the bus stuck in one place for several minutes without moving.,Transportation,Medium,13,16,1,0,95
"Sometimes the app shows a bus arriving, but then the time keeps changing again and again.",Transportation,Medium,13,16,1,0,89
"I don’t mind delays, but at least they should update the app correctly.",Transportation,Medium,13,13,1,0,71
It’s annoying when the bus timetable looks fine on paper but doesn’t match reality.,Transportation,Medium,13,14,1,0,83
"Sometimes the bus stops running earlier in the evening, which makes it hard to go out and come back.",Transportation,Medium,13,19,1,0,100
"I’ve noticed that certain routes are always late, but nothing is done about it.",Transportation,Medium,13,14,1,0,79
The service works better in some parts of the city but really badly in others.,Transportation,Medium,13,15,1,0,78
"Some stops don’t have proper information boards, so you don’t know what’s happening.",Transportation,Medium,13,13,1,0,84
"It feels like the system depends too much on apps, and if the app is wrong you’re lost.",Transportation,Medium,13,18,1,0,87
"The buses run, but they don’t run in a way that is convenient for people who work long hours.",Transportation,Medium,13,19,1,0,93
Sometimes drivers wait too long at one stop and then rush the rest of the route.,Transportation,Medium,13,16,1,0,80
"The bus comes, but it’s so full that you can’t get on, so you have to wait again.",Transportation,Medium,13,18,1,0,81
I’ve seen buses running late because drivers change shifts in the middle of the route.,Transportation,Medium,13,15,1,0,86
Sometimes buses pause in the city centre for no reason and everyone just sits there waiting.,Transportation,Medium,13,16,1,0,92
"The schedule says one thing, but the driver follows a completely different timing.",Transportation,Medium,13,13,1,0,82
It feels like nobody checks whether the timetable actually works in real life.,Transportation,Medium,13,13,1,0,78
"The route planner says one connection will work, but when you try it, it never lines up.",Transportation,Medium,13,17,1,0,88
"Some routes are designed in a strange way, so you have to go around the whole city just to reach one place.",Transportation,Medium,13,22,1,0,107
"The service is not bad all the time, but it’s unreliable often enough to be frustrating.",Transportation,Medium,13,16,1,0,88
"Sometimes the bus arrives too early, and that’s just as bad as being late.",Transportation,Medium,13,14,1,0,74
I don’t understand why buses that are supposed to be frequent still make you wait so long.,Transportation,Medium,13,17,1,0,90
"Even when you leave early, you still can’t trust that the bus will come.",Transportation,Medium,13,14,1,0,72
"The bus company says everything is on time, but passengers clearly experience delays.",Transportation,Medium,13,13,1,0,85
"You report the issue, but the response always sounds like a standard copy-paste reply.",Transportation,Medium,13,14,1,0,86
"Sometimes the bus shows the wrong number, and people miss it because they think it’s the wrong route.",Transportation,Medium,13,18,1,0,101
It’s annoying when the driver stops too far from the sign and everyone has to walk to the bus.,Transportation,Medium,13,19,1,0,94
Some stops are placed in inconvenient locations where there is no proper space to wait.,Transportation,Medium,13,15,1,0,87
"The system works if you don’t have a strict schedule, but that’s not realistic for most people.",Transportation,Medium,13,17,1,0,95
"Public transport is okay for short trips, but for daily commuting it becomes stressful.",Transportation,Medium,13,14,1,0,87
Sometimes the bus runs fine for weeks and then suddenly starts having problems again.,Transportation,Medium,13,14,1,0,85
You can tell the booking system isn’t coordinated properly because small delays keep causing bigger ones.,Transportation,Medium,13,16,1,0,105
"Even when buses are not cancelled, they still don’t follow the timing properly.",Transportation,Medium,13,13,1,0,79
"The service feels unpredictable, and that’s the most frustrating part.",Transportation,Medium,13,10,1,0,70
"Some routes seem to get less attention, so the service there is always worse.",Transportation,Medium,13,14,1,0,77
"Passengers keep complaining about the same problems, but nothing really changes.",Transportation,Medium,13,11,1,0,80
"It feels like the system works just enough to exist, but not enough to be reliable.",Transportation,Medium,13,16,1,0,83
The online system for accessing course materials keeps crashing and sometimes I can’t even open my assignments when I need them.,IT & Digital Services,High,6,21,2,0,128
Limited access to research databases is seriously affecting my ability to complete my thesis properly.,IT & Digital Services,High,6,15,2,0,102
"I can’t access the software required for my course, and buying it myself is too expensive.",IT & Digital Services,High,6,16,2,0,90
"The university website keeps glitching whenever I try to update my personal information, and I can’t get through to support.",IT & Digital Services,High,6,20,2,0,124
"The financial aid website keeps going down, and it’s making it really hard to submit important forms on time.",IT & Digital Services,High,6,19,2,0,109
Limited access to technology is making it impossible to complete assignments before deadlines.,IT & Digital Services,High,6,13,2,0,94
"Research databases are not available when I need them, and it’s affecting the quality of my work.",IT & Digital Services,High,6,17,2,0,97
The online portal is so unreliable that sometimes I can’t even see my coursework or announcements.,IT & Digital Services,High,6,16,2,0,98
"The system for managing certificates is outdated and slow, and everything takes too long to process.",IT & Digital Services,High,6,16,2,0,100
Online learning is difficult because the platform keeps having technical issues.,IT & Digital Services,High,6,11,2,0,80
Limited access to required software is affecting my grades because I can’t practice properly.,IT & Digital Services,High,6,14,2,0,93
"The university systems are too slow, and simple tasks take too much time to complete.",IT & Digital Services,High,6,15,2,0,85
I feel like I’m falling behind because I don’t have proper access to digital resources.,IT & Digital Services,High,6,15,2,0,87
"Sometimes I can’t log in to the academic portal at all, and there is no quick support.",IT & Digital Services,High,6,17,2,0,86
"The database access is restricted, and I can’t find the research materials needed for my project.",IT & Digital Services,High,6,16,2,0,97
Technology problems during online classes make it hard to follow lectures.,IT & Digital Services,High,6,11,2,0,74
The university servers go down during important times like submission deadlines.,IT & Digital Services,High,6,11,2,0,80
The system for accessing assignments is not stable and keeps freezing.,IT & Digital Services,High,6,11,2,0,70
"Without proper access to online tools, I can’t complete my coursework properly.",IT & Digital Services,High,6,12,2,0,79
It feels unfair that we pay fees but still don’t get proper access to digital resources.,IT & Digital Services,High,6,16,2,0,88
It’s frustrating that research databases are only accessible in certain places and not from everywhere.,IT & Digital Services,Medium,6,15,1,0,103
"Sometimes the website works, but it’s slow and takes too long to load.",IT & Digital Services,Medium,6,13,1,0,70
Limited access to software makes group projects harder to complete.,IT & Digital Services,Medium,6,10,1,0,67
The online portal is confusing and not easy to use.,IT & Digital Services,Medium,6,10,1,0,51
"The learning system works, but it has too many bugs.",IT & Digital Services,Medium,6,10,1,0,52
Sometimes the system logs me out automatically and I lose my work.,IT & Digital Services,Medium,6,12,1,0,66
It would help if more academic resources were available online.,IT & Digital Services,Medium,6,10,1,0,63
The university apps are not updated regularly and feel outdated.,IT & Digital Services,Medium,6,10,1,0,64
Sometimes I cannot download materials even though they are uploaded.,IT & Digital Services,Medium,6,10,1,0,68
The database search system is difficult to use.,IT & Digital Services,Medium,6,8,1,0,47
I wish we had better access to digital libraries from home.,IT & Digital Services,Medium,6,11,1,0,59
The system for submitting assignments sometimes does not upload files properly.,IT & Digital Services,Medium,6,11,1,0,79
"Online resources are available, but not all students can access them equally.",IT & Digital Services,Medium,6,12,1,0,77
Some required software is only available on campus computers.,IT & Digital Services,Medium,6,9,1,0,61
It takes too long to get technical support when something goes wrong.,IT & Digital Services,Medium,6,12,1,0,69
The website design makes it hard to find important information.,IT & Digital Services,Medium,6,10,1,0,63
"Sometimes notifications don’t show up, and I miss updates.",IT & Digital Services,Medium,6,9,1,0,58
The login system fails occasionally and needs multiple attempts.,IT & Digital Services,Medium,6,9,1,0,64
Online class platforms sometimes lag during lectures.,IT & Digital Services,Medium,6,7,1,0,53
"Digital systems work, but they are not reliable all the time.",IT & Digital Services,Medium,6,11,1,0,61
I really wish the website was easier to use because half the time I don’t even know where to click.,IT & Digital Services,Low,6,20,0,0,99
"Some pages take forever to load, and it gets really annoying when I’m trying to do something quickly.",IT & Digital Services,Low,6,18,0,0,101
It would honestly help a lot if more study materials were available online instead of only in one place.,IT & Digital Services,Low,6,19,0,0,104
"The portal layout is confusing, and I always feel like I’m searching for things longer than I should.",IT & Digital Services,Low,6,18,0,0,101
"I don’t like how many steps it takes just to open one resource, it feels unnecessarily complicated.",IT & Digital Services,Low,6,17,0,0,99
"The whole system looks outdated compared to other universities, and it makes our portal feel old.",IT & Digital Services,Low,6,16,0,0,97
"Sometimes links just don’t work, and then I have to try again later which wastes time.",IT & Digital Services,Low,6,16,0,0,86
I wish the database search was simpler because finding what I need takes too long.,IT & Digital Services,Low,6,15,0,0,82
It takes a lot of time just to figure out how to use the online system properly.,IT & Digital Services,Low,6,17,0,0,80
"The interface is not very user-friendly, and it feels like it wasn’t designed for students.",IT & Digital Services,Low,6,15,0,0,91
"Some features are really hard to find on the website, even when you know they exist.",IT & Digital Services,Low,6,16,0,0,84
"The digital portal feels messy, and it could definitely be organized in a better way.",IT & Digital Services,Low,6,15,0,0,85
"I feel like the system could be improved a lot, because right now it doesn’t run smoothly.",IT & Digital Services,Low,6,17,0,0,90
"It works most of the time, but there are always small problems that make it frustrating.",IT & Digital Services,Low,6,16,0,0,88
"The software we get access to is very limited, and sometimes it’s not enough for our work.",IT & Digital Services,Low,6,17,0,0,90
"Sometimes the website becomes slow for no reason, especially when I need it the most.",IT & Digital Services,Low,6,15,0,0,85
"Navigation on the portal is confusing, and I often end up clicking the wrong things.",IT & Digital Services,Low,6,15,0,0,84
It would be much easier if everything was in one place instead of being spread across different pages.,IT & Digital Services,Low,6,18,0,0,102
"Some tools that other universities provide are missing here, and that makes things harder for us.",IT & Digital Services,Low,6,16,0,0,97
"The system works, but it doesn’t feel polished, like it could definitely be better than this.",IT & Digital Services,Low,6,16,0,0,93
"My attendance is not updating properly in the portal, and because of that I’m getting blocked from important things like submissions, exam forms, payments, and viewing updates.",IT & Digital Services,High,6,27,2,0,176
"My attendance is showing far below what I actually have, even though I’ve been attending classes regularly. The ERP system is clearly not reflecting the correct record, and no one is fixing it.",IT & Digital Services,High,6,33,2,0,193
"My attendance is being marked on paper in college, but it is not being updated in the online ERP portal. Because of that, the portal is showing wrong information to both students and parents.",IT & Digital Services,High,6,34,2,0,191
My attendance dropped below the required percentage only because the college portal was not updating for weeks due to technical issues. Now it looks like I’m short of attendance even though the problem is with the system.,IT & Digital Services,High,6,37,2,0,221
"The ERP portal is showing my attendance as insufficient because it has not updated my record for the last two weeks, and now my examination form submission is getting blocked.",IT & Digital Services,High,6,30,2,0,175
"I registered on the EDDTS portal, but I never received the OTP to verify my phone number. Because of that, I cannot even log in and apply for my provisional degree certificate.",IT & Digital Services,High,6,32,2,0,176
There is a runtime error every time we try to log in to the student portal. Students are completely unable to access the system.,IT & Digital Services,High,6,24,2,0,128
The student portal is not allowing me to register for elective courses even though the registration window is open. It keeps showing that my profile is incomplete even though I have already tried everything.,IT & Digital Services,High,6,34,2,0,207
"I made the payment for my original pass certificate through internet banking, the money got deducted, but the receipt is not available for download and the amount has not been refunded either.",IT & Digital Services,High,6,32,2,0,192
"I submitted an application for my original pass certificate months ago through the portal, but I still have not received the certificate or even a proper update.",IT & Digital Services,High,6,27,2,0,161
"My B.E. certificate is not visible in the DigiLocker app, and now I’m stuck because the company wants the original degree certificate.",IT & Digital Services,High,6,22,2,0,134
"College Wi-Fi has been down for five straight days, and students who depend on it for online classes and assignment submissions are badly affected.",IT & Digital Services,High,6,24,2,0,147
"The IT helpdesk is not even picking up calls while the Wi-Fi is down, which makes the whole situation even worse.",IT & Digital Services,High,6,21,2,0,113
"The SSHRC referee portal is not working properly, and my referees are unable to submit their letters even though the deadline is very close.",IT & Digital Services,High,6,24,2,0,140
"The portal becomes extremely slow when results are released, and it feels like the system simply cannot handle too many students logging in at once.",IT & Digital Services,High,6,25,2,0,148
"I am stuck in a login loop where the portal keeps forcing me to reset my password, but even the reset option fails with an error.",IT & Digital Services,High,6,26,2,0,129
"The “Forgot Password” option is also not working, and I’ve been dealing with the same login issue for days without any help.",IT & Digital Services,High,6,22,2,0,124
"The student services portal keeps saying my credentials are wrong, and when I try to recover the account, the recovery process also fails.",IT & Digital Services,High,6,23,2,0,138
"I tried contacting the phone numbers and email IDs given on the portal, but I’m not getting any response at all.",IT & Digital Services,High,6,21,2,0,112
"The portal allowed changes to critical personal information that should have been read-only, and it turned into a serious identity/security issue.",IT & Digital Services,High,6,21,2,0,146
"My official first name got changed unexpectedly in the portal, and the system flaw made it look like someone was trying to misuse my identity.",IT & Digital Services,High,6,25,2,0,142
"The system allowed edits to sensitive identity data in the database, which is a major security problem.",IT & Digital Services,High,6,17,2,0,103
Someone is impersonating me in the Zoom app during class and posting inappropriate comments in the chat. This could seriously damage my reputation.,IT & Digital Services,High,6,23,2,0,147
"I am worried because I don’t know how to stop someone from using my name during online class, and I need a proper digital safety solution for this.",IT & Digital Services,High,6,28,2,0,147
"My personal laptop was connected to the college network, and now I’m worried something was installed or changed on it without my clear understanding or consent.",IT & Digital Services,High,6,26,2,0,160
"Whenever I try to change my password, the system says the action has to be approved by the organisation admin, even though this is my personal device.",IT & Digital Services,High,6,27,2,0,150
"The college keeps saying whatever they did on my personal device is a required protocol, but they are not clearly explaining what was installed or changed.",IT & Digital Services,High,6,26,2,0,155
"I don’t want the college to have access to my passwords, chat logs, emails, or personal activity on my own device.",IT & Digital Services,High,6,21,2,0,114
"Some students are already making spyware allegations, and honestly the lack of transparency is making all of this feel really disturbing.",IT & Digital Services,High,6,21,2,0,137
"The course portal or Blackboard setup is confusing and hard to navigate, and it makes simple things take much longer than they should.",IT & Digital Services,Medium,6,23,1,0,134
Our LMS files are named in such a cryptic and disorganized way that it becomes difficult to find even basic course material.,IT & Digital Services,Medium,6,22,1,0,124
"The educational software for one of my classes barely works on any browser, and it’s making the whole learning experience frustrating.",IT & Digital Services,Medium,6,21,1,0,134
The learning management system is so badly set up that many students are already unhappy with it and want it changed.,IT & Digital Services,Medium,6,21,1,0,117
"Microsoft Teams keeps opening and closing repeatedly on my laptop before showing an error, so I am unable to attend my lecture properly.",IT & Digital Services,Medium,6,23,1,0,136
"I already tried restarting, reinstalling the app, and clearing cache files, but the Teams issue still keeps happening.",IT & Digital Services,Medium,6,18,1,0,118
The journal submission portals are frustrating because the portal often asks for things that do not even match the author guidelines.,IT & Digital Services,Medium,6,21,1,0,133
Sometimes a journal rejects or flags something for formatting or naming issues that were never clearly mentioned in the official instructions.,IT & Digital Services,Medium,6,21,1,0,142
"Important details like abstract word count or naming conventions are sometimes missing from the guidelines, but the submission portal still expects them.",IT & Digital Services,Medium,6,22,1,0,153
"I no longer have access to an old student portal that is apparently the only way to request academic records, and now that is creating problems with my application process.",IT & Digital Services,Medium,6,30,1,0,172
The portal is so slow that sometimes I have to depend on copied URLs just to download something like my transcript.,IT & Digital Services,Medium,6,21,1,0,115
"Support has not been helpful at all with resolving portal issues, and I keep getting stuck with the same problem.",IT & Digital Services,Medium,6,20,1,0,113
The administration took too long to respond when there was a serious portal issue related to my identity information.,IT & Digital Services,Medium,6,19,1,0,117
I had to run around multiple offices just to finally reach the server administrator for a digital issue that should have been resolved much faster.,IT & Digital Services,Medium,6,25,1,0,147
"The system logs had to be checked just to find out when a portal change happened, which shows how badly the issue escalated.",IT & Digital Services,Medium,6,23,1,0,124
The whole case had to be forwarded to IT for a full system audit because the portal flaw made a normal student issue look like a security breach.,IT & Digital Services,Medium,6,28,1,0,145
I signed into my college email using a separate browser profile because I was worried about how the college system interacts with my personal computer.,IT & Digital Services,Medium,6,25,1,0,151
"The whole network setup process was suspicious and unclear, and I still don’t feel confident about what exactly was done when my device was connected.",IT & Digital Services,Medium,6,25,1,0,150
"I had to get the Wi-Fi manually approved, which made the entire process feel unnecessarily complicated.",IT & Digital Services,Medium,6,16,1,0,103
"I suspect something may have been done through command prompt or USB during setup, but no one has given me a clear explanation.",IT & Digital Services,Medium,6,23,1,0,127
"I had to ask repeatedly what the college can and cannot see on my personal device, and I still don’t feel like I’ve received a proper answer.",IT & Digital Services,Medium,6,27,1,0,141
"The portal keeps failing when I try to reset or recover access, and even basic account recovery does not work smoothly.",IT & Digital Services,Medium,6,21,1,0,119
"The digital certificate and academic record systems feel badly integrated, and one issue in the portal ends up affecting job applications or document verification.",IT & Digital Services,Medium,6,24,1,0,163
The portal just feels clunky and harder to use than it should be.,IT & Digital Services,Low,6,13,0,0,65
"Some digital systems work, but not smoothly enough to trust them fully.",IT & Digital Services,Low,6,12,0,0,71
"I keep having to try the same thing in different browsers, which is annoying even when it seems like a basic portal task.",IT & Digital Services,Low,6,23,0,0,121
The website or portal sometimes makes simple work feel unnecessarily complicated.,IT & Digital Services,Low,6,11,0,0,81
Some systems feel outdated and not built for the number of students using them.,IT & Digital Services,Low,6,14,0,0,79
It should not take this much effort just to access normal academic services online.,IT & Digital Services,Low,6,14,0,0,83
I’m tired of having to troubleshoot basic portal issues on my own every time something stops working.,IT & Digital Services,Low,6,17,0,0,101
"The digital systems are technically there, but they don’t feel reliable enough for important academic work.",IT & Digital Services,Low,6,16,0,0,107
"A lot of these online systems feel badly maintained, and students are the ones who end up suffering for it.",IT & Digital Services,Low,6,20,0,0,107
"Even when the issue is not huge, the portal experience is frustrating enough to waste a lot of time.",IT & Digital Services,Low,6,19,0,0,100
"The overall digital experience feels messy, and too many things depend on systems that are not stable.",IT & Digital Services,Low,6,17,0,0,102
I really don’t understand why student portals and academic systems are still this poorly designed.,IT & Digital Services,Low,6,15,0,0,98
The whole process becomes stressful because even small digital issues take too long to get fixed.,IT & Digital Services,Low,6,16,0,0,97
A simple task on the portal often turns into a long back-and-forth because the system is not working properly.,IT & Digital Services,Low,6,19,0,0,110
"It feels like we are expected to rely heavily on digital services, but those same services are not dependable enough.",IT & Digital Services,Low,6,20,0,0,117
Public transport takes far too long. A trip that would take me a few minutes by car can easily take a couple of hours by bus or other public transport.,Transportation,High,13,30,2,0,151
"When I have to stop at multiple places, public transport becomes a huge burden because I have to carry everything with me the whole time. It is just not practical for heavy items like pet food, groceries, winter boots, or bulky coats.",Transportation,High,13,42,2,0,234
One of the worst parts of using public transport is being forced into very close contact with strangers. Starting the day packed into other people’s personal space is honestly exhausting.,Transportation,High,13,30,2,0,187
"Some bus drivers are unnecessarily rude and negative, especially toward passengers they think will not push back. That kind of attitude makes the whole journey stressful.",Transportation,High,13,26,2,0,170
"Bus drivers often act cheeky or difficult with polite passengers, younger people, or anyone they think they can get away with treating badly, but they suddenly behave differently with rough-looking passengers. That double standard is really frustrating.",Transportation,High,13,37,2,0,253
"School bus driving sounds completely unsustainable as a job because so many drivers are only part-time and get no benefits. For a role with that much responsibility, the support is just not there.",Transportation,High,13,33,2,0,196
"The split-shift schedule for school bus drivers is terrible. Drivers work a few hours early in the morning, sit around unpaid for hours in the middle of the day, and then come back again in the afternoon.",Transportation,High,13,37,2,0,204
"The pay may sound decent per hour, but when drivers only get around 25 hours a week, it is not enough to live on properly.",Transportation,High,13,25,2,0,122
"Driving in bad weather every single day, including snow, freezing rain, and strong winds, while being responsible for a full bus of children is an enormous physical and mental burden.",Transportation,High,13,30,2,0,183
"School bus drivers are expected to manage student fights, illness, vomiting, nosebleeds, and general chaos while still driving safely and finding somewhere to pull over. That is a lot to handle at once.",Transportation,High,13,33,2,0,202
"It is incredibly hard to drive a large bus safely when students are misbehaving, fighting, walking around, or creating disruptions behind you.",Transportation,High,13,22,2,0,142
"Bus drivers get blamed for everything. If they focus on the road, people say they are ignoring the children. If they react to student behavior, people say they are not paying enough attention to driving.",Transportation,High,13,35,2,0,203
Some parents refuse to take responsibility for their children’s behavior on the bus and act like everything is the driver’s problem.,Transportation,High,13,21,2,0,132
"Drivers are responsible for the safety of a busload of children, but they are not respected enough by the public, parents, or even sometimes their own administration.",Transportation,High,13,27,2,0,166
"The job is physically demanding enough that long-term drivers often end up with knee or hip problems, which says a lot about how hard the work really is.",Transportation,High,13,28,2,0,153
"It is emotionally draining for drivers when serious incidents happen to students, such as death, overdose, or medical emergencies, and they are still expected to keep going like normal.",Transportation,High,13,29,2,0,185
"A lot of bus drivers come across as if they hate their job, and that negativity affects passengers.",Transportation,Medium,13,18,1,0,99
"Even though bus driving is not an easy job, drivers should still be expected to deal with difficult passengers professionally, just like people in retail, hospitality, or other public-facing work.",Transportation,Medium,13,30,1,0,196
Public transport just is not practical for everyday life when you have errands to run and things to carry between places.,Transportation,Medium,13,21,1,0,121
It gets tiring having to carry your belongings around all day just because public transport does not give you any flexibility.,Transportation,Medium,13,21,1,0,126
Heavy winter clothing or large purchases become a nuisance on public transport because you have no place to put them.,Transportation,Medium,13,20,1,0,117
The time cost of public transport makes it feel like your whole day revolves around the trip instead of the actual thing you need to do.,Transportation,Medium,13,26,1,0,136
"School bus drivers often have to deal with children who constantly break rules just for attention, and that wears people down over time.",Transportation,Medium,13,23,1,0,136
"Some students on school buses behave in ways that are openly disruptive, but there is very little real support for the driver in handling it.",Transportation,Medium,13,25,1,0,141
There are too many situations where school staff or parents fail to back up the driver even when student behavior is clearly unacceptable.,Transportation,Medium,13,23,1,0,138
"Bus drivers are often expected to do a lot more than just drive. They end up acting like disciplinarians, referees, babysitters, and emergency responders all at once.",Transportation,Medium,13,27,1,0,166
"The general public often assumes bus driving is simple, but the actual work environment is much harder than most people realize.",Transportation,Medium,13,21,1,0,128
A lot of people with no experience still act like they know better than the driver and constantly criticize how the job is being done.,Transportation,Medium,13,25,1,0,134
"It is frustrating when passengers or parents think every delay or problem is automatically the driver’s fault, even when it is caused by traffic, trains, or things outside the driver’s control.",Transportation,Medium,13,31,1,0,193
"Trying to manage relationships, conflicts, and emotional issues among students on the bus can become surprisingly draining for drivers.",Transportation,Medium,13,19,1,0,135
"Some students deliberately test limits or break rules just to get attention, which makes the work much harder than it should be.",Transportation,Medium,13,22,1,0,128
"Some bus drivers just come across as moody or unpleasant, and that makes the ride feel more uncomfortable than it needs to be.",Transportation,Low,13,23,0,0,126
There is a clear attitude problem with certain drivers who seem to pick and choose who they will be polite to.,Transportation,Low,13,21,0,0,110
"Public transport can feel inconvenient compared to driving, especially when you are trying to get somewhere quickly.",Transportation,Low,13,17,0,0,116
It is annoying how limited public transport feels when you are trying to do more than one thing in a day.,Transportation,Low,13,21,0,0,105
Carrying shopping bags or personal items from stop to stop gets old very quickly.,Transportation,Low,13,14,0,0,81
Public transport often feels like it takes away basic comfort and convenience.,Transportation,Low,13,12,0,0,78
"Even when the trip itself is manageable, dealing with crowds and close contact with strangers can make it unpleasant.",Transportation,Low,13,19,0,0,117
School bus driving does not seem attractive as a career when the hours are broken up in such an awkward way.,Transportation,Low,13,21,0,0,108
A decent hourly wage does not mean much when the total weekly hours are so low.,Transportation,Low,13,16,0,0,79
The job can feel thankless because people notice every small mistake but rarely appreciate the work being done.,Transportation,Low,13,18,0,0,111
"Drivers often have to put up with more criticism than respect, and that can wear people out over time.",Transportation,Low,13,19,0,0,102
"If the positive moments with students were not there, it is easy to see why many drivers would leave the job.",Transportation,Low,13,21,0,0,109
"In many interior village areas, there are very few buses available, and sometimes there are no proper transport options at all except during peak hours.",Transportation,High,13,25,2,0,152
"Private bus operators avoid running buses on less crowded routes, which makes it very difficult for people living in remote areas to travel.",Transportation,High,13,23,2,0,140
"In some states, public transport services are not reliable, and people cannot depend on buses to travel regularly.",Transportation,High,13,18,2,0,114
"Outside busy hours, it becomes very hard to find buses, especially in rural or less populated routes.",Transportation,High,13,17,2,0,101
"Public transport availability depends too much on profit, so routes that are not busy are often ignored.",Transportation,High,13,17,2,0,104
"In certain places, only government buses operate in rural areas, and the number of buses is not enough for the people living there.",Transportation,High,13,23,2,0,131
"Transport facilities are not equal in all states, and some areas have much poorer bus services compared to others.",Transportation,High,13,19,2,0,114
"Sometimes complaints about drivers or transport services do not seem to lead to visible action, so passengers feel like nothing changes.",Transportation,High,13,21,2,0,136
Passengers often feel frustrated because they don’t know whether their complaint about a driver or service was actually taken seriously.,Transportation,High,13,20,2,0,136
"Bus services are not frequent in some routes, so people have to wait a long time to get transport.",Transportation,Medium,13,19,1,0,98
"Transport services are usually better only during office hours or festivals, but during normal times buses are very limited.",Transportation,Medium,13,19,1,0,124
"In some regions, the transport system is not as well organized as in other states, which makes travel inconvenient.",Transportation,Medium,13,19,1,0,115
People living in smaller towns or villages often have fewer transport options compared to those living in cities.,Transportation,Medium,13,18,1,0,113
Sometimes passengers feel that transport problems are not solved quickly enough even after complaints are given.,Transportation,Medium,13,16,1,0,112
It feels like transport authorities only focus on busy routes and ignore less crowded areas.,Transportation,Medium,13,15,1,0,92
"When bus services are limited, people are forced to depend on autos or taxis, which can be expensive.",Transportation,Medium,13,18,1,0,101
There are situations where passengers feel their complaints are not properly understood or investigated.,Transportation,Medium,13,14,1,0,104
Some people think transport issues continue because authorities assume passengers are exaggerating complaints.,Transportation,Medium,13,13,1,0,110
"Passengers often do not get feedback after making a complaint, which makes them feel ignored.",Transportation,Medium,13,15,1,0,93
Bus services are not always available at the time people need them.,Transportation,Low,13,12,0,0,67
"In some areas, transport is less convenient compared to places with better connectivity.",Transportation,Low,13,13,0,0,88
Travel becomes difficult when buses are not scheduled frequently.,Transportation,Low,13,9,0,0,65
Sometimes passengers feel transport planning could be better.,Transportation,Low,13,8,0,0,61
People in rural areas feel transport facilities could be improved.,Transportation,Low,13,10,0,0,66
"Not all routes have the same level of service, which makes travel uneven.",Transportation,Low,13,13,0,0,73
Passengers feel transport systems work well in cities but not as well in smaller areas.,Transportation,Low,13,15,0,0,87
Sometimes people feel they have to plan too much in advance just to avoid transport problems.,Transportation,Low,13,16,0,0,93
"There are times when transport works fine, but small issues still make travel inconvenient.",Transportation,Low,13,14,0,0,91
Some passengers feel the system could improve even though it works most of the time.,Transportation,Low,13,15,0,0,84
"It’s honestly so frustrating when people keep talking about public transport without ever actually using it. Most of the time they don’t even know how the system works, but they still act like they know exactly why it’s bad.",Transportation,High,13,39,2,0,224
"One major problem is that a lot of transit systems are really hard for first-time users to figure out. If someone has never used the bus or train before, the routes, ticket system, maps, and station layout can feel really confusing.",Transportation,High,13,41,2,0,232
"In some places, the bus stop maps are so badly designed that you still can’t clearly tell where the bus is actually going. That makes it stressful, especially if you’re already unfamiliar with the route.",Transportation,High,13,35,2,0,203
"What really gets overlooked is the full door-to-door travel time. Even if the train itself is fast, the whole trip becomes slow because of all the stops, waiting time, transfers, and the walking you have to do before and after.",Transportation,High,13,40,2,0,227
"Long gaps between buses or trains make the whole system feel unreliable. If you miss one, your whole trip gets messed up and you’re just stuck waiting.",Transportation,High,13,27,2,0,151
Transfers are exhausting when the system isn’t designed well. What should be a simple trip ends up becoming a long and annoying journey because you have to keep changing lines or routes.,Transportation,High,13,32,2,0,186
"The long walk to and from stations is a serious issue too. Even if the train line is decent, it doesn’t help much if getting to the station itself is a pain.",Transportation,High,13,32,2,0,157
Some light rail systems are painfully slow because they stop too often and even get delayed at traffic lights. At that point it barely feels like proper rapid transit.,Transportation,High,13,29,2,0,167
"In a lot of places, public transport is just too slow compared to driving, especially when you compare the entire trip and not just the time spent sitting on the train.",Transportation,High,13,31,2,0,168
"A big issue is that many transit systems don’t actually cover the places where people live. So even when the service is decent in one area, it still doesn’t help a lot of people.",Transportation,High,13,34,2,0,178
"Bad frequency, too many stops, and poor connections just push people back into using cars. Then everyone wonders why ridership is low.",Transportation,High,13,22,2,0,134
"Sometimes one bad experience is enough to make someone never want to use transit again. Loud passengers, confusing routes, or delays can completely turn people off.",Transportation,High,13,26,2,0,164
"People act like train stops are no big deal, but they do add time. It’s not just the stop itself, it’s also the slowing down and speeding up again every single time.",Transportation,Medium,13,32,1,0,165
"It gets annoying when people pretend transit systems don’t have real flaws. If we keep acting like everything is fine, nothing will improve.",Transportation,Medium,13,23,1,0,140
A lot of transit discussions feel unrealistic because people either act like the system is perfect or act like cars are the answer to everything.,Transportation,Medium,13,25,1,0,145
"The truth is, in many cities, people prefer cars because public transport just isn’t fast or convenient enough for their actual daily trip.",Transportation,Medium,13,23,1,0,139
"Using public transport for the first time can honestly feel intimidating. If you don’t know where to buy tickets, where to stand, or what happens if you miss your stop, it can be stressful.",Transportation,Medium,13,34,1,0,189
"For new users, even looking at a transit map or fare chart can feel overwhelming. It’s not always as simple as regular riders make it sound.",Transportation,Medium,13,26,1,0,140
"Transit is not always comfortable either. Sometimes the issue isn’t the route itself, it’s dealing with noise, crowds, awkward people, or just the general atmosphere.",Transportation,Medium,13,25,1,0,166
"Most riders care about how long the whole journey takes, not the top speed of the train. That’s what really matters in daily life.",Transportation,Medium,13,24,1,0,130
"Some cities redesign routes in ways that feel slower and less efficient, and then act surprised when people stop using the service.",Transportation,Medium,13,22,1,0,131
A transit network can look impressive on paper and still be frustrating in real life if the service is slow and badly coordinated.,Transportation,Medium,13,23,1,0,130
"Even in cities with decent public transport, a small extra walk can make the car the faster option.",Transportation,Medium,13,18,1,0,99
"In many places, transit still doesn’t compete well with driving unless your start point and destination happen to line up perfectly.",Transportation,Medium,13,21,1,0,132
"A lot of systems clearly have design problems like too many stops, poor frequency, and no good express options, but people don’t always want to admit that.",Transportation,Medium,13,27,1,0,155
It’s frustrating when riders point out real transit problems and get treated like they’re just complaining for no reason.,Transportation,Medium,13,19,1,0,121
"It’s funny how some people complain about trains stopping, like cars don’t stop all the time too.",Transportation,Low,13,17,0,0,97
"Some people act like reading a timetable or route map is some impossible task, and it’s honestly ridiculous.",Transportation,Low,13,18,0,0,108
A lot of anti-transit opinions come from people who haven’t even tried using the system once.,Transportation,Low,13,16,0,0,93
"Some people reject buses or trains without giving them a fair chance, and then act like the whole system is useless.",Transportation,Low,13,21,0,0,116
There are people who avoid public transport for years just because they’re scared they’ll look confused or do something wrong.,Transportation,Low,13,20,0,0,126
"Trying transit for the first time can feel more stressful than it actually is, especially when the system is unfamiliar.",Transportation,Low,13,20,0,0,120
"That attitude that “only poor people use the train” is still around in some places, and it’s really outdated and irritating.",Transportation,Low,13,21,0,0,124
"There’s definitely a stigma around public transport in some areas, and that makes people dismiss it before even understanding it.",Transportation,Low,13,20,0,0,129
A lot of people compare transit to the best possible version of driving instead of comparing it to the actual traffic-filled experience most people really have.,Transportation,Low,13,26,0,0,160
"Some people care way too much about vehicle speed and completely ignore comfort, space, and not having to deal with traffic.",Transportation,Low,13,21,0,0,124
Just because a car feels more familiar doesn’t automatically mean it’s a better experience.,Transportation,Low,13,14,0,0,91
"Sometimes people criticize transit just because they don’t like being around other passengers, not because the system itself is actually failing.",Transportation,Low,13,21,0,0,145
"Even when public transport works reasonably well, some people still refuse to admit it has benefits because they’re too attached to car culture.",Transportation,Low,13,23,0,0,144
"I’m really frustrated with how unpredictable the roads are. Sometimes the vehicle in front just stops suddenly, and even if you slow down, it’s hard to react in time. It makes driving stressful, especially for new drivers.",Transportation,High,13,37,2,0,222
"It feels unsafe driving on these roads because people stop in the middle without warning, and there’s no proper space to react. One small mistake and it can easily turn into an accident.",Transportation,High,13,33,2,0,186
"Driving here is honestly scary sometimes. You never know when someone will suddenly slow down, stall, or turn without proper control, and you’re left trying to avoid a crash at the last second.",Transportation,High,13,33,2,0,193
"There’s also the problem of vehicles not being in proper condition. When someone’s bike stalls in the middle of the road, it puts everyone behind them at risk.",Transportation,High,13,28,2,0,159
"Road conditions make everything worse. With narrow roads, parked vehicles, and random obstacles, there isn’t always enough space to keep a safe distance even if you want to.",Transportation,High,13,28,2,0,173
"Sometimes I feel like you have to assume every driver around you might make a mistake at any moment, otherwise you won’t survive on these roads.",Transportation,High,13,26,2,0,144
"It’s really hard to maintain proper safe distance all the time because traffic is so tight and the roads are crowded. Even when you try to drive carefully, someone suddenly slows down or turns.",Transportation,Medium,13,34,1,0,193
"On narrow roads, you don’t always have the luxury of staying perfectly in your lane. With parked vehicles and shops on the side, you’re forced to drive in awkward positions.",Transportation,Medium,13,30,1,0,173
"People don’t always follow proper road behavior. Indicators are used late, or not used clearly, and that makes it difficult to predict what the person in front is going to do.",Transportation,Medium,13,31,1,0,175
"Driving would be much easier if everyone followed basic rules, but in reality you have to constantly stay alert because others can do anything.",Transportation,Medium,13,24,1,0,143
"Sometimes you slow down thinking the vehicle ahead is just slowing, but they stop completely without warning, and that’s where the problem starts.",Transportation,Medium,13,23,1,0,146
New drivers especially struggle because real road situations are very different from what you learn while getting the license.,Transportation,Medium,13,19,1,0,126
"Even when you try to drive calmly, traffic chaos makes it hard to stay comfortable. You always feel tense because anything can happen.",Transportation,Medium,13,23,1,0,134
"In busy areas, the road is shared with bikes, cars, parked vehicles, and pedestrians, so it’s difficult to keep proper control all the time.",Transportation,Medium,13,24,1,0,140
"Sometimes accidents happen not because of one mistake, but because both drivers don’t react perfectly in a sudden situation.",Transportation,Medium,13,19,1,0,124
It’s annoying when people don’t read the full situation and immediately blame one driver without understanding what actually happened.,Transportation,Low,13,19,0,0,134
People often judge driving mistakes too quickly without realizing how unpredictable real traffic conditions are.,Transportation,Low,13,15,0,0,112
"Sometimes you try to drive properly, but others assume you did something wrong without seeing the full context.",Transportation,Low,13,18,0,0,111
It’s frustrating when roads are so crowded that even careful driving doesn’t look perfect from the outside.,Transportation,Low,13,17,0,0,107
"Learning to drive in real traffic feels very different from learning during practice, and you only understand the difficulty after facing real situations.",Transportation,Low,13,23,0,0,154
"Sometimes you realize the hard way that you need more patience while driving, because rushing even a little can create problems.",Transportation,Low,13,21,0,0,128
"Driving in busy areas teaches you that you always have to expect the unexpected, no matter how careful you are.",Transportation,Low,13,20,0,0,111
"Even when nothing serious happens, small incidents make you realize how stressful daily driving can be.",Transportation,Low,13,16,0,0,103
"The bus didn’t show up for almost an hour, and there was no update anywhere. I ended up missing my exam because of the delay, and no one at the transport office could give a proper explanation.",Transportation,High,13,37,2,0,193
"Public transport is so unreliable that I never know if I’ll reach on time. Buses get cancelled without notice, and we’re just left waiting with no information.",Transportation,High,13,27,2,0,159
"The train was overcrowded to the point where people couldn’t even stand properly. It felt dangerous, and there was no control over how many passengers were getting in.",Transportation,High,13,28,2,0,167
"The driver suddenly stopped the bus in the middle of the road and argued with another driver for several minutes. Everyone inside was getting late, but no one cared.",Transportation,High,13,29,2,0,165
"There are not enough buses on this route, especially during peak hours. People are forced to hang near the door because there is no space inside.",Transportation,High,13,26,2,0,145
I almost fell while getting down from the bus because the driver started moving before passengers had fully stepped off.,Transportation,High,13,20,2,0,120
"Traffic is getting worse every day, and there is no proper traffic control. Even short distances take too long, and it’s affecting daily life.",Transportation,High,13,24,2,0,142
"The road near my area is full of potholes, and driving through it feels unsafe. Vehicles keep breaking down because of the condition of the road.",Transportation,High,13,26,2,0,145
"There are no proper pedestrian crossings, and it feels risky just to cross the road. Vehicles don’t slow down at all.",Transportation,High,13,21,2,0,117
The signal timings are so badly managed that traffic piles up for long periods while the other side stays empty.,Transportation,High,13,20,2,0,112
"Public buses are often driven very roughly. Sudden brakes and sharp turns make it unsafe, especially for elderly passengers.",Transportation,High,13,19,2,0,124
"There are times when the bus skips stops even though passengers are waiting, and then we have to find another way to reach.",Transportation,High,13,23,2,0,123
"The parking situation is completely out of control. Cars are parked everywhere, blocking half the road and making traffic worse.",Transportation,High,13,20,2,0,128
"Street lighting is very poor in some areas, and driving at night feels unsafe because you can’t see the road clearly.",Transportation,High,13,21,2,0,117
"Auto and taxi drivers sometimes refuse to go to certain locations, and we are left stranded with no other transport option.",Transportation,High,13,21,2,0,123
"There are no proper bus shelters, so we have to stand in the sun or rain while waiting for transport.",Transportation,High,13,20,2,0,101
"The transport app shows wrong timings most of the time, so we can’t rely on it to plan travel.",Transportation,High,13,19,2,0,94
"The road construction work goes on for months without progress, and traffic becomes horrible because of it.",Transportation,High,13,17,2,0,107
"Sometimes the bus is so crowded that the conductor tells people not to get in, but there is no next bus for a long time.",Transportation,High,13,25,2,0,120
"There is no proper lane discipline on the roads, and vehicles keep cutting in suddenly, which makes driving stressful.",Transportation,High,13,19,2,0,118
"Emergency vehicles also get stuck in traffic because there is no space to move, which is really worrying.",Transportation,High,13,18,2,0,105
"Some drivers use the phone while driving, and it feels very unsafe for everyone on the road.",Transportation,High,13,17,2,0,92
"There are places where signals don’t work properly, and traffic becomes completely chaotic.",Transportation,High,13,13,2,0,91
"During rain, roads get flooded and vehicles stop moving. There should be better drainage to avoid this.",Transportation,High,13,17,2,0,103
"Late-night transport is very limited, and it becomes difficult to travel safely after a certain time.",Transportation,High,13,16,2,0,101
"Some riders act impatient even when there’s no reason to rush, and it makes the ride less enjoyable for everyone.",Transportation,High,13,20,2,0,113
"People don’t always follow simple etiquette like giving space or passing safely, which makes shared paths uncomfortable.",Transportation,Low,13,17,0,0,120
"It gets annoying when someone yells or makes comments while passing, especially when you’re just riding normally.",Transportation,Low,13,17,0,0,113
"Sometimes the atmosphere on the road feels unnecessarily competitive, like everyone is trying to prove something.",Transportation,Low,13,16,0,0,113
A few careless riders stand out so much that they make it seem like everyone is riding badly.,Transportation,Low,13,18,0,0,93
Shared public spaces would feel much better if people just showed a bit more patience.,Transportation,Low,13,15,0,0,86
"Not everyone is reckless, but the ones who are make the whole system feel worse than it actually is.",Transportation,Low,13,19,0,0,100
Even small things like not slowing down near pedestrians make people feel uneasy.,Transportation,Low,13,13,0,0,81
"Some people don’t seem aware that others are also using the same space, and that lack of awareness causes problems.",Transportation,Low,13,20,0,0,115
It would help a lot if everyone followed basic courtesy instead of trying to save a few seconds.,Transportation,Low,13,18,0,0,96
"There’s this constant competition at traffic lights. As soon as the light turns green, people rush forward and cut in front, even though everyone ends up stuck together again anyway.",Transportation,Medium,13,30,1,0,182
"Some cyclists act like every ride is a race, always trying to be in front no matter what, even when there’s no real benefit.",Transportation,Medium,13,24,1,0,124
"In crowded areas, people don’t keep proper distance and it makes riding uncomfortable, especially for slower riders.",Transportation,Medium,13,17,1,0,116
It gets annoying when someone overtakes just to slow down in front of you a few seconds later.,Transportation,Medium,13,18,1,0,94
Shared paths don’t work well when fast riders and slow riders are using the same space. It creates tension and confusion.,Transportation,Medium,13,21,1,0,121
"Some people ride aggressively even when there’s no need, and it makes the whole trip stressful for everyone else.",Transportation,Medium,13,19,1,0,113
"Light timings in some areas are really bad, and people get frustrated waiting, which leads to risky behaviour like running red lights.",Transportation,Medium,13,22,1,0,134
"There are places where cyclists, scooters, and pedestrians are forced into the same narrow space, and it just doesn’t work smoothly.",Transportation,Medium,13,21,1,0,132
Sometimes you feel like you always have to stay alert because others might suddenly cut across your path.,Transportation,Medium,13,18,1,0,105
"Even when most people ride normally, the few who don’t follow rules make the whole experience worse.",Transportation,Medium,13,17,1,0,100
"The bus timings are a bit inconvenient, and I often have to wait longer than expected.",Transportation,Low,13,16,0,0,86
Sometimes the traffic moves slowly even when there doesn’t seem to be any real reason for the delay.,Transportation,Low,13,18,0,0,100
I wish the bus stops had better seating because standing and waiting gets tiring.,Transportation,Low,13,14,0,0,81
"The ride is usually fine, but sometimes the driver brakes a little too suddenly.",Transportation,Low,13,14,0,0,80
It would be nice if the transport app showed more accurate arrival times.,Transportation,Low,13,13,0,0,73
"Some roads feel too crowded even during normal hours, which makes travel slightly uncomfortable.",Transportation,Low,13,14,0,0,96
"The auto drivers sometimes take longer routes, which makes the trip annoying.",Transportation,Low,13,12,0,0,77
I feel like the signals stay red for too long on one side while the other side stays empty.,Transportation,Low,13,19,0,0,91
"It would help if there were more buses during the evening, even if it’s not peak time.",Transportation,Low,13,17,0,0,86
"The bus is not always clean, and that makes the journey less comfortable.",Transportation,Low,13,13,0,0,73
I wish there were clearer signboards for directions near the bus stand.,Transportation,Low,13,12,0,0,71
"Sometimes the driver stops a little far from the bus stop, and we have to walk back.",Transportation,Low,13,17,0,0,84
"The roads are fine most of the time, but small bumps make the ride uncomfortable.",Transportation,Low,13,15,0,0,81
It gets confusing when the route numbers change without proper notice.,Transportation,Low,13,11,0,0,70
I feel the traffic police could manage the signals better during busy hours.,Transportation,Low,13,13,0,0,76
The waiting area at the station is too small when many people arrive at the same time.,Transportation,Low,13,17,0,0,86
"Sometimes the bus arrives early, and if we miss it, the next one takes too long.",Transportation,Low,13,16,0,0,80
It would be better if there were more shelters at stops to protect from sun and rain.,Transportation,Low,13,17,0,0,85
"The journey is usually okay, but the noise inside the bus can be a bit irritating.",Transportation,Low,13,16,0,0,82
"I think the transport system works, but it could definitely be smoother and more organized.",Transportation,Low,13,15,0,0,91
"It feels really unsafe using shared roads and paths lately. Some cyclists ride straight through red lights or speed through pedestrian areas without slowing down, and it feels like they don’t care who they might hit.",Transportation,High,13,36,2,0,216
"People weave through pedestrians at high speed, especially near waterfront and crowded areas, and it honestly feels dangerous just walking there.",Transportation,High,13,21,2,0,145
"I’ve had cyclists pass way too close to me, even when there was plenty of space to overtake safely. It makes you feel like your safety doesn’t matter to them at all.",Transportation,High,13,32,2,0,165
"Some riders jump onto the footpath just to avoid stopping at lights, and pedestrians don’t expect bikes coming fast from behind. That’s a serious accident waiting to happen.",Transportation,High,13,28,2,0,173
"There are times when cyclists don’t slow down at pedestrian crossings, and you feel like you have to guess whether they’ll stop or not.",Transportation,High,13,24,2,0,135
"Busy shared paths are becoming stressful because some people ride like it’s a race, cutting others off just to get ahead for a few seconds.",Transportation,High,13,25,2,0,139
I’ve seen cyclists nearly hit pedestrians because they were going too fast in areas where people are walking.,Transportation,High,13,18,2,0,109
"Tailgating happens even on bike lanes. When someone rides right behind you with no space, it feels unsafe and pressuring.",Transportation,High,13,20,2,0,121
"Some riders ignore basic road rules, and when everyone starts doing their own thing, the whole road becomes unpredictable.",Transportation,High,13,19,2,0,122
"Poorly designed cycle lanes and pedestrian crossings make things worse. When infrastructure isn’t planned properly, people end up clashing with each other.",Transportation,High,13,22,2,0,155
"Traffic has been getting worse lately, and even short distances are taking much longer than they should, which makes it hard to plan my day properly.",Transportation,Medium,13,26,1,0,149
"There are times when the bus is late without any update, and it becomes frustrating because we don’t know whether to keep waiting or find another way.",Transportation,Medium,13,27,1,0,150
"Some drivers don’t follow proper lane discipline, and that makes the whole road feel disorganized and stressful to drive on.",Transportation,Medium,13,20,1,0,124
"Public transport gets too crowded during peak hours, and it becomes uncomfortable to travel, especially when you have to stand the whole way.",Transportation,Medium,13,23,1,0,141
"The signals in some areas are not timed well, so vehicles keep stopping again and again even when the road ahead is clear.",Transportation,Medium,13,23,1,0,122
"It’s difficult to rely on public transport when the timings keep changing, because it affects reaching college or work on time.",Transportation,Medium,13,21,1,0,127
"In busy areas, parked vehicles take up half the road, and it makes driving slow and frustrating for everyone.",Transportation,Medium,13,19,1,0,109
"Sometimes the bus skips stops when it is full, and then we are left waiting for the next one without knowing when it will come.",Transportation,Medium,13,25,1,0,127
"The condition of some roads is not good, and driving over uneven surfaces every day makes the journey tiring.",Transportation,Medium,13,19,1,0,109
"There are not enough buses on certain routes, so the ones that come are always overcrowded and uncomfortable to travel in.",Transportation,Medium,13,21,1,0,122
I was riding properly on the road and still had someone throw a cup full of ice at me from a passing car. That kind of behavior is dangerous and completely unacceptable.,Transportation,High,13,32,2,0,169
"Drivers sometimes throw things at cyclists, and even if they miss, it can still cause panic or make someone crash.",Transportation,High,13,20,2,0,114
I’ve had vehicles pass so close and so aggressively that it honestly felt like they were trying to scare me or force me off the road.,Transportation,High,13,26,2,0,133
"Some drivers deliberately intimidate cyclists by yelling abuse, throwing objects, or swerving close, and it makes riding feel unsafe.",Transportation,High,13,19,2,0,133
"There are places where cycling feels extremely dangerous because there are hardly any bike lanes, and you’re forced to share space with hostile traffic.",Transportation,High,13,24,2,0,152
"In some areas, cyclists have to cross massive multi-lane highways just to continue their route, which feels unsafe and badly planned.",Transportation,High,13,21,2,0,133
"Coal rolling, honking, aggressive overtaking, and deliberate harassment from drivers make cycling on public roads really stressful and dangerous.",Transportation,High,13,19,2,0,145
"Some drivers get irrationally angry if a cyclist delays them even for a few seconds, and they react in ways that put the cyclist at risk.",Transportation,High,13,26,2,0,137
"I’ve been forced onto the shoulder or squeezed dangerously by vehicles while riding, and it’s hard not to feel like some drivers genuinely want cyclists off the road.",Transportation,High,13,28,2,0,166
People yelling out of windows or trying to startle cyclists on purpose could easily cause someone to lose control and crash.,Transportation,High,13,21,2,0,124
"A lot of drivers seem to act like cyclists don’t belong on the road, even when the cyclist is following the rules properly.",Transportation,Medium,13,23,1,0,123
I’ve had drivers yell things like “get off the road” even when I was riding in a shoulder or as far over as possible.,Transportation,Medium,13,24,1,0,117
"Some people seem weirdly angry just seeing a cyclist on the road, as if the road belongs only to cars.",Transportation,Medium,13,20,1,0,102
"There’s a strong anti-cyclist attitude in some places, and it makes even normal road riding feel tense and uncomfortable.",Transportation,Medium,13,19,1,0,121
"Even when I move over to avoid slowing traffic, some drivers still act aggressively for no reason.",Transportation,Medium,13,17,1,0,98
"A lot of cyclists deal with verbal abuse from passing vehicles, and after a while it becomes exhausting.",Transportation,Medium,13,18,1,0,104
It’s frustrating how some drivers treat cyclists like an inconvenience instead of just another person trying to travel safely.,Transportation,Medium,13,19,1,0,126
Cycling on roads would feel a lot less stressful if drivers had more patience and basic respect.,Transportation,Medium,13,17,1,0,96
"In some places, car culture feels so toxic that people get personally offended by the presence of a bike on the road.",Transportation,Medium,13,22,1,0,117
It’s frustrating that defensive riding has to include assuming that some drivers might behave aggressively or unpredictably.,Transportation,Medium,13,17,1,0,124
"Even when nothing actually hits you, having things thrown near you while riding is still a really unpleasant experience.",Transportation,Low,13,19,0,0,120
It’s annoying that some drivers seem to think scaring cyclists is funny.,Transportation,Low,13,12,0,0,72
I’ve noticed that road cycling attracts random hostility in a way that other road use often doesn’t.,Transportation,Low,13,17,0,0,100
"Some people seem to hate cyclists for no real reason, and it makes the whole experience less enjoyable.",Transportation,Low,13,18,0,0,103
It’s frustrating that riding a bike for fitness or fun can still lead to people shouting abuse from cars.,Transportation,Low,13,19,0,0,105
"A lot of riders end up getting used to mild harassment, which says a lot about how normal this behavior has become.",Transportation,Low,13,22,0,0,115
"Some roads feel uncomfortable to ride on not because of the distance or surface, but because of how drivers behave around cyclists.",Transportation,Low,13,22,0,0,131
"It’s disappointing that in some places, cycling on the road feels like you have to expect hostility as part of the ride.",Transportation,Low,13,22,0,0,120
I don’t understand why simply riding a bike can trigger such rude behavior from strangers.,Transportation,Low,13,15,0,0,90
"It’s frustrating that cyclists often have to put extra effort into staying out of the way, and some drivers still react badly.",Transportation,Low,13,22,0,0,126
Boys are riding in the bike with more than two people and not wearing helmet as well,Transportation,High,13,17,2,0,84
Rash driving inside the campus,Transportation,Medium,13,5,1,0,30
"There are not enough buses on this route, so the ones that come are always crowded and uncomfortable, especially during busy hours.",Transportation,Medium,13,22,1,0,131
"In some places the road is too narrow because of parked vehicles, and it makes driving slow and stressful even when traffic is not heavy.",Transportation,Medium,13,25,1,0,137
"I feel like there are fewer computer labs now, and it’s not as easy as before to just walk in and use a system.",Infrastructure,Low,7,24,0,0,111
"Sometimes I only need a computer for a short task, but finding an available one takes longer than expected.",Infrastructure,Low,7,19,0,0,107
"The layout of computer areas in the library is a bit confusing, and it’s not always clear where students are allowed to use systems.",Infrastructure,Low,7,24,0,0,132
It would be better if there were more places on campus with public computers instead of keeping them in only a few buildings.,Infrastructure,Low,7,23,0,0,125
"The computer labs are there, but many students don’t know where they are located.",Infrastructure,Low,7,14,0,0,81
It would help if printing and computer access were included in tuition instead of charging separately.,Infrastructure,Low,7,16,0,0,102
"Some of the computer rooms feel empty or underused, while other areas are crowded.",Infrastructure,Low,7,14,0,0,82
"The campus has computers, but not always in the places where students actually need them.",Infrastructure,Low,7,15,0,0,89
"Sometimes the facilities work fine, but they don’t feel modern compared to other universities.",Infrastructure,Low,7,14,0,0,94
"The system works, but it could definitely be improved to make access easier for everyone.",Infrastructure,Low,7,15,0,0,89
"Sometimes the classrooms are fine, but the seating arrangement could be more comfortable for long lectures.",Infrastructure,Low,7,16,0,0,107
"The campus buildings are okay overall, but some areas feel a bit old and could use renovation.",Infrastructure,Low,7,17,0,0,94
"The lighting in a few classrooms is not very good, and it makes it hard to focus sometimes.",Infrastructure,Low,7,18,0,0,91
Some lecture halls feel too crowded even when the class size is not very big.,Infrastructure,Low,7,15,0,0,77
"The notice boards are not updated regularly, so it’s hard to find correct information.",Infrastructure,Low,7,14,0,0,86
Certain classrooms don’t have enough plug points for students who bring laptops.,Infrastructure,Low,7,12,0,0,80
"The fans work most of the time, but during hot days the room still feels uncomfortable.",Infrastructure,Low,7,16,0,0,87
"Some corridors are too narrow, and it becomes difficult to walk when many students are moving at once.",Infrastructure,Low,7,18,0,0,102
"The benches in some rooms are not in good condition, but they are still being used.",Infrastructure,Low,7,16,0,0,83
"The campus is clean, but a few corners are not maintained properly.",Infrastructure,Low,7,12,0,0,67
"Sometimes the projector works, but the display is not very clear.",Infrastructure,Low,7,11,0,0,65
"The building layout is confusing, and new students often struggle to find rooms.",Infrastructure,Low,7,13,0,0,80
Some classrooms feel too small for the number of students assigned to them.,Infrastructure,Low,7,13,0,0,75
"The drinking water points are available, but not always close to every block.",Infrastructure,Low,7,13,0,0,77
"The washrooms are usable, but they could be cleaned more frequently.",Infrastructure,Low,7,11,0,0,68
"A few doors and windows in classrooms don’t close properly, which can be distracting.",Infrastructure,Low,7,14,0,0,85
"The library infrastructure is good, but seating space fills up quickly during busy hours.",Library,Low,8,14,0,0,89
"Some labs are fine, but the equipment arrangement makes it hard to move around.",Infrastructure,Low,7,14,0,0,79
"The campus WiFi works in most places, but the signal is weak in certain rooms.",IT & Digital Services,Low,6,15,0,0,78
"Overall the infrastructure is okay, but small improvements would make the experience much better.",Infrastructure,Low,7,14,0,0,97
"There are not enough chairs in some lecture halls, and students end up having to stand for one or two hours during class, which is honestly unacceptable.",Infrastructure,Medium,7,27,1,0,153
"Some classrooms are so overcrowded that not everyone even gets a proper place to sit, and it makes attending lectures really uncomfortable.",Infrastructure,Medium,7,22,1,0,139
"The lecture halls are also very loud, and that makes it hard to focus properly during class.",Infrastructure,Medium,7,17,1,0,92
"Some university desks are ridiculously small and impractical. It is hard to even place basic materials like a notebook, pen, calculator, and papers properly.",Infrastructure,Medium,7,24,1,0,157
"The desk space in some lecture halls is so tiny that writing comfortably becomes difficult, especially during exams or long note-taking sessions.",Infrastructure,Medium,7,22,1,0,145
"These chair-desk combinations are poorly designed and uncomfortable, and they make it hard to sit and work properly for long periods.",Infrastructure,Medium,7,21,1,0,133
"Some classrooms do not have any proper left-handed desks, which makes things unnecessarily difficult for left-handed students.",Infrastructure,Medium,7,17,1,0,126
"There are not enough accessible seating options in some rooms, and it feels like only a very limited number of students can use the proper desks and tables.",Infrastructure,Medium,7,28,1,0,156
The furniture in some lecture halls is clearly chosen to fit as many students as possible rather than to make the room functional or comfortable.,Infrastructure,Medium,7,25,1,0,145
"Some classroom seating feels so cramped that even average students struggle to use it properly, which shows the furniture design itself is the problem.",Infrastructure,Medium,7,24,1,0,151
"There are cases where universities spend so much money overall but still fail to provide basic, usable desks and seating for students.",Infrastructure,Medium,7,22,1,0,134
"The writing surface on some classroom desks is so small that it does not even properly support a normal page, which makes it frustrating to use.",Infrastructure,Medium,7,26,1,0,144
"Some of the furniture seems to be selected based on cost-cutting rather than actual usability, and students are the ones who suffer because of it.",Infrastructure,Medium,7,25,1,0,146
"Certain desks are so awkwardly built that students have to twist or hunch their body just to write, which gets tiring very quickly.",Infrastructure,Medium,7,23,1,0,131
"There are classrooms where normal tables and chairs would clearly work better, but students are instead given uncomfortable compact desks for no good reason.",Infrastructure,Medium,7,24,1,0,157
Some university furniture just feels outdated and poorly thought out compared to what students actually need today.,Infrastructure,Low,7,17,0,0,115
"The classroom desk setup is inconvenient, and it makes simple things like taking notes more annoying than they should be.",Infrastructure,Low,7,20,0,0,121
It is frustrating when the desk design looks more decorative or space-saving than actually practical for studying.,Infrastructure,Low,7,17,0,0,114
Some seating arrangements in lecture halls are so cramped that they make classes less comfortable than they need to be.,Infrastructure,Low,7,20,0,0,119
"The infrastructure in some classrooms feels cheap, and it gives the impression that student comfort was never really considered.",Infrastructure,Low,7,19,0,0,128
A few lecture halls would be much better if they just used regular desks and chairs instead of these attached desk seats.,Infrastructure,Low,7,22,0,0,121
The condition and design of some desks make it feel like they were never tested properly before being installed.,Infrastructure,Low,7,19,0,0,112
It is annoying that basic classroom furniture can still be this inconvenient in a university setting.,Infrastructure,Low,7,16,0,0,101
Some classroom setups feel more focused on packing people in than creating a proper learning environment.,Infrastructure,Low,7,16,0,0,105
"The furniture works in the most basic sense, but it definitely does not make studying easy or comfortable.",Infrastructure,Low,7,18,0,0,106
Some of the desks in the lecture halls are so small that it’s hard to even fit a notebook and pen comfortably.,Infrastructure,Low,7,22,0,0,110
I honestly never understood why universities use those tiny attached desks instead of just normal tables and chairs.,Infrastructure,Low,7,18,0,0,116
Trying to write detailed answers on those little desks makes your hand cramp after a while.,Infrastructure,Low,7,16,0,0,91
"During exams it’s really hard to manage all the papers, calculator, and answer sheets on such a small desk.",Infrastructure,Low,7,19,0,0,107
"Those chair-desk combinations are really uncomfortable, even for people who are not that big.",Infrastructure,Low,7,14,0,0,93
The writing surface is so small that your paper keeps sliding off while you’re trying to take notes.,Infrastructure,Low,7,18,0,0,100
Some of the classroom furniture feels poorly designed and not really meant for long lectures.,Infrastructure,Low,7,15,0,0,93
It feels like the desks were designed just to fit more students in the room rather than for comfort.,Infrastructure,Low,7,19,0,0,100
Even basic things like placing a notebook and water bottle on the desk becomes difficult.,Infrastructure,Low,7,15,0,0,89
The desk space is so limited that you constantly have to adjust your things while writing.,Infrastructure,Low,7,16,0,0,90
The furniture design makes it awkward to sit and write properly for an entire lecture.,Infrastructure,Low,7,15,0,0,86
Some desks feel more like a small armrest than an actual workspace.,Infrastructure,Low,7,12,0,0,67
You can barely place your materials properly on the desk without worrying something will fall.,Infrastructure,Low,7,15,0,0,94
The seating design forces you to twist your body slightly just to write comfortably.,Infrastructure,Low,7,14,0,0,84
Even average sized students struggle to use these desks properly.,Infrastructure,Low,7,10,0,0,65
The desk space is barely enough for a single sheet of paper.,Infrastructure,Low,7,12,0,0,60
It feels like these desks were chosen because they were cheaper rather than because they work well.,Infrastructure,Low,7,17,0,0,99
The setup makes note-taking harder than it should be during lectures.,Infrastructure,Low,7,11,0,0,69
Trying to balance multiple papers on those desks during tests is really frustrating.,Infrastructure,Low,7,13,0,0,84
Sometimes the furniture just feels impractical for a place where students are expected to write and study.,Infrastructure,Low,7,17,0,0,106
"There aren’t enough chairs in some lecture halls, so a few students have to stand for the entire class, which makes it really hard to concentrate.",Infrastructure,Medium,7,26,1,0,146
"Some lecture halls feel overcrowded, and the seating arrangement doesn’t seem to match the number of students attending the class.",Infrastructure,Medium,7,20,1,0,130
"The desks in certain classrooms are extremely small, and it becomes difficult to keep notebooks, papers, and other materials properly while writing.",Infrastructure,Medium,7,22,1,0,148
"There are very few left-handed desks available, and when those are taken, it becomes uncomfortable for left-handed students to write during lectures.",Infrastructure,Medium,7,22,1,0,149
"Some classrooms only have a limited number of proper tables, and the rest of the students have to use the small attached desks which are not practical.",Infrastructure,Medium,7,27,1,0,151
"The furniture in some lecture halls looks like it was chosen just to fit more students in the room, not to make the space comfortable for studying.",Infrastructure,Medium,7,27,1,0,147
Students are being told to pay for their own mobile hotspots even though some of them cannot afford that extra expense at all.,IT & Digital Services,High,6,23,2,0,126
"Some students live in areas where there is no proper cell signal, so even hotspot-based solutions will not work for them.",IT & Digital Services,High,6,21,2,0,121
"The administration is assuming that every student can simply find internet somewhere, without understanding that reliable internet access is not available to everyone.",IT & Digital Services,High,6,23,2,0,167
Students without home internet are being pushed toward unsafe or impractical solutions like going to public places just to get online.,IT & Digital Services,High,6,21,2,0,134
"Libraries and campus spaces that usually provide internet access are closed, so students have lost one of their only dependable ways to connect.",IT & Digital Services,High,6,23,2,0,144
"Some students do not even have a computer at home, so internet access alone does not solve their digital access problems.",IT & Digital Services,High,6,21,2,0,121
"Online classes require stable internet all the time, but many students do not have a reliable connection at home.",IT & Digital Services,High,6,19,2,0,113
Online learning plans are being made without considering that some students do not have a proper environment at home for studying.,IT & Digital Services,High,6,21,2,0,130
"Some students are falling behind because they cannot regularly access online classes, materials, or exams.",IT & Digital Services,High,6,15,2,0,106
Students with poor digital access may lose their chance to continue their education properly because of these limitations.,IT & Digital Services,High,6,18,2,0,122
Internet access is being treated as a personal responsibility instead of a basic requirement for online learning.,IT & Digital Services,High,6,17,2,0,113
Students are expected to complete everything online even when their living conditions make internet use difficult.,IT & Digital Services,High,6,16,2,0,114
Students who depend on campus Wi-Fi or college facilities are left without options when campuses close suddenly.,IT & Digital Services,High,6,17,2,0,112
"The IT support response felt insensitive and unrealistic, showing little understanding of students from low-income backgrounds.",IT & Digital Services,Medium,6,16,1,0,127
Administrators assume that owning a smartphone means a student can easily complete all academic work online.,IT & Digital Services,Medium,6,16,1,0,108
"Doing assignments, exams, and classes on a phone is not practical for many subjects, but students are still expected to manage.",IT & Digital Services,Medium,6,21,1,0,127
"Some staff suggest using mobile apps as a backup, but this still assumes students have compatible devices.",IT & Digital Services,Medium,6,17,1,0,106
"Not every student owns a smartphone, and some only have basic phones that cannot support online learning.",IT & Digital Services,Medium,6,17,1,0,105
Digital solutions are suggested without checking whether students actually have the required devices or connectivity.,IT & Digital Services,Medium,6,15,1,0,117
Emergency financial or technical support is difficult to access when the campus itself is closed.,IT & Digital Services,Medium,6,15,1,0,97
"Students are told to contact internet providers for discounts, but that does not help those living in areas with poor service.",IT & Digital Services,Medium,6,21,1,0,126
Decisions are made based on statistics like smartphone ownership without understanding real usage difficulties.,IT & Digital Services,Medium,6,14,1,0,111
The sudden shift to online learning exposed how little planning existed for students facing digital access problems.,IT & Digital Services,Medium,6,17,1,0,116
Technology-based teaching methods are chosen without reducing the technical burden on students.,IT & Digital Services,Medium,6,12,1,0,95
Students who depend on public internet lose access completely when community services shut down.,IT & Digital Services,Medium,6,14,1,0,96
Advice given to students about internet access often does not match their real living conditions.,IT & Digital Services,Medium,6,15,1,0,97
"Some suggested internet alternatives, like using public Wi-Fi outside shops or restaurants, are unreliable.",IT & Digital Services,Low,6,14,0,0,107
Public Wi-Fi options are not available everywhere and may not be safe or stable for academic work.,IT & Digital Services,Low,6,17,0,0,98
"Discounted internet plans help some students, but they still do not solve the problem for everyone.",IT & Digital Services,Low,6,16,0,0,99
"Mobile apps can help in emergencies, but they are not a proper replacement for laptops or computers.",IT & Digital Services,Low,6,17,0,0,100
Alternative digital arrangements are being discussed only after students already face problems.,IT & Digital Services,Low,6,12,0,0,95
Communication about digital support from the institution is unclear and sometimes confusing.,IT & Digital Services,Low,6,12,0,0,92
Temporary solutions depend too much on students figuring everything out themselves.,IT & Digital Services,Low,6,11,0,0,83
"The move to online learning made inequality in digital access more visible, but the response has been slow.",IT & Digital Services,Low,6,18,0,0,107
Some fixes suggested by staff sound good in theory but do not work in real situations.,IT & Digital Services,Low,6,16,0,0,86
Students feel that the institution underestimates how difficult it is to study without proper internet and devices.,IT & Digital Services,Low,6,17,0,0,115
Phones and social media are so addictive that they are seriously damaging students’ attention span and ability to focus for even short periods of time.,IT & Digital Services,High,6,25,2,0,151
"Students are becoming heavily dependent on smartphones, and that dependence is interfering with their learning, memory, and academic performance.",IT & Digital Services,High,6,19,2,0,145
"The constant presence of phones is making it much harder for students to stay engaged during class, complete work properly, and absorb what they are being taught.",IT & Digital Services,High,6,27,2,0,162
"Social media and short-form video apps are training students to expect constant stimulation, which makes normal classroom learning feel slow and difficult.",IT & Digital Services,High,6,22,2,0,155
"Many students are so distracted by their devices that they cannot stay focused on lessons, assignments, or reading for a meaningful amount of time.",IT & Digital Services,High,6,24,2,0,147
"Students are using phones during class even in schools with strict no-phone policies, which shows how serious the addiction and distraction problem has become.",IT & Digital Services,High,6,24,2,0,159
Easy access to phones and the internet is making cheating much more common and much easier for students to get away with.,IT & Digital Services,High,6,22,2,0,121
"Students are relying too much on technology for answers, spelling, writing, and basic thinking, which is weakening their core academic skills.",IT & Digital Services,High,6,21,2,0,142
"Some students struggle to read full books or longer materials because their attention has been shaped by scrolling, short clips, and constant digital interruptions.",IT & Digital Services,High,6,24,2,0,164
"Phones and social media are reducing students’ ability to think critically, reflect deeply, and stay patient with tasks that take time.",IT & Digital Services,High,6,21,2,0,135
"Students are becoming so dependent on instant access to information that they are putting less effort into remembering, understanding, or retaining knowledge themselves.",IT & Digital Services,High,6,23,2,0,169
The school-issued devices and open internet access are making it too easy for students to leave schoolwork and get pulled into YouTube or other distractions instead.,IT & Digital Services,High,6,26,2,0,165
"Students are being exposed to highly addictive digital environments from a very early age, and it is affecting their concentration, self-control, and learning habits.",IT & Digital Services,High,6,24,2,0,166
"Parents and schools are not placing enough boundaries around phone use, so students are developing unhealthy screen habits that spill directly into academics.",IT & Digital Services,High,6,23,2,0,158
"The digital environment is harming not only younger students but older students and adults too, with noticeable decline in memory, focus, and comprehension.",IT & Digital Services,High,6,23,2,0,156
"Many students are so used to instant entertainment on their phones that they struggle with boredom, patience, and sustained academic effort.",IT & Digital Services,High,6,21,2,0,140
"Phones are making it difficult for students to regulate themselves, because every few minutes there is another urge to check notifications, scroll, or switch attention.",IT & Digital Services,High,6,25,2,0,168
"The use of social media and phones has made it harder for students to develop strong reading, writing, and information-processing skills.",IT & Digital Services,High,6,21,2,0,137
Students are becoming more dependent on technology while becoming less capable of doing academic tasks independently without digital support.,IT & Digital Services,High,6,19,2,0,141
The always-available nature of phones is creating a constant distraction that competes directly with learning throughout the school day.,IT & Digital Services,High,6,19,2,0,136
"Students are relying too much on autocorrect, speech-to-text, and digital shortcuts, which is weakening spelling, writing, and typing skills.",IT & Digital Services,Medium,6,19,1,0,141
"Many students have weak digital literacy even though they spend a lot of time on devices, including poor typing, weak Microsoft Office skills, and limited ability to use computers productively.",IT & Digital Services,Medium,6,30,1,0,193
Students often know how to use entertainment apps but lack practical technology skills needed for school or work.,IT & Digital Services,Medium,6,18,1,0,113
"Information verification has become a real problem, with some students trusting social media content more than proper academic or scientific sources.",IT & Digital Services,Medium,6,21,1,0,149
Students are getting used to looking up everything instantly online instead of learning how to retain facts or think through problems on their own.,IT & Digital Services,Medium,6,24,1,0,147
"Phones and digital tools are replacing memory and recall, which may be contributing to weaker retention and more shallow learning overall.",IT & Digital Services,Medium,6,21,1,0,138
"Students struggle to separate school use from entertainment use when working on laptops, tablets, or phones.",IT & Digital Services,Medium,6,16,1,0,108
"School devices and digital platforms often allow too many distractions, making it harder for students to stay on task without direct supervision.",IT & Digital Services,Medium,6,22,1,0,145
"Some schools cannot properly restrict distracting content like YouTube because teachers also use those same platforms, which creates a gap in digital control.",IT & Digital Services,Medium,6,23,1,0,158
"Parents are texting and calling students during the school day, which adds to distraction and makes it harder for schools to enforce boundaries.",IT & Digital Services,Medium,6,23,1,0,144
"Students are becoming used to constant background noise, videos, or digital stimulation while working, which reduces their ability to concentrate in a normal learning setting.",IT & Digital Services,Medium,6,25,1,0,175
"The education system has not adapted well to modern technology, so students are caught between outdated teaching methods and highly distracting digital realities.",IT & Digital Services,Medium,6,23,1,0,162
"Technology is being blamed as the only issue in some discussions, while schools fail to address related problems like poor digital discipline, weak controls, and lack of digital responsibility.",IT & Digital Services,Medium,6,29,1,0,193
"Students can use devices constantly, but they are not always being taught how to use technology in a healthy, purposeful, and academically useful way.",IT & Digital Services,Medium,6,24,1,0,150
"Some children are being given phones or tablets too early, and that early exposure is making them less interested in offline activities and self-directed learning.",IT & Digital Services,Medium,6,25,1,0,163
The line between useful academic technology and harmful distraction is not being managed well enough by schools or families.,IT & Digital Services,Medium,6,19,1,0,124
"Digital distractions are also affecting students outside the classroom, which reduces homework quality, reading time, and independent study habits.",IT & Digital Services,Medium,6,19,1,0,147
"Students are becoming more comfortable with quick answers and fast content, which is reducing persistence for difficult tasks that require effort and time.",IT & Digital Services,Medium,6,23,1,0,155
"There is concern that technology use is making students less able to function without a device nearby, even for simple tasks.",IT & Digital Services,Medium,6,21,1,0,125
"Heavy digital use may be contributing to a broader decline in comprehension, memory, and mental sharpness across age groups, not just among children.",IT & Digital Services,Medium,6,23,1,0,149
Some students are losing basic non-digital skills because they depend too much on phones and digital tools for everyday functions.,IT & Digital Services,Low,6,20,0,0,130
"Because phones are always available, students are less likely to practice remembering things, spelling independently, or working things out without help.",IT & Digital Services,Low,6,21,0,0,153
Digital entertainment has become so normal that many students see school tasks as less rewarding and less worth the effort.,IT & Digital Services,Low,6,20,0,0,123
"Students sometimes turn to phones during class simply out of habit, even when they are not using them for anything important.",IT & Digital Services,Low,6,21,0,0,125
"The constant use of devices is making it harder for students to disconnect, slow down, and give full attention to one task at a time.",IT & Digital Services,Low,6,25,0,0,133
There is a growing feeling that students are more comfortable consuming content than producing thoughtful work themselves.,IT & Digital Services,Low,6,17,0,0,122
"Students are often more confident using social apps than using academic software or productivity tools, which creates a mismatch in their digital ability.",IT & Digital Services,Low,6,23,0,0,154
"Technology is making distraction easier than before, because entertainment is now always in a student’s pocket instead of being separate from school.",IT & Digital Services,Low,6,22,0,0,149
"Some adults also feel they have become too dependent on smartphones for work, communication, and daily functioning, which reflects a wider digital services problem.",IT & Digital Services,Low,6,24,0,0,164
"People are increasingly worried that digital habits are affecting memory, patience, and concentration even outside formal education.",IT & Digital Services,Low,6,17,0,0,132
"The convenience of technology is reducing the need for students to practice slow, effortful learning in the way earlier generations had to.",IT & Digital Services,Low,6,22,0,0,139
"There is concern that students are spending so much time on screens that they are missing out on imagination, reflection, and deeper engagement with learning.",IT & Digital Services,Low,6,25,0,0,158
"Digital services are so embedded in daily life that it has become difficult for students and adults alike to escape constant notifications, interruptions, and mental overload.",IT & Digital Services,Low,6,26,0,0,175
"Some students appear more comfortable scrolling, watching, or reacting than reading carefully, writing clearly, or thinking independently.",IT & Digital Services,Low,6,17,0,0,138
The overall digital environment feels designed more to capture attention than to support healthy learning habits.,IT & Digital Services,Low,6,16,0,0,113
"I cannot access my school materials properly because the campus Wi-Fi keeps disconnecting, and this makes it very hard to complete my online coursework.",IT & Digital Services,High,6,24,2,0,152
The internet on campus is so unreliable that I am paying high tuition but still cannot study properly when I am there.,IT & Digital Services,High,6,22,2,0,118
"Most of my curriculum is online, but the network problems make it impossible to attend classes, download files, or submit work on time.",IT & Digital Services,High,6,23,2,0,135
"The Wi-Fi speed is extremely slow and unstable, and even basic academic tasks take a very long time to finish.",IT & Digital Services,High,6,20,2,0,110
"Frequent disconnections force me to restart my work again and again, which wastes time and affects my academic performance.",IT & Digital Services,High,6,19,2,0,123
"Many students are facing the same problem, and the feedback about the Wi-Fi reliability on campus has been mostly negative.",IT & Digital Services,High,6,20,2,0,123
"The network issues have been going on for weeks, but nothing has improved even after reporting the problem to IT support.",IT & Digital Services,High,6,21,2,0,121
"Without proper internet access on campus, students who depend on online learning cannot continue their studies normally.",IT & Digital Services,High,6,17,2,0,120
"Students are expected to complete assignments and attend online classes, but the campus network cannot support the workload.",IT & Digital Services,High,6,18,2,0,124
"Because the internet keeps failing, I cannot access learning portals, upload assignments, or open required materials when I need them.",IT & Digital Services,High,6,20,2,0,134
"The institution charges high fees, but basic digital infrastructure like Wi-Fi is not working properly, which feels very unfair to students.",IT & Digital Services,High,6,21,2,0,140
"When the network does not work, students have to depend on mobile data, which is expensive and not affordable for everyone.",IT & Digital Services,High,6,21,2,0,123
"Some students cannot use hotspot or mobile data plans, so the campus Wi-Fi is their only option, and when it fails they have no alternative.",IT & Digital Services,High,6,25,2,0,140
"Even after raising complaints multiple times, the problem is still not fixed, and students feel like the issue is not being taken seriously.",IT & Digital Services,High,6,23,2,0,140
"Poor internet connectivity is directly affecting academic performance, especially for courses that require constant online access.",IT & Digital Services,High,6,16,2,0,130
"The campus network seems outdated or unable to handle the number of users, which causes slow speed and connection failures.",IT & Digital Services,High,6,20,2,0,123
"Students cannot rely on the campus internet for exams, assignments, or research, which creates stress and frustration.",IT & Digital Services,High,6,17,2,0,118
"When the Wi-Fi stops working, I cannot even open basic study materials, which makes it impossible to keep up with classes.",IT & Digital Services,High,6,21,2,0,122
"The digital infrastructure should support learning, but instead it is becoming a major obstacle to studying.",IT & Digital Services,High,6,16,2,0,108
"Students who live off campus depend on campus Wi-Fi, so when it does not work, they lose their only stable internet access.",IT & Digital Services,High,6,22,2,0,123
"IT support says they are working on the problem, but there are no clear updates about when the network will actually be fixed.",IT & Digital Services,Medium,6,23,1,0,126
"Students do not know whether the issue is with the system, the equipment, or the internet provider, which makes it frustrating.",IT & Digital Services,Medium,6,21,1,0,127
"Sometimes the connection works in one area but fails in another, so students have to keep moving around just to get internet access.",IT & Digital Services,Medium,6,23,1,0,132
"The network becomes very slow when many students connect at the same time, especially during class hours.",IT & Digital Services,Medium,6,17,1,0,105
"Some buildings on campus have weaker Wi-Fi signal compared to others, which makes studying in those areas difficult.",IT & Digital Services,Medium,6,18,1,0,116
"The internet connection is not strong enough to support video lectures, online meetings, or large downloads.",IT & Digital Services,Medium,6,16,1,0,108
Students have to run speed tests or try different devices just to check if the network is working properly.,IT & Digital Services,Medium,6,19,1,0,107
"The Wi-Fi system may be using old equipment or poor configuration, which could be the reason for frequent problems.",IT & Digital Services,Medium,6,19,1,0,115
"Sometimes the issue may be due to too many devices connected at once, but students are not informed about the limitations.",IT & Digital Services,Medium,6,21,1,0,122
"Network problems take a long time to fix, especially if the institution does not provide enough budget or technical support.",IT & Digital Services,Medium,6,20,1,0,124
Students feel that digital infrastructure is not treated as a priority even though most learning now depends on it.,IT & Digital Services,Medium,6,19,1,0,115
"When the internet is slow, even simple tasks like opening PDFs or uploading files become frustrating.",IT & Digital Services,Medium,6,16,1,0,101
"Students often do not know whom to contact when Wi-Fi problems happen, because communication from the administration is unclear.",IT & Digital Services,Medium,6,19,1,0,128
"If the connection fails during important work, students have to rely on personal data plans, which adds extra cost.",IT & Digital Services,Medium,6,19,1,0,115
"Some students try to use hotspots, but not everyone has a plan that supports it.",IT & Digital Services,Medium,6,15,1,0,80
The network sometimes works for browsing but fails when using learning platforms or school portals.,IT & Digital Services,Medium,6,15,1,0,99
"Students expect stable internet on campus, but the experience is inconsistent from day to day.",IT & Digital Services,Medium,6,15,1,0,94
"IT staff may be working on the issue, but students still suffer because the problem takes too long to resolve.",IT & Digital Services,Medium,6,20,1,0,110
"The system may not have been upgraded for a long time, which is why it cannot handle current academic needs.",IT & Digital Services,Medium,6,20,1,0,108
"Students feel that online learning is increasing, but the campus network is not improving at the same speed.",IT & Digital Services,Medium,6,18,1,0,108
"Sometimes the Wi-Fi signal is available but very weak, so pages take a long time to load.",IT & Digital Services,Low,6,17,0,0,89
Students often have to reconnect to the network multiple times before it starts working.,IT & Digital Services,Low,6,14,0,0,88
The internet may work for a while and then suddenly stop without any warning.,IT & Digital Services,Low,6,14,0,0,77
"Certain areas on campus have better connectivity than others, so students try to find spots where the signal is stronger.",IT & Digital Services,Low,6,20,0,0,121
"When the network is slow, students prefer using mobile data even though it costs more.",IT & Digital Services,Low,6,15,0,0,86
Some students feel the Wi-Fi works fine for light browsing but not for serious academic work.,IT & Digital Services,Low,6,16,0,0,93
The login or connection process for campus Wi-Fi can sometimes be confusing or fail repeatedly.,IT & Digital Services,Low,6,15,0,0,95
Students expect better internet service because most assignments are now submitted online.,IT & Digital Services,Low,6,12,0,0,90
"Even when the problem is small, repeated network issues make studying more stressful.",IT & Digital Services,Low,6,13,0,0,85
Students lose time waiting for files to download or upload because of slow speed.,IT & Digital Services,Low,6,14,0,0,81
"Sometimes the internet disconnects in the middle of work, and the progress is lost.",IT & Digital Services,Low,6,14,0,0,83
"The network is usable at times, but it is not reliable enough to depend on every day.",IT & Digital Services,Low,6,17,0,0,85
Students feel that digital services should be more stable since technology is a major part of education now.,IT & Digital Services,Low,6,18,0,0,108
"When the Wi-Fi is not working properly, students become less motivated to stay on campus to study.",IT & Digital Services,Low,6,17,0,0,98
"Many students think the internet should be one of the most reliable services in a college, but it often feels like the opposite.",IT & Digital Services,Low,6,23,0,0,128
"Sometimes the Wi-Fi connects but the speed is so slow that even opening simple websites takes a long time, which makes studying frustrating.",IT & Digital Services,Low,6,23,0,0,140
"The internet works fine at certain times of the day, but during busy hours it becomes very weak and difficult to use.",IT & Digital Services,Low,6,22,0,0,117
Students often need to reconnect to the network multiple times before getting a stable connection.,IT & Digital Services,Low,6,15,0,0,98
"The signal strength changes depending on where you sit on campus, so students keep moving to find a better spot.",IT & Digital Services,Low,6,20,0,0,112
"Even when the network is available, loading learning portals or email takes longer than expected.",IT & Digital Services,Low,6,15,0,0,97
"The login page for campus Wi-Fi sometimes does not open properly, so connecting becomes confusing.",IT & Digital Services,Low,6,15,0,0,98
"Some classrooms have weaker internet compared to common areas, which makes it hard to use online materials during lectures.",IT & Digital Services,Low,6,19,0,0,123
Students sometimes switch to mobile data because the campus Wi-Fi feels too slow for regular use.,IT & Digital Services,Low,6,16,0,0,97
"The internet connection may suddenly drop in the middle of browsing, even when the signal shows full strength.",IT & Digital Services,Low,6,18,0,0,110
"At times the Wi-Fi works for basic browsing but struggles when opening videos, PDFs, or online lecture platforms.",IT & Digital Services,Low,6,18,0,0,113
Students lose time waiting for files to upload or download because the connection speed is inconsistent.,IT & Digital Services,Low,6,16,0,0,104
"The network occasionally asks for login again and again, which interrupts work.",IT & Digital Services,Low,6,12,0,0,79
"Some websites load normally while others take too long, which makes it difficult to finish tasks quickly.",IT & Digital Services,Low,6,17,0,0,105
The Wi-Fi signal inside certain buildings feels weaker compared to outdoor areas or open spaces.,IT & Digital Services,Low,6,15,0,0,96
"Students feel the internet is usable, but not reliable enough to depend on for long study sessions.",IT & Digital Services,Low,6,17,0,0,99
Sometimes the connection becomes slow when many students are using the network at the same time.,IT & Digital Services,Low,6,16,0,0,96
Even small network delays become annoying when assignments have to be submitted online.,IT & Digital Services,Low,6,13,0,0,87
Students feel distracted when they have to keep checking whether the internet is working instead of focusing on studying.,IT & Digital Services,Low,6,19,0,0,121
The Wi-Fi may work fine one day and become slow the next day without any clear reason.,IT & Digital Services,Low,6,17,0,0,86
"When the internet is unstable, students prefer to finish work at home instead of staying on campus.",IT & Digital Services,Low,6,17,0,0,99
Some students feel that the network is good enough for casual use but not strong enough for serious academic work.,IT & Digital Services,Low,6,20,0,0,114
It takes longer to access online resources compared to using a normal home internet connection.,IT & Digital Services,Low,6,15,0,0,95
Students expect faster internet because most learning materials are digital now.,IT & Digital Services,Low,6,11,0,0,80
The Wi-Fi sometimes shows connected but still does not allow pages to load properly.,IT & Digital Services,Low,6,14,0,0,84
Repeated small connection issues make studying more tiring than it should be.,IT & Digital Services,Low,6,12,0,0,77
Students feel that digital services should be smoother since technology is a major part of education now.,IT & Digital Services,Low,6,17,0,0,105
"The network problems are not always serious, but they happen often enough to be annoying.",IT & Digital Services,Low,6,15,0,0,89
"Sometimes the connection improves after waiting, but the delay wastes time during study hours.",IT & Digital Services,Low,6,14,0,0,94
Students feel that better internet would make campus study spaces more comfortable to use.,IT & Digital Services,Low,6,14,0,0,90
"Even when the Wi-Fi works, the overall experience feels slower than what students expect from a college network.",IT & Digital Services,Low,6,18,0,0,112
"The campus Wi-Fi works, but the speed drops a lot when many students are connected at the same time, making it hard to attend online classes smoothly.",IT & Digital Services,Medium,6,27,1,0,150
"Sometimes the learning portal does not load properly on the campus network, even though other websites work normally.",IT & Digital Services,Medium,6,18,1,0,117
"Students are required to submit assignments online, but the internet speed is not always good enough to upload files without delay.",IT & Digital Services,Medium,6,21,1,0,131
"The Wi-Fi coverage is not equal across campus, and some study areas have very weak connectivity compared to others.",IT & Digital Services,Medium,6,19,1,0,115
"During online exams or quizzes, unstable internet makes students worried that their answers may not be submitted correctly.",IT & Digital Services,Medium,6,18,1,0,123
"The network often becomes slow during peak hours, especially when multiple classes are using online resources at the same time.",IT & Digital Services,Medium,6,20,1,0,127
"Students sometimes have to wait a long time for software updates, downloads, or course materials because of limited bandwidth.",IT & Digital Services,Medium,6,19,1,0,126
"The campus internet blocks or restricts some useful websites, which makes it harder to access study resources.",IT & Digital Services,Medium,6,17,1,0,110
"There are times when the network works on phones but not on laptops, which makes it difficult to complete academic work.",IT & Digital Services,Medium,6,21,1,0,120
Students who rely on cloud storage or online tools face problems when the connection keeps interrupting.,IT & Digital Services,Medium,6,16,1,0,104
"The Wi-Fi requires frequent login or authentication, which interrupts work when students are trying to focus.",IT & Digital Services,Medium,6,16,1,0,109
"In some labs or classrooms, the internet is too slow to run required academic software properly.",IT & Digital Services,Medium,6,16,1,0,96
"When the connection becomes unstable, video lectures freeze or lag, making it difficult to follow the lesson.",IT & Digital Services,Medium,6,17,1,0,109
Students feel that the network capacity has not been upgraded even though more courses now depend on online platforms.,IT & Digital Services,Medium,6,19,1,0,118
"The internet usually works for simple tasks, but struggles when multiple tabs, downloads, or online tools are used together.",IT & Digital Services,Medium,6,19,1,0,124
"Students are being marked absent on AMI or online instruction days simply because they cannot get online from home, even when the issue is lack of internet access or an unreliable connection.",IT & Digital Services,High,6,32,2,0,191
"Some students do not have home internet at all, but the school still expects full online attendance without giving them a workable alternative.",IT & Digital Services,High,6,23,2,0,143
"Families who cannot afford internet service are still being held to the same online attendance rules, which puts low-income students at a serious disadvantage.",IT & Digital Services,High,6,24,2,0,159
"Students with bad or unstable internet are being penalized for something they cannot control, even though they are still trying to keep up with school.",IT & Digital Services,High,6,25,2,0,151
"Too many online absences can lead to very serious consequences, including failing classes or being blocked from graduation, even when the real issue is lack of internet access.",IT & Digital Services,High,6,28,2,0,176
Schools are giving students laptops or Chromebooks but not making sure those students actually have internet access to use them for schoolwork.,IT & Digital Services,High,6,22,2,0,143
Some districts require students to stay on Zoom or attend live online classes even when not every family can afford a stable internet connection.,IT & Digital Services,High,6,24,2,0,145
"Students who live in areas with weak service or poor infrastructure are struggling to join classes, and the school still treats it like a normal attendance problem.",IT & Digital Services,High,6,27,2,0,164
Hotspots are not being offered in some districts even though many students clearly need them to participate in online instruction.,IT & Digital Services,High,6,20,2,0,130
"When families bring up internet access problems, the response from the school is often just that attendance is still mandatory, without offering any practical support.",IT & Digital Services,High,6,25,2,0,167
"Students can be marked absent even when they are trying to attend online classes, but their internet fails or does not support video-based learning properly.",IT & Digital Services,High,6,25,2,0,157
"Online attendance systems are creating a situation where students may face punishment for poverty, poor service, or technical limitations at home.",IT & Digital Services,High,6,21,2,0,146
Some teachers are treating internet-related access problems as student noncompliance instead of recognizing them as digital access barriers.,IT & Digital Services,High,6,18,2,0,140
Students are being expected to meet online learning requirements without the school providing the basic digital conditions needed to do so.,IT & Digital Services,High,6,21,2,0,139
"The lack of internet access is directly interfering with attendance, coursework, class participation, and students’ ability to stay on track academically.",IT & Digital Services,High,6,21,2,0,154
"Some teachers are marking students absent if their home environment is not quiet enough, even though students cannot always control noise at home.",IT & Digital Services,Medium,6,23,1,0,146
"Students are being judged during online classes based on their surroundings, which unfairly penalizes those who do not have a private or quiet study space.",IT & Digital Services,Medium,6,25,1,0,155
"Schools seem to assume that giving a student a device is enough, while ignoring the separate problem of whether that student has internet service to use it.",IT & Digital Services,Medium,6,27,1,0,156
"Families are not being clearly told whether hotspots, public access points, or any internet assistance options are available through the district.",IT & Digital Services,Medium,6,21,1,0,146
"In some places, internet support may exist but is not being communicated well, so families do not know what help they can ask for.",IT & Digital Services,Medium,6,24,1,0,130
"Some schools expect students to stay online for long periods, even though home internet plans may not be strong enough for continuous video classes.",IT & Digital Services,Medium,6,24,1,0,148
"Affordable internet programs exist in some areas, but they may take too long to process or have restrictions that keep struggling families from using them.",IT & Digital Services,Medium,6,25,1,0,155
"Some low-cost internet plans are not accessible to families who already owe money to a provider, which makes the support useless for the people who need it most.",IT & Digital Services,Medium,6,28,1,0,161
"Students in districts without hotspot programs are clearly worse off than students in districts that provide internet support, creating unequal access to education.",IT & Digital Services,Medium,6,23,1,0,164
"Teachers do not always understand how slow devices, weak internet, or repeated connection failures affect students trying to join class on time.",IT & Digital Services,Medium,6,22,1,0,144
"Some school-issued devices take too long to load or reconnect, which causes students to miss parts of class and then get blamed for lateness.",IT & Digital Services,Medium,6,24,1,0,141
Students with unavoidable home distractions are still expected to perform as if they are learning in a normal classroom environment.,IT & Digital Services,Medium,6,20,1,0,132
"The school’s digital learning plan depends heavily on internet access, but the support for students without internet is inconsistent or missing.",IT & Digital Services,Medium,6,21,1,0,144
Families are left to figure out internet access on their own even though online participation is being treated as mandatory by the school.,IT & Digital Services,Medium,6,23,1,0,138
"There is poor coordination between providing devices and providing actual digital access, so students receive part of what they need but not the full support.",IT & Digital Services,Medium,6,25,1,0,158
"Some students have internet access, but it is too limited or too slow to handle long Zoom sessions or multiple school tasks in one day.",IT & Digital Services,Low,6,25,0,0,135
Using school platforms from home can be frustrating when devices take several minutes just to load before the next class begins.,IT & Digital Services,Low,6,21,0,0,128
Students sometimes get disconnected from online meetings because of weak internet and then have to spend extra time trying to rejoin.,IT & Digital Services,Low,6,21,0,0,133
"Video-based online classes use a lot of data, which can be difficult for families relying on mobile data or limited internet plans.",IT & Digital Services,Low,6,22,0,0,131
Students in homes with several people sharing one connection may find that the internet becomes too slow during school hours.,IT & Digital Services,Low,6,20,0,0,125
"Some teachers do not seem to understand that losing audio, freezing, or dropping from a call can simply be an internet issue.",IT & Digital Services,Low,6,22,0,0,125
Students who rely on mobile data instead of home Wi-Fi may run out of data quickly when classes require live meetings or large downloads.,IT & Digital Services,Low,6,24,0,0,137
"Some families are aware that other districts provide hotspots, which makes the lack of similar support in their own district feel even more unfair.",IT & Digital Services,Low,6,24,0,0,147
Public Wi-Fi or community internet options are not always practical for students who are expected to attend classes from home.,IT & Digital Services,Low,6,20,0,0,126
"Even when a student is willing to do the work, digital access problems can make the whole online learning process much more stressful than it should be.",IT & Digital Services,Low,6,27,0,0,152
Students feel discouraged when the school treats internet problems like excuses instead of recognizing them as real barriers to learning.,IT & Digital Services,Low,6,20,0,0,137
"Home internet needs for school are being treated like optional extras, even though online instruction clearly depends on them.",IT & Digital Services,Low,6,19,0,0,126
Families are frustrated that schools can require digital attendance but still avoid responsibility for helping students get connected.,IT & Digital Services,Low,6,18,0,0,134
"Some students can technically get online, but the quality of the connection is so poor that learning still becomes difficult.",IT & Digital Services,Low,6,20,0,0,125
The gap between students with strong internet at home and students with weak or no internet becomes much more visible during online school days.,IT & Digital Services,Low,6,24,0,0,144
"The student portal is showing an incorrect CGPA, and this is a serious issue because it can affect the student’s academic record, placements, higher studies, and future opportunities.",IT & Digital Services,High,6,28,2,0,183
"The CGPA displayed on the portal does not match the actual semester performance, which creates confusion and raises concerns about the accuracy of official academic data.",IT & Digital Services,High,6,26,2,0,170
"A wrong CGPA on the portal can damage a student’s credibility, especially when the portal is often treated as an official source of academic information.",IT & Digital Services,High,6,25,2,0,153
"The student has already reported the incorrect CGPA by email, but there has been no response, which makes the issue more stressful and urgent.",IT & Digital Services,High,6,24,2,0,142
"There is no quick resolution process visible for correcting major academic record errors on the portal, even when the mistake is clearly serious.",IT & Digital Services,High,6,23,2,0,145
Students may be forced to keep following up again and again for an issue that should have been corrected promptly by the system or administration.,IT & Digital Services,High,6,25,2,0,146
"If the portal shows incorrect marks, GPA, or CGPA, students are left worrying whether the error will continue into final records or official documents.",IT & Digital Services,High,6,24,2,0,151
The delay in responding to academic data errors makes students feel that important digital record problems are not being treated with the seriousness they deserve.,IT & Digital Services,High,6,25,2,0,163
"A portal mistake involving grades or CGPA is not just a small technical issue, because it can directly affect progression, documentation, and student confidence.",IT & Digital Services,High,6,24,2,0,161
"When official student data is wrong on the portal, students have no choice but to manually prove their own academic performance, which should not be necessary.",IT & Digital Services,High,6,26,2,0,159
"The student portal sometimes does not load properly, which makes it difficult for students to access important academic information when they need it.",IT & Digital Services,Medium,6,23,1,0,150
"Portal access issues seem to happen often enough that students treat them as a normal part of using the system, which shows poor reliability.",IT & Digital Services,Medium,6,24,1,0,141
"Sometimes the portal opens with an error in the URL, and students have to manually fix it just to get the site working again.",IT & Digital Services,Medium,6,24,1,0,125
"Students are forced to try workarounds like deleting part of the URL, using incognito mode, clearing cache, or switching browsers just to access the portal.",IT & Digital Services,Medium,6,25,1,0,156
"The portal does not work consistently across browsers, so students may need to open it in a specific browser just to log in successfully.",IT & Digital Services,Medium,6,24,1,0,137
"The system sometimes fails until all browser tabs are closed and reopened, which suggests weak session handling or login stability.",IT & Digital Services,Medium,6,20,1,0,131
Students are expected to troubleshoot technical problems on their own even for basic portal access issues.,IT & Digital Services,Medium,6,16,1,0,106
"The portal may stop working because of cached errors or browser session issues, but students are not clearly guided by the system on how to fix them.",IT & Digital Services,Medium,6,27,1,0,149
There is frustration that routine student services like checking results or logging in depend on trial-and-error instead of smooth access.,IT & Digital Services,Medium,6,20,1,0,138
"Students lose time trying repeated fixes such as refreshing, reopening the browser, or going back to the main page just to make the portal load.",IT & Digital Services,Medium,6,25,1,0,144
The system appears unstable enough that students recommend temporary workarounds instead of expecting the portal to function properly on the first try.,IT & Digital Services,Medium,6,22,1,0,151
"When the portal fails, students are left uncertain whether the issue is with the website, their browser, or the system itself.",IT & Digital Services,Medium,6,21,1,0,126
"The portal sometimes resolves itself only after waiting for a while, which makes students feel the system is unreliable and unpredictable.",IT & Digital Services,Low,6,21,0,0,138
Students often have to retry logging in multiple times before the portal finally works.,IT & Digital Services,Low,6,14,0,0,87
"Simple actions like going back, refreshing, or reopening the browser are commonly needed to access the portal, which should not be necessary for a normal student service.",IT & Digital Services,Low,6,27,0,0,170
"The portal experience depends too much on browser behavior, which makes access feel inconsistent from one device to another.",IT & Digital Services,Low,6,19,0,0,124
Students feel that portal issues are so common that they have become routine instead of exceptional.,IT & Digital Services,Low,6,16,0,0,100
The need to use incognito mode just to access academic information makes the system feel inconvenient and poorly optimized.,IT & Digital Services,Low,6,19,0,0,123
"Small technical glitches in the portal become frustrating because students use it for important academic tasks, not casual browsing.",IT & Digital Services,Low,6,19,0,0,132
"The site does not always fail completely, but it is unstable enough that students do not trust it to work smoothly every time.",IT & Digital Services,Low,6,23,0,0,126
"Students are informally learning “tricks” from other users to access the portal, which shows that the system itself is not user-friendly enough.",IT & Digital Services,Low,6,22,0,0,144
"Even when portal issues are eventually fixable, the extra steps and uncertainty create unnecessary stress for students.",IT & Digital Services,Low,6,17,0,0,119
The portal feels too dependent on temporary fixes rather than proper technical stability.,IT & Digital Services,Low,6,13,0,0,89
"Students expect an academic portal to be straightforward and dependable, but the current experience feels inconsistent and inconvenient.",IT & Digital Services,Low,6,18,0,0,136
"The student portal is showing incorrect academic data, and this creates fear that the same wrong information might appear on official mark sheets or transcripts.",IT & Digital Services,High,6,25,2,0,161
"Because the CGPA calculation on the portal is wrong, the student cannot confidently use the portal record when applying for internships, scholarships, or further studies.",IT & Digital Services,High,6,25,2,0,170
"There is no clear option in the portal to report or correct errors in grades or CGPA, forcing students to depend completely on manual complaints.",IT & Digital Services,High,6,25,2,0,145
"Even after reporting the mistake to the board, the lack of response makes students feel that serious digital record errors are not being handled urgently.",IT & Digital Services,High,6,25,2,0,154
"Students worry that if the portal data is not corrected in time, the mistake may remain in the final academic database permanently.",IT & Digital Services,High,6,22,2,0,131
"When academic results shown online are wrong, students lose trust in the student portal because it is supposed to be the official source of their academic information.",IT & Digital Services,High,6,27,2,0,167
"The student portal is going down during active study hours, and students are unable to access their classes when they need them most.",IT & Digital Services,High,6,23,2,0,133
"The portal outage is directly affecting scheduled exams and assessments, leaving students unable to start or complete important academic work on time.",IT & Digital Services,High,6,22,2,0,150
"Some students prepared for hours for exams, only to find that the portal stopped working right before their scheduled assessment.",IT & Digital Services,High,6,20,2,0,129
"Students are unable to load textbooks, course materials, or class pages, which completely blocks their ability to study or submit work.",IT & Digital Services,High,6,21,2,0,135
"The system appears to go down without proper warning, and students are left scrambling during critical academic deadlines.",IT & Digital Services,High,6,18,2,0,122
"When the portal fails during an exam or right after submission, students become extremely anxious because they do not know whether their work or results were saved.",IT & Digital Services,High,6,27,2,0,164
"Students cannot view pre-assessment or objective assessment results because the portal is not loading properly, which creates unnecessary panic and uncertainty.",IT & Digital Services,High,6,21,2,0,160
"The app is also affected during these outages, so students cannot even switch devices or platforms to continue their work.",IT & Digital Services,High,6,20,2,0,122
Repeated outages over consecutive days are disrupting study plans and making students lose valuable momentum during exam preparation.,IT & Digital Services,High,6,18,2,0,133
Students are unable to submit finished tasks or completed assessments because the system stops loading at the final step.,IT & Digital Services,High,6,19,2,0,121
"When the portal fails at night, students who rely on evening study time lose an entire study session with no practical backup.",IT & Digital Services,High,6,22,2,0,126
"Students are being forced to reschedule exams because of portal failures, even though they were ready and prepared to take them.",IT & Digital Services,High,6,21,2,0,128
There is frustration that tuition keeps increasing while core digital services like the learning portal still fail during important times.,IT & Digital Services,High,6,20,2,0,138
The portal is unreliable enough that students worry whether a missed or interrupted exam attempt might be counted against them.,IT & Digital Services,High,6,20,2,0,127
Students who are close to finishing a course or even their degree are being blocked by portal outages at critical moments.,IT & Digital Services,High,6,21,2,0,122
"The portal outage affects both access to learning content and the ability to complete graded work, making it a full academic access problem rather than a minor glitch.",IT & Digital Services,High,6,28,2,0,167
"The inability to log in or load courses across multiple browsers and devices shows that the problem is clearly system-wide, not just a user-side issue.",IT & Digital Services,High,6,25,2,0,151
"Students cannot depend on the portal to be available when they need to study, submit work, or take assessments, which damages trust in the platform.",IT & Digital Services,High,6,25,2,0,148
"The portal sometimes loads very slowly even when it starts coming back online, which still makes it difficult to use properly.",IT & Digital Services,Medium,6,21,1,0,126
Students are not always given clear communication about whether downtime is planned maintenance or an unexpected outage.,IT & Digital Services,Medium,6,17,1,0,120
The lack of timely notification makes students waste time troubleshooting their own devices when the real issue is with the portal itself.,IT & Digital Services,Medium,6,22,1,0,138
"Some parts of the system may work while other parts remain broken, such as the homepage loading but assessments or textbooks still failing.",IT & Digital Services,Medium,6,23,1,0,139
"Students are left trying different browsers, phones, tablets, and computers just to figure out whether the system will work.",IT & Digital Services,Medium,6,19,1,0,124
"The portal seems inconsistent across platforms, with some content loading on a phone while not working on a laptop.",IT & Digital Services,Medium,6,19,1,0,115
"Students cannot tell whether the issue is with the portal, the app, their internet, or their browser, which adds confusion and frustration.",IT & Digital Services,Medium,6,22,1,0,139
"The support channels are not always available during outages, so students cannot get help when the problem is happening.",IT & Digital Services,Medium,6,19,1,0,120
"Students feel frustrated when maintenance or service disruptions happen during peak evening hours, which is when many of them prefer to study.",IT & Digital Services,Medium,6,22,1,0,142
"The system sometimes returns vague loading errors instead of clear explanations, leaving students unsure what to do next.",IT & Digital Services,Medium,6,18,1,0,121
"Even when workarounds like clearing cache or updating a device help some users, students should not have to troubleshoot so much for a basic academic service.",IT & Digital Services,Medium,6,26,1,0,158
"Portal instability causes repeated interruptions to study flow, which makes it harder for students to stay focused and productive.",IT & Digital Services,Medium,6,19,1,0,130
Students lose time repeatedly checking whether the system is back instead of actually studying or completing coursework.,IT & Digital Services,Medium,6,17,1,0,120
"The platform may recover slowly after an outage, but partial recovery still delays students who need full access to classes and assessments.",IT & Digital Services,Medium,6,22,1,0,140
Repeated digital disruptions are making some students feel demotivated and lose confidence in the learning system.,IT & Digital Services,Medium,6,16,1,0,114
The portal sometimes fails to load course progress or degree plan information even when the rest of the site appears partially available.,IT & Digital Services,Low,6,22,0,0,137
"Students often have to refresh pages, retry links, or wait for the site to respond, which makes studying more tiring than it should be.",IT & Digital Services,Low,6,24,0,0,135
"Course resources and community tabs may stop loading properly, even when students are simply trying to review material.",IT & Digital Services,Low,6,18,0,0,119
"The portal experience can feel inconsistent from one session to another, with the same features working one moment and failing the next.",IT & Digital Services,Low,6,22,0,0,136
Students sometimes blame their own internet connection first because the portal issues are not clearly identified right away.,IT & Digital Services,Low,6,18,0,0,125
"The site may look online again, but still feel unstable enough that students hesitate to trust it for important work.",IT & Digital Services,Low,6,20,0,0,117
Students who prefer studying late at night feel especially affected when outages happen repeatedly during evening hours.,IT & Digital Services,Low,6,17,0,0,120
Even short outages become frustrating when students have planned their whole day around coursework or exam preparation.,IT & Digital Services,Low,6,17,0,0,119
"The portal sometimes comes back online gradually, which means students still have to keep checking when each feature is usable again.",IT & Digital Services,Low,6,21,0,0,133
Students are informally relying on each other for updates because official communication during outages feels limited or delayed.,IT & Digital Services,Low,6,18,0,0,129
"The overall user experience feels unpredictable, because students cannot be sure when course pages, textbooks, or assessments will actually load.",IT & Digital Services,Low,6,20,0,0,145
Repeated portal issues make students feel like they have to build backup study plans around system instability.,IT & Digital Services,Low,6,17,0,0,111
"The app experience is also inconsistent, so switching from browser to mobile does not always solve the problem.",IT & Digital Services,Low,6,18,0,0,111
"Students feel annoyed when they finally have motivation to study, but the portal outage breaks that momentum completely.",IT & Digital Services,Low,6,18,0,0,120
Small but repeated digital service failures are making the platform feel less dependable than an academic portal should be.,IT & Digital Services,Low,6,19,0,0,123
The plan to eliminate all network cabling drops and move workstations fully to wireless could seriously affect reliability for daily business operations.,IT & Digital Services,Low,6,22,0,0,153
"Running desktop computers entirely on Wi-Fi for several years introduces risk for packet loss, dropped connections, and unstable performance during critical work.",IT & Digital Services,Low,6,22,0,0,162
"Voice and video tools like Teams meetings, softphones, and conference calls may suffer if the wireless network is not perfectly designed and maintained.",IT & Digital Services,Low,6,23,0,0,152
"If the Wi-Fi goes down in a wireless-only office, users may lose access to everything at once because there is no wired fallback.",IT & Digital Services,Low,6,23,0,0,129
"Removing wired connections also removes an important backup path during outages, troubleshooting, or wireless failures.",IT & Digital Services,Low,6,15,0,0,119
"A wireless-only design can become a major problem when many users and personal devices are connected at the same time, creating client density issues.",IT & Digital Services,Low,6,24,0,0,150
"Wireless dongles for desktops add another point of failure and are easier to lose, damage, or misconfigure than built-in or wired networking.",IT & Digital Services,Low,6,22,0,0,141
"The move appears driven by budget pressure, even though poor infrastructure choices could create bigger support costs and downtime later.",IT & Digital Services,Low,6,20,0,0,137
"If leadership cuts cabling now, the business may end up paying more later to fix performance issues or add wiring after problems appear.",IT & Digital Services,Low,6,23,0,0,136
"In a business environment with phones, video meetings, cloud services, and many concurrent users, unreliable wireless access can quickly affect productivity across the whole office.",IT & Digital Services,Low,6,25,0,0,181
"A wireless-only office may work in theory, but it depends heavily on having a properly designed high-density Wi-Fi network, which is not simple or cheap.",IT & Digital Services,Medium,6,25,1,0,153
"The success of a Wi-Fi-only setup depends on site surveys, heat maps, AP placement, interference analysis, and strong backhaul capacity.",IT & Digital Services,Medium,6,20,1,0,136
"If the network is not carefully designed for device density, the proof of concept may look fine with a few users but fail once rolled out widely.",IT & Digital Services,Medium,6,27,1,0,145
"Users may experience slow connections, roaming issues, lag, or inconsistent performance depending on AP placement and building layout.",IT & Digital Services,Medium,6,18,1,0,134
Shared wireless airtime means users do not get the same dedicated link quality they would have with a wired desk connection.,IT & Digital Services,Medium,6,21,1,0,124
"The wireless environment can become more complicated if users also rely on Bluetooth headsets, mobile devices, or other nearby wireless systems.",IT & Digital Services,Medium,6,21,1,0,144
"Support teams may face more tickets from users dealing with wireless issues, driver problems, or random connection instability.",IT & Digital Services,Medium,6,18,1,0,127
"Desktop-to-dongle setups are less ideal than laptops with built-in enterprise-ready wireless, so the transition method itself is a concern.",IT & Digital Services,Medium,6,19,1,0,139
"The office may still need wired drops for printers, AV systems, conference rooms, and other equipment, so going fully cable-free is not fully realistic.",IT & Digital Services,Medium,6,24,1,0,152
Wireless-only workstations may take a little longer to connect after startup compared to wired systems.,IT & Digital Services,High,6,15,2,0,103
Users may notice small delays or occasional instability that would be less common on a hardwired connection.,IT & Digital Services,High,6,17,2,0,108
"Some devices do not behave as well on Wi-Fi adapters or dongles, which can create minor compatibility annoyances.",IT & Digital Services,High,6,18,2,0,113
"Without wired drops at each desk, users may eventually create messy temporary cable workarounds if they need stable connectivity.",IT & Digital Services,High,6,19,2,0,129
"A single network drop per room or zone would provide peace of mind, even if it is not used every day.",IT & Digital Services,High,6,21,2,0,101
"Wireless networks can work well, but they usually require more tuning and monitoring than users realize.",IT & Digital Services,High,6,16,2,0,104
"Some users may not notice a problem until they are on a call, uploading large files, or using several services at once.",IT & Digital Services,High,6,22,2,0,119
"Even if the wireless network performs acceptably most of the time, small reliability issues can build up into daily frustration.",IT & Digital Services,High,6,20,2,0,128
"The business may save money on cabling upfront, but users may still compare the experience unfavorably to a more stable wired setup.",IT & Digital Services,High,6,22,2,0,132
"A cable-free design reduces visible infrastructure, but it also reduces simple recovery options when something goes wrong.",IT & Digital Services,High,6,17,2,0,122
"Wireless can support modern office work, but it leaves less margin for error when traffic spikes or devices behave unpredictably.",IT & Digital Services,High,6,20,2,0,129
Even small connection inconsistencies become more noticeable when every workstation depends entirely on Wi-Fi.,IT & Digital Services,High,6,14,2,0,110
Students often have to refresh the portal or retry links multiple times before course pages finally load properly.,IT & Digital Services,Low,6,18,0,0,114
"The portal may appear to be back online, but some sections still respond very slowly, which makes normal studying inconvenient.",IT & Digital Services,Low,6,20,0,0,127
Small loading issues in course materials or textbooks interrupt study flow and make it harder to stay focused.,IT & Digital Services,Low,6,18,0,0,110
"Because the system is inconsistent, students sometimes waste time checking whether the issue is their device, internet, or the portal itself.",IT & Digital Services,Low,6,21,0,0,141
"The portal stopped working right when I was about to take an exam, and now I am worried that I might miss my scheduled attempt even though I was fully prepared.",IT & Digital Services,Medium,6,31,1,0,160
"My course page is not loading at all, so I cannot access assignments, materials, or assessments, which completely blocks my progress in the class.",IT & Digital Services,Medium,6,24,1,0,146
"The portal suddenly logged me out while I was working on an assignment, and when I tried to log back in the system would not load, which made me afraid that my work might not have been saved.",IT & Digital Services,High,6,38,2,0,191
"The portal occasionally takes a long time to open the dashboard, even when my internet connection is working fine.",IT & Digital Services,Low,6,19,0,0,114
"Sometimes the site works on one device but not on another, which makes the experience feel inconsistent.",IT & Digital Services,Low,6,17,0,0,104
"The student portal went down right before I was about to submit my assignment, and now I am not sure whether the submission went through or not.",IT & Digital Services,High,6,27,2,0,144
"My grades are not visible on the portal even after results were announced, and this is worrying because I need them for academic verification.",IT & Digital Services,High,6,24,2,0,142
"The portal sometimes logs me out automatically, and I have to sign in again even while I am actively using the site.",IT & Digital Services,Medium,6,22,1,0,116
"Certain sections of the portal take too long to load, especially when opening course materials or checking progress.",IT & Digital Services,Medium,6,18,1,0,116
"The portal interface feels slow at times, and simple actions like switching between pages take longer than expected.",IT & Digital Services,Low,6,18,0,0,116
"The library sometimes becomes so crowded that there is no place to sit and study, which makes it very difficult for students who depend on the library as their main study space.",Library,High,8,32,2,0,177
"Some books in the library look very old and worn out, and it would be better if damaged copies were replaced more often.",Library,Low,8,23,0,0,120
"The lighting in some parts of the library is not good enough, which makes it uncomfortable to read for a long time.",Library,Low,8,22,0,0,115
"Sometimes the air conditioning is either too cold or not working properly, which makes it hard to sit and study comfortably.",Library,Low,8,21,0,0,124
"The library website is a bit confusing to use, and it takes time to find the right book or service online.",Library,Low,8,21,0,0,106
"There are not enough charging points for laptops and phones, so it becomes difficult to study for long hours.",Library,Low,8,19,0,0,109
"The seating arrangement in some areas is not very comfortable, and after sitting for a while it becomes hard to focus on reading or work.",Library,Low,8,25,0,0,137
"The library is often too noisy, even in areas that are supposed to be quiet, and it becomes very difficult to study or concentrate properly.",Library,High,8,25,2,0,140
"Quiet study sections are not being enforced properly, and people keep talking loudly in spaces that are clearly meant for silent work.",Library,High,8,22,2,0,134
"Staff conversations and phone calls sometimes add to the noise, which makes it even harder to focus on assignments or reading.",Library,High,8,21,2,0,126
There are not enough silent study rooms available for people who genuinely need a completely quiet place to work.,Library,High,8,19,2,0,113
The library does not seem to provide enough distraction-free spaces for students who are trying to study seriously.,Library,High,8,18,2,0,115
Computers placed in the middle of the library create unnecessary noise and disturbance for people sitting nearby.,Library,High,8,17,2,0,113
"Some patrons play music or videos loudly on public computers, and this kind of behavior is not being controlled properly.",Library,High,8,20,2,0,121
"Disruptive behavior is not handled consistently, so noisy or inconsiderate people keep disturbing everyone else around them.",Library,High,8,17,2,0,124
"Some libraries allow an environment that feels chaotic, which makes the space uncomfortable for people who come there to read or study.",Library,High,8,22,2,0,135
"Patrons sometimes feel unsafe because of people staring, following them, or behaving inappropriately inside the library.",Library,High,8,16,2,0,120
Bad smell and hygiene issues from some visitors can make it very unpleasant to stay inside the library for long periods.,Library,High,8,21,2,0,120
"Accessibility is poor in some library buildings, which makes it difficult for disabled users to enter or move around comfortably.",Library,High,8,20,2,0,129
Libraries sometimes reduce their hours so much that working people barely get any chance to use the services.,Library,High,8,18,2,0,109
"Important books are sometimes missing, stolen, or wrongly marked as lost, which wastes users’ time and effort.",Library,High,8,17,2,0,110
Library fines and damage charges can be so strict that people become afraid to borrow or even handle books normally.,Library,High,8,20,2,0,116
"The library often does not have the books I need, even when the collection is supposed to be fairly large.",Library,Medium,8,20,1,0,106
"Some book series are incomplete, so it becomes impossible to read them in the correct order without a lot of hassle.",Library,Medium,8,21,1,0,116
"Inter-library loan requests can take too long, which makes it frustrating when you are waiting for the next book or resource.",Library,Medium,8,21,1,0,125
"The e-book collection feels limited, especially if you are looking for something outside the most common genres.",Library,Medium,8,17,1,0,112
"Library hours are often inconvenient, especially for people who work during the day and can only visit in the evening.",Library,Medium,8,20,1,0,118
"Some libraries close too early or are not open properly on weekends, which makes access difficult.",Library,Medium,8,16,1,0,98
"Parking near the library can be very inconvenient, and sometimes just getting there feels like too much trouble.",Library,Medium,8,18,1,0,112
Noise from children’s sections or activity areas often carries into nearby study spaces.,Library,Medium,8,13,1,0,88
"The building design in some libraries makes sound travel too easily, so even small amounts of noise become distracting.",Library,Medium,8,19,1,0,119
"There are not enough study desks or reading tables, especially during busy times.",Library,Medium,8,13,1,0,81
"Library staff can sometimes come across as unfriendly, impatient, or dismissive when people ask for help.",Library,Medium,8,16,1,0,105
"Self-service machines do not always work properly, especially when people are trying to pay fines or check out items.",Library,Medium,8,19,1,0,117
"Borrowing between different branches can feel unnecessarily complicated, even when the systems are connected.",Library,Medium,8,14,1,0,109
"The signage in some libraries is confusing, and it is not always easy to find the right section or service.",Library,Medium,8,20,1,0,107
Genre books are sometimes mixed together in a way that makes browsing really inconvenient.,Library,Medium,8,14,1,0,90
"Libraries sometimes try to serve too many purposes at once, and as a result quiet study space gets pushed aside.",Library,Medium,8,20,1,0,112
"There seems to be more focus on events and community activities now, while proper study spaces are becoming harder to find.",Library,Medium,8,21,1,0,123
"Funding problems clearly affect library services, and users end up seeing shorter hours, fewer books, and reduced support.",Library,Medium,8,18,1,0,122
Some libraries feel uncomfortable because they are overcrowded or not being managed in a way that works for regular users.,Library,Medium,8,20,1,0,122
"Library policies are not always communicated clearly, so users are left confused about rules and services.",Library,Medium,8,16,1,0,106
"Some libraries do not have a strong selection in certain genres, which can be disappointing for regular readers.",Library,Low,8,18,0,0,112
"There are sometimes too many copies of the same kind of books, while other types of books are missing.",Library,Low,8,19,0,0,102
"Parts of the collection can feel outdated, especially if you are looking for newer titles or authors.",Library,Low,8,17,0,0,101
It is frustrating when the next book in a series is unavailable even though the earlier one is right there.,Library,Low,8,20,0,0,107
"Sometimes the catalog says a book is available, but it cannot actually be found on the shelf.",Library,Low,8,17,0,0,93
Libraries do not always give enough notice when they change their opening hours.,Library,Low,8,13,0,0,80
"Some libraries still do not send proper reminders before due dates, which makes it easy to miss returns.",Library,Low,8,18,0,0,104
The layout of certain libraries makes it hard to find a genuinely quiet corner.,Library,Low,8,14,0,0,79
There are not always enough comfortable chairs or good places to sit and read.,Library,Low,8,14,0,0,78
"Some libraries feel too crowded during busy hours, even if you are only there for a short visit.",Library,Low,8,18,0,0,96
The library could do a better job of clearly communicating what services are available.,Library,Low,8,14,0,0,87
Requests for new books or missing titles can take a long time to be processed.,Library,Low,8,15,0,0,78
Sometimes libraries advertise digital or physical services that are not actually easy to access in practice.,Library,Low,8,16,0,0,108
It is frustrating when public computers are mostly used for games or entertainment instead of study.,Library,Low,8,16,0,0,100
Some visitors treat the library more like a social hangout than a shared study space.,Library,Low,8,15,0,0,85
"Religious pamphlets and mini Bibles are being left around the library like litter, and staff have to keep cleaning them up.",Library,High,8,21,2,0,123
People are treating the library like a place to dump unsolicited religious material instead of respecting it as a public resource.,Library,High,8,21,2,0,130
"Religious groups keep leaving pamphlets in library spaces without permission, which feels intrusive and disrespectful.",Library,High,8,15,2,0,118
"Children’s areas in libraries are being targeted with religious pamphlets about fear and punishment, which is completely inappropriate.",Library,High,8,18,2,0,135
"The library is having to deal with repeated unauthorized distribution of religious material, which creates extra work for staff.",Library,High,8,19,2,0,128
"People are leaving stacks of religious handouts in shared library spaces, as if the library is a place for proselytizing.",Library,High,8,20,2,0,121
"Libraries are being used as a platform to push one religion on everyone else, which makes the space feel less neutral and welcoming.",Library,High,8,23,2,0,132
"Unwanted religious materials are being abandoned around the library and treated as if they belong in the collection, when they are really just trash staff have to remove.",Library,High,8,28,2,0,170
"Some people seem to think the library is the right place to leave propaganda for strangers, which is unfair to both patrons and staff.",Library,High,8,24,2,0,134
Religious pamphlets are being left in public areas of the library where children and families will come across them without warning.,Library,High,8,21,2,0,132
"The library keeps getting used as a dumping ground for materials that were never approved, catalogued, or requested.",Library,High,8,18,2,0,116
People are pushing their beliefs in the library in a way that feels more like harassment than outreach.,Library,High,8,18,2,0,103
"Library staff are expected to clean up after people who leave religious handouts everywhere, which is frustrating and disrespectful.",Library,High,8,19,2,0,132
The library’s shared spaces are being cluttered with unsolicited religious pamphlets that no one asked for.,Library,High,8,16,2,0,107
These religious handouts are being scattered around the library so often that it has become a recurring problem.,Library,High,8,18,2,0,112
It is frustrating that people leave random religious books and pamphlets in the library instead of donating proper materials through the normal process.,Library,Medium,8,23,1,0,152
"The library already has organized religious texts in its collection, so there is no reason for people to leave extra copies lying around.",Library,Medium,8,23,1,0,137
"People assume the pamphlets are being taken and appreciated, when in reality staff are often just throwing them away.",Library,Medium,8,19,1,0,117
"Religious materials are being left on tables, shelves, and other surfaces, and someone has to keep picking them up.",Library,Medium,8,19,1,0,115
"The library is supposed to have organized, catalogued materials, not random handouts left behind by strangers.",Library,Medium,8,16,1,0,110
It is irritating to see people treat the library like a free billboard for their personal beliefs.,Library,Medium,8,17,1,0,98
"These pamphlets are not part of the library collection, but they keep getting left around as if staff should manage them.",Library,Medium,8,21,1,0,121
The repeated dumping of religious tracts in library spaces creates unnecessary mess and extra cleanup.,Library,Medium,8,15,1,0,102
It is disrespectful to the library environment when people leave pamphlets around instead of using proper community notice channels.,Library,Medium,8,19,1,0,132
"The library is meant to be a space for access to information, not a place where people ambush others with religious messaging.",Library,Medium,8,22,1,0,126
Staff should not have to spend time removing piles of unwanted pamphlets from areas meant for patrons.,Library,Medium,8,17,1,0,102
"People keep assuming that because a library has books, it is acceptable to leave any book or tract there, which is not how libraries work.",Library,Medium,8,25,1,0,138
Leaving religious material around the library without permission creates clutter and confuses patrons.,Library,Medium,8,13,1,0,102
"The whole practice feels wasteful, especially when most of those materials just end up in the trash.",Library,Medium,8,17,1,0,100
"Religious groups keep treating disappearance of pamphlets as success, when actually staff are just cleaning up after them.",Library,Medium,8,18,1,0,122
The library should not have to deal with people bypassing normal donation or acquisition systems to push their own material.,Library,Medium,8,20,1,0,124
"It is annoying that this kind of thing keeps happening in public libraries, university libraries, and other shared reading spaces.",Library,Medium,8,20,1,0,130
It is frustrating to keep finding religious pamphlets tucked into random places in the library.,Library,Low,8,15,0,0,95
These little booklets keep showing up around the library and they are more annoying than useful.,Library,Low,8,16,0,0,96
It feels disrespectful to leave cheap religious handouts all over a place that already has properly shelved books.,Library,Low,8,18,0,0,114
The library should not have to waste time sorting out materials that were never supposed to be there.,Library,Low,8,18,0,0,101
It is irritating when people leave behind pamphlets and assume someone else will deal with the mess.,Library,Low,8,17,0,0,100
The library is one of the last places where people should have to deal with unwanted religious advertising.,Library,Low,8,18,0,0,107
It is hard to understand why people think leaving random Bibles and tracts around the library is acceptable.,Library,Low,8,18,0,0,108
The constant appearance of these pamphlets makes the library feel less cared for.,Library,Low,8,13,0,0,81
It is frustrating that staff have to keep throwing away materials that were never wanted in the first place.,Library,Low,8,19,0,0,108
"The library should be a place for browsing and reading, not for stumbling across random proselytizing material.",Library,Low,8,17,0,0,111
People keep leaving these items behind as if the library exists to spread their message.,Library,Low,8,15,0,0,88
It is disappointing to see books treated like disposable flyers rather than something to be handled respectfully.,Library,Low,8,17,0,0,113
"The practice feels wasteful, messy, and inconsiderate to both patrons and employees.",Library,Low,8,12,0,0,84
Random religious handouts do not belong mixed in with real library materials.,Library,Low,8,12,0,0,77
It gets old having to deal with the same kind of religious litter over and over again.,Library,Low,8,17,0,0,86
"The college library charged an extremely high fine for one overdue book, which feels unreasonable compared to the actual cost of the book.",Library,High,8,23,2,0,138
"My degree certificate was withheld because of a library fine, which feels unfair since it is an academic document I earned.",Library,High,8,21,2,0,123
"The penalty kept increasing every day for years without any proper limit, which made the total fine impossible to afford.",Library,High,8,20,2,0,121
The library calculated the fine for the entire lockdown period even though the college was closed and returning the book was not possible.,Library,High,8,23,2,0,138
"The amount they asked me to pay was far higher than the price of the book, which does not seem logical.",Library,High,8,21,2,0,103
"The library refused to give my certificate until I cleared the fine, even though the delay happened during unusual circumstances.",Library,High,8,20,2,0,129
It felt like the college was using the fine as a way to force money instead of trying to resolve the issue reasonably.,Library,High,8,23,2,0,118
"There was no clear rule explaining how much the maximum fine could be, so the amount kept growing without control.",Library,High,8,20,2,0,114
The library did not consider personal situations or financial problems before demanding such a large payment.,Library,High,8,16,2,0,109
The process of clearing a library fine became stressful because it affected my ability to collect important documents.,Library,High,8,18,2,0,118
"The fine system felt too strict, especially for a single book that could easily be replaced.",Library,High,8,16,2,0,92
The library penalty rules were not explained clearly when the book was issued.,Library,High,8,13,2,0,78
I was worried that I might not get my certificate at all because of a library issue.,Library,High,8,17,2,0,84
The fine amount was calculated in a way that did not feel fair for students.,Library,High,8,15,2,0,76
The library made the situation very stressful even though it could have been solved easily.,Library,High,8,15,2,0,91
"It was difficult to return the book during lockdown, but the library still counted all those days as delay.",Library,Medium,8,19,1,0,107
"I forgot to return the book after graduation, but the penalty became too big before I even realized it.",Library,Medium,8,19,1,0,103
The library system did not send any proper reminder before the fine became very high.,Library,Medium,8,15,1,0,85
"I did not know the fine was increasing every day, otherwise I would have returned the book earlier.",Library,Medium,8,18,1,0,99
The rules for overdue books were not explained properly when I borrowed the book.,Library,Medium,8,14,1,0,81
I felt embarrassed going back to the library after such a long delay.,Library,Medium,8,13,1,0,69
"The process to clear the fine required talking to many people, which made it stressful.",Library,Medium,8,15,1,0,87
I had to request multiple times before the library agreed to reduce the fine.,Library,Medium,8,14,1,0,77
The library did not show flexibility at first even though the situation happened during lockdown.,Library,Medium,8,15,1,0,97
It felt like the staff expected me to pay the full amount without discussion.,Library,Medium,8,14,1,0,77
The fine amount made me anxious because I could not afford to pay it.,Library,Medium,8,14,1,0,69
I felt nervous going to the library because I thought they would blame me.,Library,Medium,8,14,1,0,74
"The delay happened partly because of personal and work pressure, but the system did not consider that.",Library,Medium,8,17,1,0,102
The library rules felt too strict for students who make small mistakes.,Library,Medium,8,12,1,0,71
The situation could have been solved faster if the library had clearer policies.,Library,Medium,8,13,1,0,80
The penalty felt more like punishment than a way to recover the cost of the book.,Library,Medium,8,16,1,0,81
"Public libraries in India are not as good as the ones in some other countries, so it feels like something is missing.",Library,Low,8,22,0,0,117
It is hard to find good library facilities with enough books and activities.,Library,Low,8,13,0,0,76
Some libraries do not have enough books for children who enjoy reading a lot.,Library,Low,8,14,0,0,77
School libraries are sometimes not enough for students who want more reading options.,Library,Low,8,13,0,0,85
Good community libraries are difficult to find in many places.,Library,Low,8,10,0,0,62
"Some libraries do not have modern facilities like events, play areas, or digital resources.",Library,Low,8,14,0,0,91
It feels like there are fewer reading resources compared to what we had before.,Library,Low,8,14,0,0,79
"Sometimes the library collection is limited, so we have to buy books instead.",Library,Low,8,13,0,0,77
It is difficult to find libraries that are comfortable places for children to spend time.,Library,Low,8,15,0,0,89
"Not all libraries provide the same quality of service, which can be disappointing.",Library,Low,8,13,0,0,82
"In some places, libraries are only for borrowing books and do not have other useful programs.",Library,Low,8,16,0,0,93
It would be better if libraries had more updated books and resources.,Library,Low,8,12,0,0,69
Some libraries do not feel welcoming for regular readers.,Library,Low,8,9,0,0,57
There are not enough community reading spaces in many areas.,Library,Low,8,10,0,0,60
Libraries should be more flexible so people do not feel afraid of fines.,Library,Low,8,13,0,0,72
They did not allow him to use the phone even though he was clearly in a difficult situation and only needed to call someone to pick him up.,Library,High,8,28,2,0,139
"Instead of helping him, the staff called security and had him escorted out of the library, which felt unnecessary and humiliating.",Library,High,8,21,2,0,130
"He was not allowed to sit inside the library for a few minutes to rest, even though he was exhausted from walking in extreme heat.",Library,High,8,25,2,0,130
"No one offered basic help like telling him where the water fountain was, even though he looked tired and overheated.",Library,High,8,20,2,0,116
"The staff treated him as if he was a problem as soon as he entered, without giving him a chance to explain his situation.",Library,High,8,24,2,0,121
"It felt like they judged him based on his appearance, because he had a backpack and looked tired, and assumed he did not belong there.",Library,High,8,25,2,0,134
"Libraries are supposed to be public spaces where people can come in safely, but he was made to feel unwelcome and pushed out.",Library,High,8,23,2,0,125
"He only asked for a small amount of help, but the response from the staff was harsh and made him feel embarrassed.",Library,High,8,22,2,0,114
Calling security instead of trying to understand the situation made the experience feel more like he was being punished than helped.,Library,High,8,21,2,0,132
The way he was followed out of the building made him feel like he was being treated as a threat even though he had done nothing wrong.,Library,High,8,27,2,0,134
"He went to the library expecting it to be a safe public place, but the experience made him feel discouraged and unwelcome in the community.",Library,High,8,25,2,0,139
"The situation could have been handled with simple kindness, but instead it turned into a negative and upsetting experience.",Library,High,8,19,2,0,123
"He left feeling humiliated and upset, which should not happen when someone goes to a public library for help.",Library,High,8,19,2,0,109
"The staff did not try to suggest any alternatives or offer any guidance, they only told him no and asked him to leave.",Library,High,8,23,2,0,118
"The quiet study spaces in the library are often not actually quiet, which makes it hard to stay focused.",Library,Low,8,19,0,0,104
Groups of students keep talking loudly in areas that are supposed to be meant for silent work.,Library,Low,8,17,0,0,94
"Even when I move to another part of the library to escape the noise, I still end up finding more people chatting there too.",Library,Low,8,24,0,0,123
"Some students talk to themselves or type very loudly, which becomes distracting when you are trying to concentrate.",Library,Low,8,18,0,0,115
There is so much noise in the library at times that I feel forced to wear earphones just to be able to work.,Library,Low,8,23,0,0,108
"The library has become more of a social space than a proper study environment, which is frustrating for students who need silence.",Library,Low,8,22,0,0,130
Some people take phone calls inside the library and speak at normal volume as if no one else is trying to study.,Library,Low,8,22,0,0,112
"People sometimes watch videos or other content in the library without headphones, which disturbs everyone nearby.",Library,Low,8,16,0,0,113
"The signage about quiet areas is either unclear or ignored, because people still behave loudly in spaces meant for studying.",Library,Low,8,20,0,0,124
The study rooms are not always a solution because they are often full when you actually need them.,Library,Low,8,18,0,0,98
"Some library spaces are so small that noise carries everywhere, even when you try to sit far away from others.",Library,Low,8,20,0,0,110
The library no longer feels like a peaceful place to read or work the way it used to.,Library,Low,8,18,0,0,85
"There are areas meant for reading and studying, but people still use them like a casual hangout spot.",Library,Low,8,18,0,0,101
"It is frustrating that students who are trying to work quietly are the ones who have to keep moving, instead of the noisy groups being corrected.",Library,Low,8,26,0,0,145
Sometimes the quietest corners of the library are still disturbed because the building layout does not block noise properly.,Library,Low,8,19,0,0,124
The library environment has become unreliable for serious studying because you never know how noisy it will be.,Library,Low,8,18,0,0,111
"Some libraries now feel more like community spaces than study spaces, which is disappointing when you need concentration.",Library,Low,8,18,0,0,121
There are not enough truly silent individual spaces for students who work best alone.,Library,Low,8,14,0,0,85
"It feels like basic library etiquette is being ignored more and more, especially by groups using common study areas.",Library,Low,8,19,0,0,116
"The library has seating and study tables, but the atmosphere often does not support focused academic work.",Library,Low,8,17,0,0,106
"The library shelves have been removed and replaced with a makerspace, and now there are far fewer books available to browse.",Library,High,8,21,2,0,124
"Most of the shelves are half empty now, and it feels like the library no longer has the collection it used to.",Library,High,8,22,2,0,110
"Many of the books that are available are in poor condition, and I recently picked one that had a torn cover and was so dirty that it was unpleasant to even touch.",Library,High,8,32,2,0,162
"It has become very difficult to find the books I actually want to read, even though the library used to have a good selection before.",Library,High,8,25,2,0,133
"The fiction section has many copies of the same popular books, but there is very little variety compared to earlier.",Library,High,8,20,2,0,116
"I tried looking for well-known authors and classics, but the library hardly has any of them anymore.",Library,High,8,17,2,0,100
"The library now depends too much on request systems instead of keeping books on the shelves, which makes it inconvenient when you want to browse.",Library,High,8,25,2,0,145
"Books often come from other branches instead of being available locally, even though this used to be a well-stocked library.",Library,High,8,20,2,0,124
"There are very few newspaper copies available, so they are always taken and not accessible when needed.",Library,High,8,17,2,0,103
"After the changes made to the library layout, it feels like the focus is no longer on books and reading.",Library,High,8,20,2,0,104
"The makerspace has taken a large amount of space, but it does not seem to be used much while the book collection has been reduced.",Library,High,8,25,2,0,130
"The books on the shelves are often old, and it is hard to find recent or updated material on the topics I am looking for.",Library,High,8,25,2,0,121
"The library used to be one of the best resources in the town, but now it feels like the quality of the collection has gone down.",Library,High,8,26,2,0,128
Staff did not seem concerned when I mentioned the condition of books and the difficulty in finding what I need.,Library,High,8,20,2,0,111
"The current system makes it hard to quickly find or read something, which defeats the purpose of going to the library in the first place.",Library,High,8,25,2,0,137
"The designated quiet areas in the library are not being properly enforced, even when people are clearly disturbing others.",Library,Medium,8,19,1,0,122
I have had to leave the library altogether because the noise level made it impossible to continue working on assignments.,Library,Medium,8,20,1,0,121
"The lack of quiet enforcement in the library is affecting my productivity, especially when I have important deadlines coming up.",Library,Medium,8,20,1,0,128
There are not enough private silent pods or individual study rooms available for students who genuinely need a distraction-free space.,Library,Medium,8,20,1,0,134
"The library staff often only respond to noise if someone makes a complaint, which means the disturbance can go on for a long time.",Library,Medium,8,24,1,0,130
The library’s current setup makes it difficult for students who rely on quiet spaces because noisy and silent users are not properly separated.,Library,Medium,8,23,1,0,143
Some libraries have shifted so much toward social use that students who need silence feel pushed out of the space entirely.,Library,Medium,8,21,1,0,123
"Noise from group conversations, phone calls, and general chatter makes the library unsuitable for serious academic work during busy hours.",Library,Medium,8,20,1,0,138
"When the library is consistently loud, it stops functioning as a dependable study space for students with assignments, exams, or research work.",Library,Medium,8,22,1,0,143
"Students who need calm and quiet for concentration are being overlooked, even though the library is one of the few places meant for focused study.",Library,Medium,8,25,1,0,146
The library seating is so uncomfortable that I can only study there for a short time before my back starts hurting.,Library,Low,8,21,0,0,115
"Most of the tables are either too high or too low, so it is hard to find a setup that feels natural for studying.",Library,Low,8,24,0,0,113
"A lot of the chairs do not let me pull in close enough to the table, which makes it awkward to sit properly and work.",Library,Low,8,25,0,0,117
The round low tables are practically useless for actual studying because they are not the right height for reading or using a laptop.,Library,Low,8,23,0,0,133
"Some study spaces look modern, but they are clearly designed more for appearance than for students who need to sit there for hours.",Library,Low,8,23,0,0,131
The communal tables are not very practical when I need personal space and a more focused setup to work comfortably.,Library,Low,8,20,0,0,115
The high-top tables get uncomfortable after a while and are not suitable for long study sessions.,Library,Low,8,16,0,0,97
Some of the library benches are so uncomfortable that I avoid using those areas altogether.,Library,Low,8,15,0,0,91
"A lot of the seating in the library has little or no back support, which makes long study sessions physically exhausting.",Library,Low,8,21,0,0,121
Some of the furniture feels like it was chosen without considering that students may sit there for four or five hours at a time.,Library,Low,8,24,0,0,128
"The quiet floors still overlook noisy areas, so even when I find a seat, the setup is distracting.",Library,Low,8,18,0,0,98
The seating is so badly designed that studying there for long periods leaves me with serious lower back pain.,Library,High,8,19,2,0,109
There are not enough ergonomic study spaces in the library for students who need to work for hours every day.,Library,High,8,20,2,0,109
Some of the chairs are completely unusable for people with spinal issues or chronic back pain.,Library,High,8,16,2,0,94
"A lot of the furniture forces students into poor posture, which makes the library physically difficult to use as a study space.",Library,High,8,22,2,0,127
The library does not provide enough seating that is accessible and comfortable for students with different physical needs.,Library,High,8,18,2,0,122
"Some of the study areas are so uncomfortable that students stop using the library entirely, even when they need a quiet place to work.",Library,High,8,24,2,0,134
"There is a real lack of functional long-term study seating, especially for students who need back support and proper desk height.",Library,High,8,21,2,0,129
The furniture setup seems to ignore the basic physical needs of students who rely on the library as their main study space.,Library,High,8,22,2,0,123
"Because the chairs and tables do not fit together properly, it becomes painful to sit upright and work for any meaningful amount of time.",Library,High,8,24,2,0,137
"The library has large study areas, but too much of that space is filled with furniture that is not actually suitable for sustained academic work.",Library,High,8,25,2,0,145
"The library has plenty of seating, but most of it becomes uncomfortable after a while, which makes it hard to stay focused during long study sessions.",Library,Medium,8,26,1,0,150
"The quiet study areas are not always properly maintained as quiet spaces, so even when I find a place to sit, background noise often makes it difficult to concentrate.",Library,Medium,8,29,1,0,167
"Sometimes the computers provided by the college are very limited, and when many students need them at the same time, it becomes hard to complete work on time.",Infrastructure,High,7,28,2,0,158
"The printing system on campus is not convenient, and having to pay for every page feels unfair when we already pay a lot in tuition and other fees.",Infrastructure,High,7,28,2,0,147
"Some of the software required for classes only works on specific college computers, so if the lab is full, there is no other way to finish the assignment.",Infrastructure,High,7,28,2,0,154
"There are fewer computer labs now compared to before, and when you actually need one, it’s difficult to find an available system.",Infrastructure,High,7,22,2,0,129
"Not all students can afford their own laptop, but the college does not always provide enough shared computers for everyone who needs them.",Infrastructure,High,7,23,2,0,138
"Sometimes the available computers are slow or outdated, which makes working on heavy projects very frustrating.",Infrastructure,Medium,7,16,1,0,111
"It feels like computer labs are disappearing, and now we have to depend on our own laptops even for things that need special software.",Infrastructure,Medium,7,24,1,0,134
"Some labs are only open at certain times, so if you need to work late, you may not have access to the computers.",Infrastructure,Medium,7,23,1,0,112
"The number of computers in the library seems limited, and during busy hours it’s hard to find a free one.",Infrastructure,Medium,7,20,1,0,105
"Printing facilities are available, but the cost per page adds up quickly, especially when we need to print long assignments.",Infrastructure,Medium,7,20,1,0,124
"Some computer rooms are used for classes, so students cannot use them even when the systems are free.",Infrastructure,Medium,7,18,1,0,101
"Not every building has proper computer access, so we sometimes have to walk across campus just to use a system.",Infrastructure,Medium,7,20,1,0,111
"Even when labs exist, they are not used much, and it feels like the facilities are not maintained as well as before.",Infrastructure,Medium,7,22,1,0,116
"The laptop rental system helps, but the time limit is short, so it’s not always enough for long work sessions.",Infrastructure,Medium,7,20,1,0,110
"Some specialized software is only installed in certain labs, which makes it inconvenient if that lab is far away.",Infrastructure,Medium,7,19,1,0,113
"The computers are useful, but the setup feels old compared to modern devices students use at home.",Infrastructure,Medium,7,17,1,0,98
"I feel extremely unsafe in this environment because authority figures are using physical violence as if it is normal discipline. In my school, students were slapped, beaten with sticks, hit on the knuckles, and forced into painful punishments for very small things like incomplete homework or low marks. This was not an isolated incident but something that happened regularly, and it created a constant atmosphere of fear.",Ragging & Harassment,High,11,67,2,0,422
"I want to raise a serious complaint about repeated physical and emotional abuse by teachers. Children were lined up and slapped one by one in front of others, sometimes by the principal himself. The punishment was not only painful but deeply humiliating, and it made students feel powerless and terrified inside the classroom.",Ragging & Harassment,High,11,53,2,0,326
"A teacher in school used physical assault in such a violent way that he broke a wooden stick while beating a student. The student was left with visible marks on his body. This is not discipline in any form, this is outright abuse, and I am reporting it because no child should ever be treated this way.",Ragging & Harassment,High,11,57,2,0,302
"I am reporting severe harassment by a teacher who used humiliation as a punishment method. Boys were made to stand shirtless or do painful punishments in front of the class, and girls were threatened in ways that were meant to shame and scare them. This behavior crossed every limit of dignity and safety.",Ragging & Harassment,High,11,53,2,0,305
"There was a practice in school where if one student answered correctly, they were told to slap the student who answered wrongly. This created a culture of forced violence, fear, and public humiliation among children. It was deeply disturbing because students were made to harm one another under teacher instructions.",Ragging & Harassment,High,11,50,2,0,316
"I want to complain about the long-term trauma caused by repeated abuse in school. Even when I was not directly beaten, I had to constantly witness other children being hit, insulted, and humiliated. Being forced to watch that day after day was also traumatic and made school feel like a hostile place rather than a place of learning.",Ragging & Harassment,High,11,58,2,0,333
"I faced harassment from a teacher who singled me out in front of the whole class, mocked me, hit me with a cane, and continued to insult me even after I started crying. This was not done to correct behavior but to degrade me publicly. I still remember the incident with anger and shame.",Ragging & Harassment,High,11,54,2,0,286
"I am filing this complaint because students were physically punished for things beyond their control, like transport delays, dress code issues, or even handwriting. Teachers treated minor mistakes as if children had committed crimes. This level of aggression toward young students is abusive and unacceptable.",Ragging & Harassment,High,11,45,2,0,309
"I want to report emotional and physical abuse at home that escalated to the point where my mother was injured. My father slapped her hard enough to split her lip and cause bleeding, and this was over a trivial household matter. This is not just a family dispute but repeated domestic violence, and it has created fear and instability inside the home.",Ragging & Harassment,High,11,62,2,0,350
"After years of abuse inside the family, the situation escalated into threats, physical restraint, and a suicide attempt. Now there is fear not only of further violence, but also of false allegations and emotional blackmail. This has created a deeply unsafe environment for everyone involved, especially for my mother who has already been physically assaulted.",Ragging & Harassment,High,11,55,2,0,359
"I want to report bullying and harassment that teachers failed to stop. There were situations where children were targeted, blamed falsely, and left crying in fear because no adult wanted to listen to them. Instead of protecting vulnerable students, teachers added to that fear by normalizing punishment and intimidation.",Ragging & Harassment,High,11,49,2,0,320
"A teacher slapped me on my very first day after moving schools and when I asked why, the answer was basically that I “looked like I needed it.” That single act of unprovoked violence completely changed my relationship with school and authority. It was not correction, it was harassment and abuse of power.",Ragging & Harassment,High,11,53,2,0,305
"I am raising a serious complaint because younger children in primary classes were being beaten regularly for academic mistakes, incomplete homework, and even for failing to memorize answers properly. When very young children are made to fear adults every day, it causes lasting psychological harm and should be treated as a major safeguarding issue.",Ragging & Harassment,High,11,54,2,0,349
"I want to complain about the way humiliation was normalized in school. Even when punishments were not extremely violent, children were regularly made to feel small, ashamed, and publicly embarrassed for ordinary mistakes. Over time this made many students afraid to speak, ask questions, or even make eye contact with teachers.",Ragging & Harassment,Medium,11,51,1,0,327
"Teachers often took out their frustration on students through verbal abuse, threats, and unnecessary punishments. Instead of guiding students, they created an atmosphere where everyone was anxious about being insulted or targeted in front of the class. This kind of harassment affected confidence and interest in studies.",Ragging & Harassment,Medium,11,47,1,0,321
"I experienced a school environment where punishment was so common that children began believing they deserved it. This normalization of violence and shaming made us accept abusive authority without questioning it. Looking back now, I realize how damaging that environment really was.",Ragging & Harassment,Medium,11,42,1,0,283
"One major issue was that parents often supported the teachers even when the punishment was clearly excessive. Because of that, children had nowhere safe to report what was happening. The combination of school harassment and lack of support at home made students feel trapped and helpless.",Ragging & Harassment,Medium,11,46,1,0,288
"I want to report the emotional harassment caused by being constantly judged only by marks. Students were made to feel that their worth depended entirely on academic performance, and any small drop in marks invited punishment, fear, or humiliation. This pressure was damaging and affected mental health.",Ragging & Harassment,Medium,11,47,1,0,302
"A teacher once punished me by tearing pages from my notebook and attaching them to my shirt so I had to stay like that the whole day in school. This may not look as serious as physical assault, but it was deeply humiliating and meant only to shame me in front of everyone.",Ragging & Harassment,Medium,11,53,1,0,272
"Some teachers used intimidation in the name of discipline, making students do painful stress positions, kneel down, wall-sit, or hold their arms up for long periods. Even if this was normalized at the time, it was still abusive and created fear rather than respect.",Ragging & Harassment,Medium,11,44,1,0,265
"There were repeated incidents where academically weaker students were targeted more harshly than others. Instead of getting support, they were shamed, beaten, and made examples in front of the class. This kind of selective harassment affected their confidence and even changed the direction of their studies.",Ragging & Harassment,Medium,11,46,1,0,308
"I want to report the mental impact of constantly seeing classmates beaten and humiliated. Even students who were never directly punished started shaping their entire behavior around avoiding attention, avoiding mistakes, and pleasing authority figures at any cost. That environment was emotionally unhealthy for everyone.",Ragging & Harassment,Medium,11,45,1,0,321
"In some cases, students were falsely blamed for incidents and punished before anyone even tried to hear their side. This created a sense that fairness did not matter and that children had no right to defend themselves. That kind of treatment is deeply discouraging and emotionally harmful.",Ragging & Harassment,Medium,11,47,1,0,289
"There was also a strong culture of fear around complaining. Students knew that if they spoke up, they could face worse treatment later, especially if the teacher was senior or close to the principal. Because of this, many incidents of harassment went unreported.",Ragging & Harassment,Medium,11,43,1,0,262
"The system made students believe that strictness and violence were signs of “good teaching.” Because of that, many abusive teachers were even praised for producing results, while the emotional damage done to students was ignored. This mindset allowed harassment to continue for years.",Ragging & Harassment,Medium,11,43,1,0,284
"I felt uncomfortable in school because teachers often used harsh words and unnecessary scolding for very small issues. Even when it did not turn physical, the constant verbal aggression made the classroom stressful and unfriendly.",Ragging & Harassment,Low,11,35,0,0,230
"There was a general culture where students were expected to fear teachers instead of approaching them comfortably. Because of this, even simple interactions felt tense, and many students stayed silent rather than ask for help.",Ragging & Harassment,Low,11,35,0,0,226
"I want to mention that repeated public criticism in front of classmates also felt like harassment, even when it was not extreme. Small mistakes were made into public spectacles, which slowly damaged students’ confidence.",Ragging & Harassment,Low,11,34,0,0,220
"The school atmosphere encouraged obedience through fear rather than understanding. Students were constantly worried about punishment, and this made learning feel more like survival than education.",Ragging & Harassment,Low,11,26,0,0,196
"In some cases, strict disciplinary practices were not always physically violent, but they were still emotionally draining. Being made to stand for long periods, getting mocked for minor mistakes, or being treated like a problem student had a lasting effect.",Ragging & Harassment,Low,11,40,0,0,257
"Many students grew up thinking humiliation was a normal part of education. Even if certain incidents seemed “routine” at that time, they still made children anxious, withdrawn, and overly afraid of authority.",Ragging & Harassment,Low,11,32,0,0,208
"Another issue was the silence forced on students. Children were expected to quietly accept whatever treatment was given, even when it felt unfair or degrading. This normalized emotional suppression at a very young age.",Ragging & Harassment,Low,11,34,0,0,218
"I also want to point out that watching others get punished repeatedly created a low-level but constant fear in the classroom. Even if someone was not personally targeted every day, the environment itself felt unsafe and emotionally exhausting.",Ragging & Harassment,Low,11,38,0,0,243
"I want to file a serious complaint regarding physical harassment by a teacher. During class, I only smiled slightly when a friend shared a small joke with me. I did not disturb the lecture, I did not argue, and I did not behave disrespectfully in any way. Still, the teacher suddenly came up to me and slapped me multiple times very hard in front of the whole class. The incident has affected me deeply because I was punished publicly without any valid reason, and I now feel anxious and humiliated inside the classroom.",Ragging & Harassment,High,11,93,2,0,520
"I am raising a complaint about repeated physical abuse in school that has gone far beyond discipline. Students were regularly slapped, beaten with sticks, hit on the knuckles, and forced into painful punishments for minor issues like incomplete homework, low marks, or not following arbitrary classroom rules. This created an atmosphere of fear where children were not learning with confidence but were simply trying to avoid violence. Such treatment is abusive, degrading, and has long-term mental effects.",Ragging & Harassment,High,11,77,2,0,507
"I want to report severe harassment by school staff who used public humiliation as a way to control children. In several incidents, students were lined up and slapped one after another in front of the class or even by the principal. The purpose was not correction but fear and shame. This kind of treatment destroys a child’s confidence and makes school feel unsafe.",Ragging & Harassment,High,11,63,2,0,365
"I am submitting this complaint regarding a teacher who physically assaulted me and caused lasting harm. I was beaten harshly over an incident involving a scooter during recess, even though I was not given a proper chance to explain what happened. During the beating, one slap landed close to my ear, and since then I have continued to suffer pain in that ear for years. This was not a moment of discipline but an act of violence that left a permanent impact on my health.",Ragging & Harassment,High,11,85,2,0,471
"I want to complain about targeted harassment and bullying by a senior student. She used to beat me, tease me, and intimidate me whenever I walked from assembly to the classroom. This was not a one-time issue but repeated behavior that made me feel constantly unsafe in school. I was scared of seeing her and had to move around with fear because I never knew when she would target me again.",Ragging & Harassment,High,11,71,2,0,389
"I am reporting a deeply humiliating and abusive classroom environment where students were not only punished by teachers, but were also forced to slap one another when someone answered incorrectly. This practice normalized violence among children and made students both victims and unwilling participants in abuse. It created fear, guilt, and emotional trauma that stayed with many of us long after school ended.",Ragging & Harassment,High,11,63,2,0,411
"I want to raise a serious complaint about the emotional and physical abuse faced by students who were academically weak or simply unable to meet unrealistic expectations. Some teachers repeatedly beat such students, insulted them, made them sit on the floor, and humiliated them in front of others. This treatment did not help anyone improve — it only caused shame, fear, and long-term damage to self-esteem.",Ragging & Harassment,High,11,66,2,0,408
"I am filing a complaint because some teachers used physical punishment and verbal humiliation so aggressively that children began to associate school with terror. There are accounts of teachers breaking sticks on students, leaving marks on their bodies, choking them, and beating them over trivial reasons. This goes far beyond strictness and should be recognized as serious abuse of power.",Ragging & Harassment,High,11,60,2,0,390
"I want to report mental harassment caused by repeated public humiliation in school. Even when the punishment was not always extremely violent, students were constantly scolded, insulted, shamed, or made into examples in front of the class. This created a fear-based environment where children became scared of making even small mistakes.",Ragging & Harassment,Medium,11,51,1,0,337
"I am complaining about a teacher who used insulting and degrading methods instead of proper discipline. In one incident, pages were torn from a child’s notebook and pinned to their shirt so they had to spend the whole day in humiliation. Incidents like these may not always leave physical injuries, but they leave strong emotional pain and embarrassment that children carry for years.",Ragging & Harassment,Medium,11,63,1,0,384
"I want to raise concern about teachers using painful punishments like forcing students into “murga,” making them kneel, stand with raised arms, wall-sit, or remain in stress positions for long periods. These punishments were common and normalized, but they were physically exhausting and emotionally humiliating, especially when done in front of classmates.",Ragging & Harassment,Medium,11,52,1,0,357
"I am filing this complaint because students were often blamed and punished without being heard. In many situations, teachers assumed guilt, slapped or insulted the child, and moved on without listening to any explanation. This kind of treatment made students feel powerless and unsafe, because they knew they could be punished even when innocent.",Ragging & Harassment,Medium,11,54,1,0,346
"I want to report a pattern of emotional harassment where students were made to feel that their worth depended only on marks and performance. Children were threatened with failure, insulted for poor performance, and repeatedly told they were useless or would not succeed. Such language may not leave visible marks, but it causes deep psychological harm.",Ragging & Harassment,Medium,11,56,1,0,352
"I am complaining about the way some teachers used authority to terrify children rather than teach them. Students were constantly tense because they knew even small things like smiling, handwriting, missing homework, or asking questions could lead to punishment. This daily fear affected concentration, confidence, and mental health.",Ragging & Harassment,Medium,11,48,1,0,332
"I want to report harassment in the form of repeated intimidation from school staff. Some teachers behaved in such a way that the entire class prayed they would not come that day. Students were not only afraid of punishment but also of the humiliation, ridicule, and unpredictability that came with their presence in the classroom.",Ragging & Harassment,Medium,11,55,1,0,330
"I am raising a complaint that teachers often took out their personal frustration on students. Many children were verbally abused, physically punished, or ridiculed not because of serious misconduct, but because teachers were angry, impatient, or power-tripping. This misuse of authority created a harmful environment where students suffered for no justifiable reason.",Ragging & Harassment,Medium,11,52,1,0,367
"I want to complain about the general culture of fear and intimidation that existed in school. Even when not every incident involved severe violence, students were made to feel that teachers must be feared rather than trusted. This affected how we interacted in class and made the learning environment emotionally uncomfortable.",Ragging & Harassment,Low,11,51,0,0,327
"I am reporting that repeated verbal scolding, sarcasm, and harsh public criticism created a stressful atmosphere for students. Many children became silent, withdrawn, or overly anxious because they were constantly worried about being mocked in front of others.",Ragging & Harassment,Low,11,38,0,0,260
"I want to highlight that even witnessing other students getting beaten or humiliated had a serious effect on many of us. Some of us were not directly punished often, but seeing classmates treated that way every day made school feel unsafe and emotionally exhausting.",Ragging & Harassment,Low,11,44,0,0,266
"I am complaining about the way humiliation became normalized as part of education. Students were expected to accept scolding, insults, and public embarrassment as “normal,” which prevented many of us from speaking up or even recognizing that we were being mistreated.",Ragging & Harassment,Low,11,41,0,0,267
"I want to report that some disciplinary methods, though seen as routine at the time, were still degrading and harmful. Being made to stand for long periods, singled out publicly, or treated like a problem student for small mistakes slowly damaged confidence and self-worth.",Ragging & Harassment,Low,11,44,0,0,273
"I am raising concern about the silence around these incidents. Students were often afraid to complain because they believed nobody would support them, or that complaining would only make things worse. This fear allowed harassment and ragging-like behavior to continue unchallenged.",Ragging & Harassment,Low,11,41,0,0,281
"I want to mention that one ongoing issue was the emotional pressure created by authority figures who believed fear automatically meant respect. Because of this mindset, many teachers used harshness as a standard method, which made students feel trapped rather than guided.",Ragging & Harassment,Low,11,42,0,0,272
"I am submitting this as a low-priority but important complaint that repeated minor humiliation, rude treatment, and constant tension in school can also have lasting effects. Even when an incident seems small on its own, years of such treatment can shape how a child views authority, safety, and self-worth.",Ragging & Harassment,Low,11,49,0,0,306
"I want to report a serious incident where a teacher physically assaulted me in class without any valid reason. I was sitting normally during the first lecture and I yawned because I was not feeling well that day. The teacher suddenly started shouting and called me to the front of the class. Without asking anything properly, he slapped me on the head, hit me on my back with his elbow, pulled my hair, and pushed me hard. I even had bleeding on my arm and a swelling on my head after that. This was not discipline, this was violence, and I felt completely helpless in front of everyone.",Ragging & Harassment,High,11,108,2,0,587
"I am filing a complaint because one teacher used extreme physical punishment in front of the whole class just to show his authority. He kept laughing while hitting me and even said that he was appointed in school to beat students. Hearing that from a teacher made me feel scared and unsafe, because it means the punishment was not accidental but intentional. I now feel afraid to attend his class.",Ragging & Harassment,High,11,70,2,0,397
"I want to complain about repeated harassment in school where teachers use physical force instead of teaching. In one incident, I was called to the front of the class for a small mistake and the teacher slapped me several times in front of everyone. I did not shout or disturb the class, but I was treated as if I had done something serious. The humiliation in front of classmates affected me mentally more than the physical pain.",Ragging & Harassment,High,11,77,2,0,429
"I am raising a complaint about physical abuse that caused injury. During class, the teacher lost his temper and started beating me with hands and pushing me around. Because of that, I hit against the bench and almost fell on the floor. I was already sick and carrying medicines that day, but the teacher did not care. Such behavior from a teacher is dangerous and could have caused serious harm.",Ragging & Harassment,High,11,70,2,0,395
"I want to report harassment not only towards me but also towards other students, including disabled children. One of the teachers regularly insults students, laughs at them, and mentally abuses them in front of others. He even makes fun of students who cannot do activities properly. This kind of behavior makes students feel ashamed and scared to participate in class.",Ragging & Harassment,High,11,60,2,0,369
"I am filing this complaint because teachers in school often beat students for very small things like yawning, smiling, or not understanding something. In my case, I was punished only because the teacher thought I was not paying attention. There was no warning, no explanation, just immediate physical punishment in front of everyone, which felt very unfair and humiliating.",Ragging & Harassment,High,11,59,2,0,373
"I want to report that some teachers create their own rules and punish students for breaking rules that were never told before. Because of this, students are always afraid of doing something wrong unknowingly. When punishment comes without warning, it feels like harassment rather than discipline.",Ragging & Harassment,High,11,46,2,0,296
"I am raising a complaint about the fear created in school due to aggressive teachers. Many students do not speak up because they think no one will believe them. Teachers shout, insult, and hit students openly, but nobody takes action. Because of this, students feel that complaining will only make things worse.",Ragging & Harassment,High,11,52,2,0,311
"I want to complain about an incident where a teacher pulled my ear, slapped me multiple times, and threw me around just because of a misunderstanding. My ear started bleeding, and I was too scared to tell anyone at first. Only when my parents noticed the injury, the issue was taken seriously. Students should not have to get injured before someone listens.",Ragging & Harassment,High,11,62,2,0,357
"I am filing this complaint because humiliation is used as punishment in school. In earlier incidents, students were stripped, slapped, or beaten in front of others to scare the class. These punishments stay in memory for years and make students afraid of school instead of feeling safe.",Ragging & Harassment,High,11,47,2,0,286
"I want to complain about the way teachers shout and insult students in class for small mistakes. Even when they do not hit, the way they speak makes students feel embarrassed in front of everyone. Because of this, many students stay silent and stop asking questions.",Ragging & Harassment,Medium,11,46,1,0,266
"I am reporting that some teachers use anger as their main way of controlling the class. Instead of explaining things calmly, they immediately start yelling or threatening punishment. This makes the classroom environment stressful and uncomfortable.",Ragging & Harassment,Medium,11,36,1,0,248
"I want to raise concern about repeated public humiliation in school. Sometimes teachers make students stand in front of the class, scold them loudly, or call them useless just to show authority. Even if the mistake is small, the embarrassment in front of friends affects confidence.",Ragging & Harassment,Medium,11,46,1,0,282
"I am complaining about mental harassment where students are made to feel scared all the time. We never know when the teacher will get angry or punish someone. Because of this, students stay tense during the whole period instead of focusing on studies.",Ragging & Harassment,Medium,11,43,1,0,251
I want to report that teachers sometimes punish the whole class for the mistake of one student. This creates frustration and anger among students and leads to arguments between classmates. Such punishment feels unfair and unnecessary.,Ragging & Harassment,Medium,11,36,1,0,234
"I am raising a complaint about teachers who use sarcasm and insults instead of proper teaching. Some teachers laugh at students when they answer wrongly, which makes them feel ashamed and afraid to try again.",Ragging & Harassment,Medium,11,35,1,0,208
I want to complain that some teachers behave differently with different students. They target quiet students more because they know those students will not argue back. This kind of behavior feels like bullying.,Ragging & Harassment,Medium,11,33,1,0,210
"I am reporting that many students are scared to complain because they think teachers will reduce internal marks or target them later. Because of this fear, even serious incidents remain silent.",Ragging & Harassment,Medium,11,31,1,0,193
"I want to raise concern about strict classroom rules that are not written anywhere but still used to punish students. When rules keep changing according to teacher mood, students feel confused and stressed.",Ragging & Harassment,Medium,11,33,1,0,206
"I am complaining that some teachers use punishment to show power instead of solving the problem. Even when the mistake is small, the reaction becomes very big, which makes students feel unsafe.",Ragging & Harassment,Medium,11,32,1,0,193
"I want to mention that sometimes teachers use very harsh tone even for normal situations. Even when there is no physical punishment, the way they speak makes students uncomfortable.",Ragging & Harassment,Low,11,29,0,0,181
"I am reporting that students feel nervous in class because teachers get angry very quickly. Because of this, many students avoid talking or asking doubts.",Ragging & Harassment,Low,11,25,0,0,154
I want to complain about the overall atmosphere where students are expected to stay silent and scared instead of learning freely. This makes school feel strict in a negative way.,Ragging & Harassment,Low,11,30,0,0,178
"I am raising concern that some teachers make jokes about students in front of others. Even if they think it is funny, it makes the student feel embarrassed.",Ragging & Harassment,Low,11,28,0,0,156
"I want to report that constant scolding for small mistakes makes students lose confidence slowly. Even when there is no hitting, the pressure feels heavy.",Ragging & Harassment,Low,11,25,0,0,154
"I am complaining that students feel judged for everything they do, like yawning, smiling, or talking softly. Because of this, students feel they cannot behave normally in class.",Ragging & Harassment,Low,11,28,0,0,177
I want to mention that many students still remember punishments from years ago because they were humiliating. Even small incidents can stay in memory for a long time.,Ragging & Harassment,Low,11,28,0,0,166
I am reporting that fear of punishment makes students focus more on avoiding mistakes than on learning. This affects interest in studies.,Ragging & Harassment,Low,11,22,0,0,137
I want to complain that teachers sometimes assume students are wrong without listening to their side. This makes students feel that their voice does not matter.,Ragging & Harassment,Low,11,26,0,0,160
"I am raising concern that strict discipline is needed, but when it becomes too harsh, students start feeling that school is a place of fear instead of education.",Ragging & Harassment,Low,11,28,0,0,161
"I want to raise a complaint about the way some teachers publicly humiliate students for very small things. Even when the issue is minor, they shout in front of the whole class, insult the student, and make them feel embarrassed for no reason. This kind of treatment affects confidence and makes students scared to participate in class.",Ragging & Harassment,Medium,11,57,1,0,335
"I am reporting repeated harassment in the form of intimidation and unfair targeting by teachers. Certain students are singled out because they are quiet and less likely to argue back. Instead of correcting mistakes properly, the teachers use fear, harsh words, and public scolding, which creates stress and makes the classroom feel unsafe.",Ragging & Harassment,Medium,11,53,1,0,339
"I want to complain about the constant mental pressure caused by strict and unpredictable behavior from teachers. Students never know when a small action like smiling, asking a doubt, or talking softly will lead to shouting or humiliation. Because of this, many students remain tense throughout the class and cannot focus properly on their studies.",Ragging & Harassment,Medium,11,55,1,0,347
"I want to mention that some teachers use rude and mocking language with students even when the situation does not require it. While this may not always become a major incident, it still makes students feel uncomfortable and disrespected in the classroom.",Ragging & Harassment,Low,11,42,0,0,254
"I am raising a concern that repeated small acts of humiliation, like sarcastic comments, unnecessary scolding, or making jokes about students in front of others, are becoming common. These incidents may seem minor individually, but over time they affect a student’s confidence and make school feel emotionally draining.",Ragging & Harassment,Low,11,48,0,0,319
"I want to report that sometimes teachers react too harshly even when students make normal mistakes. Instead of explaining calmly, they raise their voice or make the student stand in front of everyone, which feels unnecessary. Even though the situation is not very serious, these repeated small incidents make students feel nervous and uncomfortable during class.",Ragging & Harassment,Low,11,56,0,0,362
"“I’m a PhD student, and a senior professor I had been collaborating with started crossing boundaries with me during in-person meetings. What made it worse is that he was someone I trusted professionally and saw as a mentor, so I didn’t immediately understand how serious it was until things became much more direct and personal.”",Ragging & Harassment,High,11,55,2,0,329
"“During a cab ride, this professor held my hands the entire time. I felt shocked and deeply uncomfortable, but I froze and didn’t know how to react in that moment because of the power dynamic between us.”",Ragging & Harassment,High,11,37,2,0,204
"“When we were saying goodbye after a research visit, he hugged me and kissed me repeatedly on both cheeks in a way that felt far too deliberate and intimate. Then he looked at me and asked if he could kiss me, which made me panic even more because he had already crossed my boundaries without asking.”",Ragging & Harassment,High,11,56,2,0,301
"“I’ve been realizing that what happened was not just awkward behavior but harassment from someone in a position of influence over my future career. He had been involved in projects, future opportunities, and recommendation letters, which made it much harder for me to process or respond in the moment.”",Ragging & Harassment,High,11,49,2,0,302
"“He invited me to his hotel room under the excuse of continuing work discussions, and at the time I convinced myself it was just professional. Looking back, it’s clear that he was using work as a cover to test boundaries and create situations where I would be alone with him.”",Ragging & Harassment,High,11,50,2,0,276
"“The day after another work meeting, he told me that next time we met at a conference, we should watch a movie together in his room. That comment immediately made me realize that his intentions were not professional at all, and it completely changed how I saw all of our past interactions.”",Ragging & Harassment,High,11,52,2,0,290
"“I had trusted this collaborator for years, and now I feel like all of that trust was used against me. What hurts most is that I’m the one who now has to walk away from projects, publications, and opportunities because of his behavior.”",Ragging & Harassment,High,11,43,2,0,236
"“I’ve been going through flashbacks and rethinking earlier moments that I brushed off at the time. Now I can see there were multiple red flags, but because he was such a senior and respected person in the field, I kept doubting my own instincts.”",Ragging & Harassment,High,11,44,2,0,246
"“I no longer feel safe continuing any collaboration with this professor, and it feels like I’m being forced to give up years of work and future career opportunities because he crossed the line.”",Ragging & Harassment,High,11,33,2,0,194
"“I feel trapped because if I report what happened, I’m scared it will damage my career far more than his. He is far more established and influential than I am, and that makes the situation feel terrifying and unfair.”",Ragging & Harassment,High,11,39,2,0,217
"“These students sexually harassed me across two full semesters, and even after I repeatedly raised the issue, nothing meaningful changed. It got to the point where I stopped going to class because I no longer felt safe being there.”",Ragging & Harassment,High,11,39,2,0,232
"“A large group of male students kept harassing me in class, and it wasn’t limited to school. They also started showing up outside campus, including at my workplace, which made me feel like I couldn’t get away from it.”",Ragging & Harassment,High,11,39,2,0,218
"“I kept reporting the harassment to professors and faculty, but most of them either ignored me or did nothing. I felt abandoned by the college even though I had been asking for help consistently.”",Ragging & Harassment,High,11,34,2,0,196
"“The school held a meeting about sexual harassment and announced rules to protect me, including banning phones in class, but those rules were not enforced and the harassment continued anyway. It felt like the college only wanted to look like it was doing something without actually protecting me.”",Ragging & Harassment,High,11,48,2,0,297
"“I stopped attending classes halfway through the second semester because I did not feel safe anymore. I was being harassed in and outside of school, and the situation had become too overwhelming for me to continue normally.”",Ragging & Harassment,High,11,37,2,0,224
"“Not only was I being sexually harassed, but the school also failed to stop constant disruption in class, so my ability to learn was affected from every direction. I feel like I lost both my education and my sense of safety.”",Ragging & Harassment,High,11,41,2,0,225
"“My personal information, including very sensitive details, was sent by administrative staff to the wrong email address. After everything else that had already happened, this made me feel even more unsafe and unsupported by the institution.”",Ragging & Harassment,High,11,36,2,0,241
"“I did everything I was supposed to do — I reported the problem, I followed up, I documented it — and still nothing was properly handled. Now I’m the one being pushed out of the program while the people harassing me face no real consequences.”",Ragging & Harassment,High,11,45,2,0,243
"“I had been working closely with a very senior professor outside my university, and over time some of his behavior started making me uncomfortable. At first I kept telling myself I was probably overthinking it because I didn’t want to jeopardize the collaboration.”",Ragging & Harassment,Medium,11,43,1,0,265
"“A year earlier, when we were saying goodbye, he hugged me and kissed me on the cheek. It felt strange, but I brushed it off at the time because I didn’t know whether I was misreading the situation.”",Ragging & Harassment,Medium,11,38,1,0,199
“I tried to lower my guard because some of his former and current female students told me they had never noticed anything inappropriate about him. That made me doubt my own discomfort and keep second-guessing myself.”,Ragging & Harassment,Medium,11,36,1,0,217
"“Even before the more obvious incident, I had already felt uneasy when he casually invited me to his hotel room to continue working on a paper. I went along with it because he made it sound practical and professional, but I did not feel fully comfortable.”",Ragging & Harassment,Medium,11,46,1,0,256
"“I feel angry that I’m now the one who has to give up projects, publications, and professional connections even though I’m not the person who behaved inappropriately. It feels like I’m being punished for someone else’s actions.”",Ragging & Harassment,Medium,11,37,1,0,228
“I’m afraid to tell my advisor what happened because I worry he may not know what to do or may feel powerless because the other professor is such a major figure in the field. That makes me feel even more isolated.”,Ragging & Harassment,Medium,11,41,1,0,214
"“I have a conference coming up soon where this professor will also be present, and I honestly don’t know how to handle it. I’m considering canceling because I don’t feel ready or safe enough to see him again so soon.”",Ragging & Harassment,Medium,11,40,1,0,217
"“He has been messaging me asking why I’ve suddenly gone quiet, and I feel stressed every time I see his name pop up. The messages are not obviously inappropriate, but they make me feel pressured and unsettled.”",Ragging & Harassment,Medium,11,37,1,0,210
"“I’m trying to figure out how to withdraw from ongoing projects without directly confronting him, but that feels complicated because everyone involved will notice and likely ask questions.”",Ragging & Harassment,Medium,11,28,1,0,189
"“I’m worried that if I say too much to people in his lab, the story could get back to him and he could flip the narrative against me. Because of his influence, I’m scared he could quietly damage my reputation.”",Ragging & Harassment,Medium,11,40,1,0,210
"“The harassment in my classes wasn’t just one isolated moment. It kept happening across both semesters, and that constant pattern made me feel exhausted and unsafe.”",Ragging & Harassment,Medium,11,26,1,0,165
"“I reported the situation to professors multiple times, but many of them never even replied to my emails. It was frustrating to feel like no one took the problem seriously until I pushed it much further.”",Ragging & Harassment,Medium,11,36,1,0,204
"“The school introduced rules after I escalated the issue, but they didn’t make sure those rules were actually followed. So in practice, nothing really improved for me.”",Ragging & Harassment,Medium,11,27,1,0,168
"“Even when the college finally responded, the solutions they gave me felt unfair. I was basically told to either rush through a huge amount of work under pressure or drop out and accept a partial refund.”",Ragging & Harassment,Medium,11,36,1,0,204
“I feel like the administration treated this as a scheduling or academic issue instead of recognizing how badly the harassment had affected my ability to stay in the program.”,Ragging & Harassment,Medium,11,29,1,0,175
"“The students causing problems were also very disruptive during class, and that made the learning environment worse for everyone. It wasn’t just about harassment — it also meant I couldn’t get the quality education I had paid for.”",Ragging & Harassment,Medium,11,38,1,0,231
"“I kept trying to solve the issue through the proper channels, but every step felt like I had to beg people to care. That has made me lose trust in the institution completely.”",Ragging & Harassment,Medium,11,33,1,0,176
"“I feel like I’m the one carrying all the consequences, while the students who made the environment unsafe get to continue as if nothing happened.”",Ragging & Harassment,Medium,11,25,1,0,147
"“At first, I just felt like some of his behavior was a little too personal for a professional mentor relationship, but I kept trying to ignore that feeling because I didn’t want to believe something was wrong.”",Ragging & Harassment,Low,11,37,0,0,210
"“There were small moments over time that made me uncomfortable, but because nothing huge had happened yet, I kept telling myself I was probably being too sensitive.”",Ragging & Harassment,Low,11,27,0,0,165
"“I noticed that I felt uneasy whenever he framed private meetings or one-on-one situations as casual and harmless. On paper it sounded normal, but something about it kept bothering me.”",Ragging & Harassment,Low,11,30,0,0,185
“What confused me most was that he seemed so trusted and respected by everyone around him. That made it harder for me to trust my own judgment when I started feeling uncomfortable.”,Ragging & Harassment,Low,11,32,0,0,181
"“I kept wondering whether I was misreading cultural behavior, and that made me dismiss my own discomfort for much longer than I should have.”",Ragging & Harassment,Low,11,24,0,0,141
"“I feel upset with myself for brushing off earlier warning signs, even though I know that I was reacting the way many people do when they trust someone professionally.”",Ragging & Harassment,Low,11,29,0,0,168
"“It’s hard to explain to others because from the outside some of these interactions might seem small, but when they happen in a power-imbalanced mentoring relationship, they feel very different.”",Ragging & Harassment,Low,11,30,0,0,195
"“I’m still trying to make sense of everything because I didn’t include all the smaller details at first. There were multiple things that felt off, but I only fully understood the pattern once the behavior became more obvious.”",Ragging & Harassment,Low,11,38,0,0,226
“I feel emotionally drained because I keep going back over old interactions and asking myself whether I should have acted differently earlier.”,Ragging & Harassment,Low,11,22,0,0,143
"“I haven’t really had anyone to talk to about this yet, so the whole thing still feels messy and confusing in my head.”",Ragging & Harassment,Low,11,23,0,0,119
"“At the beginning, I thought the problem in class was maybe just a few disrespectful comments, but over time it became clear that the behavior was repeated and targeted.”",Ragging & Harassment,Low,11,29,0,0,170
"“I tried to keep attending class and handling it quietly at first, but the atmosphere kept getting worse instead of better.”",Ragging & Harassment,Low,11,21,0,0,124
"“Even when the school said they were putting rules in place, I didn’t feel like anything actually changed for me in the classroom.”",Ragging & Harassment,Low,11,23,0,0,131
“I started feeling tense before classes because I knew there was a chance the same students would act up again and nothing would be done about it.”,Ragging & Harassment,Low,11,27,0,0,147
“One of the hardest parts was feeling like I had to keep proving that the problem was real before anyone would take it seriously.”,Ragging & Harassment,Low,11,24,0,0,130
"“I expected faculty to create a safe learning environment, but instead I often felt like I was left to deal with everything by myself.”",Ragging & Harassment,Low,11,24,0,0,135
“I felt like my concerns were treated as an inconvenience rather than a serious student safety issue.”,Ragging & Harassment,Low,11,17,0,0,102
"“Over time, the combination of harassment, classroom disruption, and poor support made me stop feeling like this was even a place where I could learn properly.”",Ragging & Harassment,Low,11,26,0,0,160
"There is a student in my college who keeps trying to talk to me even after I made it clear that I am not interested. Every time he sees me on campus, he comes near me and starts asking random questions just to continue the conversation. I try to ignore him or give short replies, but he doesn’t understand that I want to be left alone, and this makes me uncomfortable when I have to walk alone to class.",Ragging & Harassment,Low,11,79,0,0,403
"I feel uneasy on campus because one guy keeps asking for my Instagram and phone number even after I refused many times. At first I thought he was just being friendly, but he keeps coming near me whenever he sees me, and now I feel awkward going through the same corridor because I know he might stop me again.",Ragging & Harassment,Low,11,59,0,0,309
"There is a student who keeps staring at me during breaks and tries to start conversations when I am alone. He hasn’t said anything offensive, but the way he keeps watching and waiting to talk makes me feel uncomfortable, so I try to stay around my friends most of the time.",Ragging & Harassment,Low,11,51,0,0,273
"One person in my class keeps asking personal questions like where I stay, who I go out with, and what my schedule is. I don’t know him well, so these questions make me feel awkward, but he keeps asking like it is normal. Because of this, I feel uncomfortable sitting near him during lectures.",Ragging & Harassment,Low,11,54,0,0,292
"I try to avoid one particular student because he keeps following me after class to continue talking. Even when I say I have work to do or I am in a hurry, he keeps walking next to me and asking questions. It’s not anything serious, but it makes me feel nervous when I am alone.",Ragging & Harassment,Low,11,55,0,0,277
"There is a guy who keeps trying to act friendly even though I never encouraged him. He keeps coming and standing near me and asking why I don’t talk much. I don’t want to be rude, but I also don’t feel comfortable talking to him, and this situation keeps repeating almost every day.",Ragging & Harassment,Low,11,53,0,0,282
"I feel uncomfortable because a student keeps trying to sit near me in the library even when there are many other empty seats. He then starts small talk and keeps asking questions, and I feel awkward because I just want to study quietly.",Ragging & Harassment,Low,11,43,0,0,236
"One student keeps messaging me on social media and also tries to talk to me in college even after I stopped replying. He hasn’t done anything serious, but the constant attempts to talk make me feel uneasy, and now I try to avoid places where I might see him.",Ragging & Harassment,Low,11,49,0,0,258
"There is a person who keeps asking me to hang out after college even though I already told him I am not interested. He keeps saying things like “just come once” or “why are you saying no,” and I feel uncomfortable because he doesn’t accept my answer.",Ragging & Harassment,Low,11,47,0,0,250
"I noticed that one student keeps approaching girls when they are alone and trying to start conversations. He did the same with me, and even after I told him I was busy, he kept talking. It may not seem like a big issue, but it makes me feel unsafe when I am by myself.",Ragging & Harassment,Low,11,54,0,0,268
"I feel nervous walking alone in campus because one guy keeps trying to get my attention whenever he sees me. Even if I ignore him, he calls my name or walks close to me and tries to talk, which makes me uncomfortable.",Ragging & Harassment,Low,11,42,0,0,217
"There is a student who keeps asking me why I avoid him and keeps trying to force a conversation. I don’t want to create a scene, so I stay quiet, but inside I feel very uneasy whenever he comes near me.",Ragging & Harassment,Low,11,41,0,0,202
"I feel awkward because one person keeps waiting near the classroom door and tries to talk every time I come out. He doesn’t say anything wrong, but the repeated behavior makes me uncomfortable.",Ragging & Harassment,Low,11,33,0,0,193
"One guy keeps trying to joke with me and start conversations even though I clearly show I am not interested. I try to stay polite, but he doesn’t understand that I want to keep distance.",Ragging & Harassment,Low,11,35,0,0,186
"There is a student who keeps asking me about my personal life even though we are not friends. He keeps asking where I live, who I talk to, and what I do after college, and this makes me uncomfortable.",Ragging & Harassment,Low,11,39,0,0,200
"I feel uncomfortable because someone keeps coming near me during lunch break and trying to sit with me without asking. I don’t want to be rude, but I also don’t feel comfortable talking to him.",Ragging & Harassment,Low,11,35,0,0,193
One student keeps following me while walking to the bus stop and tries to continue talking even when I say I have to go. It makes me nervous because I don’t like being followed like that.,Ragging & Harassment,Low,11,36,0,0,187
"There is a guy who keeps trying to talk to me whenever I am alone, but when I am with friends he stays away. Because of that, I feel uncomfortable being alone on campus.",Ragging & Harassment,Low,11,34,0,0,169
"I feel stressed because one person keeps asking me why I don’t reply to his messages and keeps trying to talk in person. I don’t want any problem, but his behavior makes me uneasy.",Ragging & Harassment,Low,11,34,0,0,180
"One student keeps trying to get my attention in class by calling my name or asking unnecessary questions. It is not serious harassment, but it makes me uncomfortable during lectures.",Ragging & Harassment,Low,11,30,0,0,182
"There is a person who keeps trying to walk with me after class even though I never asked him to. I don’t know how to say no without sounding rude, so I just try to leave quickly, but it keeps happening.",Ragging & Harassment,Low,11,41,0,0,202
I feel uncomfortable because one student keeps staring at me during class and tries to talk after lecture even when I clearly avoid eye contact.,Ragging & Harassment,Low,11,25,0,0,144
"There is a guy who keeps asking me to sit with him or talk with him, and when I say no, he keeps asking the reason again and again. This makes me feel awkward and pressured.",Ragging & Harassment,Low,11,36,0,0,173
I noticed that one student keeps trying to start conversations every day even though I only give short replies. He doesn’t understand that I am not interested in talking.,Ragging & Harassment,Low,11,29,0,0,170
"I feel uneasy because someone keeps trying to come close and talk whenever I am alone in the corridor. He hasn’t done anything wrong, but the repeated behavior makes me uncomfortable.",Ragging & Harassment,Low,11,31,0,0,183
"“I have heard that some students were stripped naked, drugged through injections, and forced to drink alcohol.”",Ragging & Harassment,High,11,17,2,0,111
“My cousin brother went deaf in one ear after a senior punched him because he refused to slap his best friend and batchmate.”,Ragging & Harassment,High,11,23,2,0,125
“My brother and his friends were beaten with sticks after they resisted when seniors pulled off his cloth and opened all of his hair.”,Ragging & Harassment,High,11,24,2,0,134
"“He was injured badly, and only after parents threatened legal action were those seniors suspended.”",Ragging & Harassment,High,11,15,2,0,100
"“I was beaten up by a few seniors for no reason at all, and they justified it by saying they were trying to ‘correct’ me.”",Ragging & Harassment,High,11,25,2,0,122
“There was one bully who used to beat juniors just because he was drunk.”,Ragging & Harassment,High,11,14,2,0,73
“One of our seniors died due to ragging.”,Ragging & Harassment,High,11,8,2,0,41
“They made him dance in his underwear and kept beating on hostel doors in the middle of the night.”,Ragging & Harassment,High,11,19,2,0,99
“They took away his phone and laptop and kept him scared all the time.”,Ragging & Harassment,High,11,14,2,0,71
“My professor told seniors to ‘talk’ to me after class in the department building where no other first semester student remained.”,Ragging & Harassment,High,11,21,2,0,130
“A male classmate openly said he would bring people to beat me up and show me my position.”,Ragging & Harassment,High,11,18,2,0,91
"“I was humiliated in class, threatened, and later consistently scored strikingly low in the papers he evaluated.”",Ragging & Harassment,High,11,17,2,0,113
"“Seniors made juniors strip to their underwear, attach condom balloons to their chests, and march to the girls’ hostel at midnight.”",Ragging & Harassment,High,11,21,2,0,132
"“Last year one of the juniors complained, and only then did the ragging stop completely.”",Ragging & Harassment,High,11,15,2,0,89
“I got slapped once for wearing a belt as a first-year student.”,Ragging & Harassment,High,11,12,2,0,64
“Some seniors used to beat up juniors after drinking and treated it like normal discipline.”,Ragging & Harassment,High,11,15,2,0,92
"“I was threatened that if I didn’t wear jeans from the next day, they would throw me outside the college gate.”",Ragging & Harassment,High,11,21,2,0,111
"“They stood on both sides, held my shoulders, and intimidated me for simply wearing track pants.”",Ragging & Harassment,High,11,16,2,0,97
“Some batchmates had to face much harsher hostel ragging that went on for weeks.”,Ragging & Harassment,High,11,14,2,0,81
“They made us read erotic content aloud and replace the female character’s name with ‘my mother’.”,Ragging & Harassment,High,11,16,2,0,98
“They forced us to drink Old Monk and do push-ups on the terrace until many people vomited.”,Ragging & Harassment,High,11,17,2,0,92
“They made one student strip down to his underwear and act like Superman.”,Ragging & Harassment,High,11,13,2,0,74
"“Juniors were told to remove ‘whatever is worn underneath,’ pretending the answer was socks, but the humiliation was obvious.”",Ragging & Harassment,High,11,19,2,0,126
“Some first-years were called to the bathroom and shown pornography as part of ragging.”,Ragging & Harassment,High,11,14,2,0,88
"“I had to delete all my social media apps because of the pressure, humiliation, and hostility after the incident.”",Ragging & Harassment,High,11,19,2,0,114
“I was threatened that I could be thrown out of the institution.”,Ragging & Harassment,High,11,12,2,0,65
“I was told I might fail internals and remain trapped there for years if I did not apologize.”,Ragging & Harassment,High,11,18,2,0,94
"“I was beaten because I didn’t want to follow a senior’s demand, and the trauma stayed with me.”",Ragging & Harassment,High,11,18,2,0,96
"“Just because I couldn’t solve a stupid dad joke, I was made to do sit-ups holding my ears in front of the whole batch. The mental trauma never left.”",Ragging & Harassment,High,11,29,2,0,150
“I was made to walk on my knees in the name of ragging.”,Ragging & Harassment,Medium,11,13,1,0,56
“Seniors would bang on our hostel doors in the middle of the night and call us outside.”,Ragging & Harassment,Medium,11,17,1,0,88
“We were told to keep our heads down while speaking to seniors and address them as ‘boss’ or ‘ma’am.’”,Ragging & Harassment,Medium,11,19,1,0,102
“We were warned not to be seen with girls from our own batch.”,Ragging & Harassment,Medium,11,13,1,0,62
“We were told not to go anywhere except from the hostel to college and back.”,Ragging & Harassment,Medium,11,15,1,0,77
"“Seniors forced us to keep a clean shave, get short haircuts, and wear formals.”",Ragging & Harassment,Medium,11,14,1,0,80
“I was called out in the middle of the night with my friends and we were slut-shamed.”,Ragging & Harassment,Medium,11,17,1,0,86
“Our warden knew what was happening but still allowed it to continue.”,Ragging & Harassment,Medium,11,12,1,0,70
"“Even after I stood up for myself, seniors kept targeting me throughout my five years in college.”",Ragging & Harassment,Medium,11,17,1,0,98
“I was singled out by the senior-most student in the college.”,Ragging & Harassment,Medium,11,11,1,0,62
"“Nothing physical happened to me, but the harassment continued until the college fest, and I avoided it every year because of that.”",Ragging & Harassment,Medium,11,22,1,0,132
“A senior warned me never to be seen talking to a particular girl.”,Ragging & Harassment,Medium,11,13,1,0,67
"“As first-years, we were told not to walk near tea stalls or talk to girls.”",Ragging & Harassment,Medium,11,15,1,0,76
“I was ordered to go to a senior’s room at 7 pm just because I called him ‘bhaiya’ instead of ‘sir.’”,Ragging & Harassment,Medium,11,21,1,0,101
"“In a cramped room full of seniors, I was forced to introduce myself, talk about my rank and family, and then sing and dance.”",Ragging & Harassment,Medium,11,24,1,0,126
“One senior questioned why I was wearing track pants and threatened me over it.”,Ragging & Harassment,Medium,11,14,1,0,80
“I was forced to imitate Sunny Leone as part of ragging.”,Ragging & Harassment,Medium,11,11,1,0,57
“I was told to propose to a classmate or sing songs in front of others.”,Ragging & Harassment,Medium,11,15,1,0,72
“I was made to describe my journey from home to college without using any English because seniors assumed I couldn’t speak proper Bangla.”,Ragging & Harassment,Medium,11,23,1,0,138
“Juniors were forced to recite multiplication tables just so seniors could dominate us.”,Ragging & Harassment,Medium,11,13,1,0,88
“I was made to do sit-ups in front of everyone over a very small mistake.”,Ragging & Harassment,Medium,11,15,1,0,74
“I was mocked with weird names and judged based on my appearance.”,Ragging & Harassment,Medium,11,12,1,0,66
"“A professor indirectly mocked me through another student, saying I looked like a lesbian, and even suggested that people might think I was his girlfriend.”",Ragging & Harassment,Medium,11,25,1,0,156
“I stayed silent for weeks because I was afraid of what would happen if I spoke up.”,Ragging & Harassment,Medium,11,17,1,0,84
"“After the issue came out, many of my classmates stopped talking to me.”",Ragging & Harassment,Medium,11,13,1,0,72
“I was deliberately targeted because I was seen as rebellious and outspoken.”,Ragging & Harassment,Medium,11,12,1,0,77
“Seniors constantly pressured juniors to dress a certain way and behave like inferiors.”,Ragging & Harassment,Medium,11,13,1,0,88
“Some seniors used ‘intro’ as an excuse to control juniors and make us uncomfortable.”,Ragging & Harassment,Medium,11,14,1,0,86
"“I heard of students being forced to dance, sing, mimic people, and crack jokes even when they were clearly uneasy.”",Ragging & Harassment,Medium,11,20,1,0,116
"“I am unathletic and introverted, and I was terrified of the kinds of tasks seniors might force me to do.”",Ragging & Harassment,Medium,11,20,1,0,106
“Seniors made it very clear that refusing them could make life in college much harder.”,Ragging & Harassment,Medium,11,15,1,0,87
“I don’t like that first-years are expected to look down while talking to seniors.”,Ragging & Harassment,Low,11,14,0,0,83
"“I was told to call seniors ‘sir’, ‘boss’, or ‘ma’am’ even when it wasn’t a formal situation.”",Ragging & Harassment,Low,11,17,0,0,94
“We were told not to casually talk to girls from our own batch.”,Ragging & Harassment,Low,11,13,0,0,64
“There was constant pressure to stay in formals and maintain a specific look all the time.”,Ragging & Harassment,Low,11,16,0,0,91
“I was made to give an intro and answer personal questions in front of seniors.”,Ragging & Harassment,Low,11,15,0,0,80
"“Seniors kept asking basic details like my name, state, rank, and family background again and again.”",Ragging & Harassment,Low,11,16,0,0,101
“I was told to sing and dance as part of the intro.”,Ragging & Harassment,Low,11,12,0,0,52
“I was asked silly and unnecessary personal questions that had nothing to do with college.”,Ragging & Harassment,Low,11,15,0,0,91
“They even tried to make me eat a leaf nearby just for fun during ragging.”,Ragging & Harassment,Low,11,15,0,0,75
"“At first I went along with it thinking it was harmless, but it still felt uncomfortable.”",Ragging & Harassment,Low,11,16,0,0,90
“I was made to do embarrassing tasks in front of others even though they said it was harmless.”,Ragging & Harassment,Low,11,18,0,0,95
“There was this culture where juniors were expected to act submissive for no real reason.”,Ragging & Harassment,Low,11,15,0,0,90
"“Even when it looked funny to others, it felt like seniors were just trying to show their power over us.”",Ragging & Harassment,Low,11,20,0,0,105
“I had to introduce myself repeatedly to different seniors for no reason.”,Ragging & Harassment,Low,11,12,0,0,74
“Some seniors showed too much attitude and expected extra respect from us.”,Ragging & Harassment,Low,11,12,0,0,75
"“For the first few days, there were intro-type tasks just so seniors could show their dominance.”",Ragging & Harassment,Low,11,16,0,0,97
"“There wasn’t any physical ragging, but verbal ragging was still very common.”",Ragging & Harassment,Low,11,12,0,0,78
"“They called it tradition, but it still made juniors uncomfortable.”",Ragging & Harassment,Low,11,10,0,0,68
"“People say it’s just intro, but sometimes it clearly feels humiliating.”",Ragging & Harassment,Low,11,11,0,0,73
“We were expected to follow unwritten rules made by seniors even though they were never official.”,Ragging & Harassment,Low,11,16,0,0,98
"“I still remember being slapped by a teacher in front of everyone for something I didn’t even do. I couldn’t say anything back, and that feeling of helplessness has stayed with me for years.”",Ragging & Harassment,High,11,34,2,0,191
"“I was constantly insulted in class because I’m dyslexic. Instead of helping me, the teacher used me as an example to humiliate.”",Ragging & Harassment,High,11,22,2,0,129
“I got denied opportunities like Olympiads just because I wasn’t in the teacher’s ‘good books’. It felt like punishment for no real reason.”,Ragging & Harassment,High,11,23,2,0,140
“I was slut-shamed for years just because I had a couple of male friends. Teachers made it worse by involving my parents and turning it into something it wasn’t.”,Ragging & Harassment,High,11,29,2,0,162
"“The harassment didn’t stop at school. Because of what teachers told my parents, I had to face physical abuse at home too.”",Ragging & Harassment,High,11,22,2,0,123
"“I was slapped hard in front of the entire class because I had a boyfriend, and the teacher even said if I was his daughter, he would have thrown me from the third floor.”",Ragging & Harassment,High,11,34,2,0,171
"“I’ve had teachers beat me, harass me, and humiliate me repeatedly just because they didn’t like me.”",Ragging & Harassment,High,11,17,2,0,101
“I was bullied so badly by both students and teachers that I still avoid thinking about my childhood completely.”,Ragging & Harassment,High,11,19,2,0,113
“I was constantly targeted in class even though I didn’t create any trouble. The teachers just seemed to have a problem with me personally.”,Ragging & Harassment,High,11,24,2,0,140
“I was made to feel like I was mentally unstable or needed therapy just because I had male friends. Teachers completely misrepresented me.”,Ragging & Harassment,High,11,23,2,0,139
“Teachers used to humiliate me daily for not being good at studies. It destroyed my confidence and made me scared of authority.”,Ragging & Harassment,High,11,22,2,0,128
"“I was sexually harassed and targeted by a group of students, and teachers did nothing even after I reported it multiple times.”",Ragging & Harassment,High,11,22,2,0,128
"“They used to push into me in crowded school spaces, and when I reacted, the teacher blamed me for being aggressive.”",Ragging & Harassment,High,11,21,2,0,117
“I remember being constantly harassed and no teacher stepping in to protect me. Some of them even supported the bullies.”,Ragging & Harassment,High,11,20,2,0,121
“I still get flashbacks and anger episodes because of how teachers treated me back then. It feels like it affected me permanently.”,Ragging & Harassment,High,11,22,2,0,131
“There were a few teachers who clearly disliked me and would pick on me for small things. Even now I remember those incidents clearly.”,Ragging & Harassment,Medium,11,24,1,0,135
"“I was treated unfairly compared to the teacher’s favorite students, even when my performance was better.”",Ragging & Harassment,Medium,11,16,1,0,106
"“I once lost an award by one mark, and later found out another student was given extra marks just to win it.”",Ragging & Harassment,Medium,11,22,1,0,109
"“Teachers used to assume I was responsible for any disturbance in class, even when I wasn’t involved at all.”",Ragging & Harassment,Medium,11,19,1,0,109
"“I felt like teachers had already labeled me as a troublemaker, so anything that happened automatically became my fault.”",Ragging & Harassment,Medium,11,19,1,0,121
"“I was ignored when it came to recognition, even though my work was published outside school. It felt very discouraging.”",Ragging & Harassment,Medium,11,20,1,0,121
“I was passed over for opportunities even though I deserved them academically. It always went to students they preferred.”,Ragging & Harassment,Medium,11,19,1,0,122
"“I had a teacher question how I even got into the school, even though I had scored among the highest.”",Ragging & Harassment,Medium,11,20,1,0,102
"“Teachers used to treat rich or popular students better, while others were ignored or insulted.”",Ragging & Harassment,Medium,11,15,1,0,96
"“I felt like I was constantly judged for being different or socially awkward, and teachers never tried to understand that.”",Ragging & Harassment,Medium,11,20,1,0,123
"“I was never encouraged in areas I was good at, like creative work. It felt like only academics mattered to them.”",Ragging & Harassment,Medium,11,21,1,0,114
"“I tried reporting harassment, but most teachers didn’t even respond to my complaints.”",Ragging & Harassment,Medium,11,13,1,0,87
"“Even when rules were introduced to stop harassment, teachers didn’t enforce them, so nothing actually changed.”",Ragging & Harassment,Medium,11,16,1,0,112
“I felt like teachers enjoyed exercising their authority over students instead of actually helping us.”,Ragging & Harassment,Medium,11,15,1,0,103
"“I was made to feel like I wouldn’t succeed in life, even though I later proved them wrong.”",Ragging & Harassment,Medium,11,18,1,0,92
"“I always felt like some teachers had already made up their mind about me, and no matter what I did, it didn’t change.”",Ragging & Harassment,Low,11,23,0,0,119
"“There were small comments and behaviors that made me uncomfortable, but at the time I didn’t realize how harmful they were.”",Ragging & Harassment,Low,11,21,0,0,125
“I felt like teachers ignored students who didn’t fit into their idea of ‘good’ or ‘normal’.”,Ragging & Harassment,Low,11,16,0,0,93
"“I was never directly supported, even when I was struggling. It felt like I was invisible in class.”",Ragging & Harassment,Low,11,18,0,0,100
"“I noticed that teachers treated some students with respect and others with irritation, and I was usually in the second group.”",Ragging & Harassment,Low,11,21,0,0,127
“I felt like I had to constantly prove myself just to be treated fairly.”,Ragging & Harassment,Low,11,14,0,0,73
"“Even when I did well, I rarely received appreciation from teachers, which made me lose motivation over time.”",Ragging & Harassment,Low,11,18,0,0,110
“I always felt more anxious around certain teachers because I didn’t know when they would target me next.”,Ragging & Harassment,Low,11,18,0,0,106
“There were times when I felt uncomfortable going to school just because of how certain teachers behaved.”,Ragging & Harassment,Low,11,17,0,0,106
“I didn’t realize at the time how much those small humiliations were affecting me until much later.”,Ragging & Harassment,Low,11,17,0,0,100
"“I kept thinking maybe I was overreacting, but now I see that the behavior wasn’t okay.”",Ragging & Harassment,Low,11,16,0,0,88
“I felt like teachers didn’t care about how their words or actions affected us as students.”,Ragging & Harassment,Low,11,16,0,0,92
“I often felt alone in dealing with these issues because no one really acknowledged them.”,Ragging & Harassment,Low,11,15,0,0,90
“I learned to stay quiet and avoid attention just to not become a target.”,Ragging & Harassment,Low,11,14,0,0,74
"I was repeatedly slapped and dragged across the classroom by my shirt just because a teacher believed a false accusation about me. It didn’t stop for a day—it continued for a whole week, and I had to just endure it.",Ragging & Harassment,High,11,40,2,0,215
"A teacher beat a student for nearly 10 minutes straight—slapping, dragging, and hitting him so badly he couldn’t even stand properly. The whole class was too scared to even look up.",Ragging & Harassment,High,11,31,2,0,181
"I was beaten below my knees with a wooden scale in 1st grade for something I didn’t even do. I was just trying to explain I was absent, but she didn’t listen and kept hitting me.",Ragging & Harassment,High,11,36,2,0,178
A teacher humiliated me so badly in front of everyone that I started fearing studies altogether. Later I avoided that subject completely and it affected my performance.,Ragging & Harassment,High,11,27,2,0,168
"One teacher constantly bullied me for years, making me feel like I was the problem even though I did nothing wrong. Even after 20 years, I still think about it.",Ragging & Harassment,High,11,30,2,0,160
"A PT teacher used to hit students violently for no reason, not just normal punishment but aggressive, uncontrolled beating.",Ragging & Harassment,High,11,19,2,0,123
I was publicly humiliated and prevented from writing my exam just because I didn’t bring a spoon. That one incident actually affected my final marks later.,Ragging & Harassment,High,11,26,2,0,155
A teacher physically abused me by inserting a pencil between my fingers and squeezing it hard. The pain stayed for days and it still feels disturbing when I think about it.,Ragging & Harassment,High,11,31,2,0,172
I was slapped across the face in assembly just because my shoes weren’t polished. It wasn’t the pain—it was the humiliation in front of everyone.,Ragging & Harassment,High,11,25,2,0,145
A teacher grabbed my chain and yanked me hard just because I forgot a book. I was more scared about the pain and the way it happened in front of others.,Ragging & Harassment,High,11,31,2,0,152
"I was bullied privately for years by a teacher who had influence over my family. He made me feel worthless and scared, and I still struggle with anxiety because of that.",Ragging & Harassment,High,11,31,2,0,169
"A teacher openly slut-shamed my classmate in front of everyone for something she didn’t even do. She was almost in tears, and no one stood up for her.",Ragging & Harassment,Medium,11,28,1,0,150
I was constantly targeted by a teacher who made fun of my appearance and mocked me in front of the class. It made me extremely self-conscious.,Ragging & Harassment,Medium,11,26,1,0,142
"A teacher compared me with other students and ignored me completely, as if I didn’t exist. It slowly destroyed my confidence.",Ragging & Harassment,Medium,11,21,1,0,125
"Even during online classes, a teacher mentally tortured students so much that some of us would cry after sessions.",Ragging & Harassment,Medium,11,19,1,0,114
"A teacher asked about caste in class in a very uncomfortable way, which made me realize how biased and problematic things still are.",Ragging & Harassment,Medium,11,23,1,0,132
"I was made to sit in an embarrassing seating arrangement as punishment, which felt humiliating at that age.",Ragging & Harassment,Low,11,18,0,0,107
A teacher made me sit outside the classroom and eat lunch in a dirty area where everyone could see me.,Ragging & Harassment,Low,11,20,0,0,102
"I was punished and sent out of class even though I didn’t do anything wrong, while others got away easily.",Ragging & Harassment,Low,11,20,0,0,106
"A teacher made sarcastic comments about my work in front of the class, making me feel small.",Ragging & Harassment,Low,11,17,0,0,92
"I was made to stand on the desk and recite something despite having stage fear, which made me extremely uncomfortable.",Ragging & Harassment,Low,11,20,0,0,118
Teachers would randomly target certain students even if they were quiet and well-behaved.,Ragging & Harassment,Low,11,13,0,0,89
"Fees suddenly got increased this semester and nobody informed us before admission. We joined thinking one amount and now they are asking more, which is really stressful to manage suddenly.",Fees,High,5,30,2,0,188
"I already paid my semester fees, the money got deducted from my bank, but in the portal it is still showing pending. Because of this I am getting warning messages and it is making me very anxious.",Fees,High,5,37,2,0,196
"Every semester they are adding some miscellaneous fee without any proper explanation. When we ask in accounts office, nobody gives a clear answer about what this fee is for.",Fees,High,5,29,2,0,173
Tuition fee is getting too high and honestly I don’t know how I am going to pay for the next semester if it keeps increasing like this.,Fees,High,5,27,2,0,135
Financial aid amount I received was very less compared to what they told earlier. Now I am stuck because I already joined and I don’t have enough money.,Fees,High,5,28,2,0,152
"Before joining they showed one total fee amount, but after admission they are asking almost double with extra charges. This feels very unfair.",Fees,High,5,23,2,0,142
"Whenever we go to accounts section to ask about fees, they keep sending us here and there and no one gives proper information.",Fees,High,5,23,2,0,126
"I had to take a loan just to pay the college fees, and now I am worried how I will manage future payments also.",Fees,High,5,24,2,0,111
"Laptop / computing fee is compulsory for everyone even if we don’t need it, and the cost is very high. They are not giving any option to opt out.",Fees,High,5,29,2,0,145
"Hostel fee was taken fully but when we vacated early, they did not refund anything. Students are losing money because of this.",Fees,High,5,22,2,0,126
Scholarship amount is still not credited but the fee deadline is tomorrow. Because of this I am very stressed and don’t know what to do.,Fees,High,5,25,2,0,136
I paid the fee on time but still I am getting penalty mail saying payment is late. The system is not updating properly.,Fees,High,5,23,2,0,119
International students are paying much higher fees compared to others and it is very difficult to manage expenses.,Fees,High,5,18,2,0,114
"There are too many different fees like semester fee, lab fee, exam fee, development fee, and other random charges. Total becomes very high.",Fees,High,5,23,2,0,139
"Even for getting official transcript or certificate we have to pay again, even after paying so much tuition already.",Fees,High,5,19,2,0,116
Fees are high but the facilities we are getting are still old and not improved. It feels like we are paying more but not getting anything extra.,Fees,Medium,5,27,1,0,144
"Textbooks and course materials are also very expensive, sometimes the cost of books itself becomes too much to afford.",Fees,Medium,5,19,1,0,118
Financial aid process is very confusing and takes too long. We don’t know whom to ask when there is a problem.,Fees,Medium,5,21,1,0,110
"Every year fees are increasing but classrooms, labs and hostel conditions are the same.",Fees,Medium,5,14,1,0,87
"If we take extra course or elective, we have to pay extra fee for everything which becomes costly.",Fees,Medium,5,18,1,0,98
Parking fee is also very high even for students who come daily.,Fees,Medium,5,12,1,0,63
Meal plan is compulsory for hostel students but the price is too high compared to the quality.,Fees,Medium,5,17,1,0,94
Hostel rent and college fees together become too much for students from normal families.,Fees,Medium,5,14,1,0,88
"They never explain the full fee structure clearly, only after joining we get to know all charges.",Fees,Medium,5,17,1,0,97
"Scholarship is given only to few students, many students who need it are not getting.",Fees,Medium,5,15,1,0,85
Too many hidden charges come later which were not told during admission.,Fees,Medium,5,12,1,0,72
"Application fee, exam fee, certificate fee, everything needs separate payment.",Fees,Medium,5,10,1,0,78
Food and drinks inside campus are too expensive compared to outside shops.,Fees,Low,5,12,0,0,74
Snacks in vending machines cost more than normal stores.,Fees,Low,5,9,0,0,56
Coffee shop prices inside college are very high for students.,Fees,Low,5,10,0,0,61
Even for small certificates or documents we need to pay extra fee.,Fees,Low,5,12,0,0,66
For every event or activity they collect some amount from students.,Fees,Low,5,11,0,0,67
Travel or tour fee is also extra and not included in main fee.,Fees,Low,5,13,0,0,62
Everywhere inside campus we have to pay for something.,Fees,Low,5,9,0,0,54
Even for ID card reissue they charge money which feels unnecessary.,Fees,Low,5,11,0,0,67
During night time the campus feels unsafe because there is not enough security checking or guards around. Students feel scared to walk alone.,Safety & Security,High,12,23,2,0,141
The road near hostel has very poor lighting and it becomes very difficult to see anything at night. It feels unsafe to go alone.,Safety & Security,High,12,24,2,0,128
"In the hostel staircase the railing is broken and one student already slipped earlier, but still no repair has been done.",Safety & Security,High,12,21,2,0,121
College bus is always overcrowded and driver drives very fast. There is no proper safety and even emergency exit is not working.,Safety & Security,High,12,22,2,0,128
Fire extinguishers in the building are expired and nobody has replaced them. This is very dangerous in case of accident.,Safety & Security,High,12,20,2,0,120
"CCTV cameras in hostel corridor are not working for a long time, which makes students feel unsafe.",Safety & Security,High,12,17,2,0,98
"In the lab, electrical wires are open and one student got shock earlier. This is a serious safety issue.",Safety & Security,High,12,19,2,0,104
"During rain, water was leaking near electric wires in classroom and it was very risky for students sitting there.",Safety & Security,High,12,19,2,0,113
"Drinking water in hostel smells bad and some students got sick after using it, but no action taken.",Safety & Security,High,12,18,2,0,99
Canteen food hygiene is poor and some students had stomach problems after eating there.,Safety & Security,High,12,14,2,0,87
"There is an open drain near the pathway without any fence, and someone can fall into it easily.",Safety & Security,High,12,18,2,0,95
Lab does not have proper ventilation and students are getting headache because of fumes.,Safety & Security,High,12,14,2,0,88
Hostel rooms are overcrowded and too many students are staying in one place which feels unsafe.,Safety & Security,High,12,16,2,0,95
There are many stray dogs inside campus and students feel scared while walking.,Safety & Security,Medium,12,13,1,0,79
"Security checking at night is not proper, anyone can enter easily.",Safety & Security,Medium,12,11,1,0,66
Some lights near hostel and pathway are not working for long time.,Safety & Security,Medium,12,12,1,0,66
Swimming pool is not cleaned properly but students are still told to use it.,Safety & Security,Medium,12,14,1,0,76
Bus is always full and there is no proper control on number of students.,Safety & Security,Medium,12,14,1,0,72
Broken stairs and damaged areas are not repaired quickly.,Safety & Security,Medium,12,9,1,0,57
Food storage in canteen does not look clean.,Safety & Security,Medium,12,8,1,0,44
Hostel monitoring is weak and wardens are not checking properly.,Safety & Security,Medium,12,10,1,0,64
Lab safety rules are not followed strictly.,Safety & Security,Medium,12,7,1,0,43
Drinking water quality is not checked regularly.,Safety & Security,Medium,12,7,1,0,48
Some pathway lights stop working sometimes and take long time to fix.,Safety & Security,Low,12,12,0,0,69
Security guards are not present in some areas.,Safety & Security,Low,12,8,0,0,46
CCTV cameras are there but nobody seems to monitor them.,Safety & Security,Low,12,10,0,0,56
Canteen cleanliness is not very good.,Safety & Security,Low,12,6,0,0,37
Buses are old and not well maintained.,Safety & Security,Low,12,7,0,0,38
Building repairs take too much time.,Safety & Security,Low,12,6,0,0,36
"Even after giving complaints, action is very slow.",Safety & Security,Low,12,8,0,0,50
"It’s honestly fucked up that the college is forcing us to pay ₹37K for bus fees when the buses didn’t even run for an entire year, and we can’t even complain properly because they’ll definitely retaliate against us.",Fees,High,5,38,2,0,215
"This is seriously stressing me out because it’s not just about money, it’s the fear that if we speak up, the management will target us internally and mess with our academics.",Fees,High,5,31,2,0,174
"Paying such a huge amount for a service that literally didn’t exist feels like straight-up exploitation, especially when hundreds of students are being affected the same way.",Fees,High,5,27,2,0,174
"It’s really frustrating that even after raising this through proper channels like the student council, nothing has changed and the management just doesn’t care at all.",Fees,Medium,5,26,1,0,167
"Honestly, the worst part is how the principal and faculty know about this issue but still act like they’re powerless, which makes the whole system feel useless.",Fees,Medium,5,27,1,0,160
"We’re being asked to pay such a high transport fee without any proper explanation, and it just feels unfair and completely non-transparent.",Fees,Medium,5,22,1,0,139
I just don’t get why they can’t at least reduce the fees instead of charging the full amount when the buses weren’t even used.,Fees,Low,5,24,0,0,126
It’s kind of annoying seeing other colleges handling this situation better while ours is still demanding full transport fees like nothing happened.,Fees,Low,5,22,0,0,147
"Even after all this, there’s barely any proper communication from the college side, we’re just left confused about what’s going on.",Fees,Low,5,21,0,0,131
"It’s honestly really stressful that even after the school clearly promised a refund of ₹1.2 lakh and took our bank details, they’ve just stopped responding completely for months now.",Fees,High,5,29,2,0,182
"This is causing serious financial pressure on us, especially after relocating abroad, and it feels like the school just took the money and is ignoring us without any accountability.",Fees,High,5,29,2,0,181
"It’s really frustrating that despite sending multiple emails, messages, and even raising complaints through official platforms, there’s absolutely no response from the school side.",Fees,Medium,5,24,1,0,180
"We were assured everything would be processed smoothly, but now it feels like we’re just being ghosted with no proper update or timeline.",Fees,Medium,5,23,1,0,137
"Honestly, the lack of basic communication from the school is annoying, they could at least reply or acknowledge instead of going completely silent.",Fees,Low,5,23,0,0,147
"Even after following all proper steps and giving formal notice, it feels like we’re being made to chase them unnecessarily for something they already agreed to refund.",Fees,Low,5,27,0,0,167
"It’s honestly really stressful that even after the school clearly agreed to refund the fees and even confirmed it through email, they’ve completely stopped responding and are just ignoring all my calls and messages.",Fees,High,5,34,2,0,215
I feel like I’m being forced to fight for my own money because they promised a refund within a month but now it’s been over two months and they’re just ghosting me like it’s nothing.,Fees,High,5,35,2,0,182
"It’s really frustrating that after trusting the school’s assurance and withdrawing admission early, I’m now stuck chasing them constantly just to get a proper response.",Fees,Medium,5,25,1,0,168
"Honestly, I didn’t expect a school to behave like this, especially when they clearly agreed to refund but now won’t even pick up calls or reply to emails.",Fees,Medium,5,28,1,0,154
"It’s kind of annoying how there’s zero communication from the school side, they could at least respond instead of completely disappearing.",Fees,Low,5,21,0,0,138
"Even after having written proof and following up properly, it feels like I’m being made to unnecessarily run behind them for something they already agreed to.",Fees,Low,5,26,0,0,158
"I was given a reminder about pending fees in class, but it could have been communicated privately instead of in front of others.",Fees,Low,5,23,0,0,128
"The school portal keeps showing fee dues even after payment, which creates confusion and stress.",Fees,Low,5,15,0,0,96
"I received multiple fee reminder messages in a single day, which felt excessive.",Fees,Low,5,13,0,0,80
The due date for fee payment was not clearly informed in advance.,Fees,Low,5,12,0,0,65
There was a small late fee added even though I paid just one day after the deadline.,Fees,Low,5,17,0,0,84
"Fee receipts are not updated immediately, so I had to follow up multiple times.",Fees,Low,5,14,0,0,79
"My name was called out in class for not paying fees, which made me feel uncomfortable in front of classmates.",Fees,Medium,5,20,1,0,109
"I was asked repeatedly by teachers about fee payment during class hours, which distracted me from learning.",Fees,Medium,5,17,1,0,107
"I was not allowed to attend a class temporarily due to pending fees, even though I informed them about my situation.",Fees,Medium,5,21,1,0,116
The school kept sending reminders despite my parents already discussing the delay with administration.,Fees,Medium,5,14,1,0,102
"I had to stand aside during an activity because my fees were pending, which felt unfair.",Fees,Medium,5,16,1,0,88
"I was asked to bring my parents urgently for fee discussion without prior notice, which caused panic at home.",Fees,Medium,5,19,1,0,109
It’s honestly really messed up that the college is collecting extra fees without any proper reason and on top of that mentally pressuring students to just pay without questioning.,Fees,High,5,29,2,0,179
"This whole situation is seriously affecting me because they’re not only overcharging but also refusing to give back certificates until we pay, which feels like straight-up harassment.",Fees,High,5,27,2,0,183
It’s really stressful seeing my parents struggle financially while the college keeps demanding more money for no clear reason and doesn’t even explain where it’s going.,Fees,High,5,26,2,0,168
"I feel like we’re being forced into paying whatever they ask because if we don’t, they threaten us indirectly with academic issues and document delays.",Fees,High,5,25,2,0,151
"It’s honestly exhausting how they take huge amounts like lakhs of rupees and then refuse to refund even after discontinuing, like they’re just holding our money unfairly.",Fees,High,5,27,2,0,170
It’s really frustrating that the college keeps increasing fees randomly every semester without any prior notice or proper explanation.,Fees,Medium,5,19,1,0,134
"Honestly, it feels unfair that we are being asked to pay extra charges for things that were never even mentioned during admission.",Fees,Medium,5,22,1,0,130
"The worst part is when you try to question them about these extra fees, they either ignore you or give vague answers that don’t make any sense.",Fees,Medium,5,27,1,0,143
It’s annoying how they charge additional money for certificates or basic services that should already be included in the original fees.,Fees,Medium,5,21,1,0,135
"Even after paying everything on time, they still come up with new charges which makes it feel like there’s no transparency at all.",Fees,Medium,5,23,1,0,130
"I was removed from the exam hall due to unpaid fees and lost valuable time, which affected my performance.",Fees,High,5,19,2,0,106
"I was made to sit separately from my classmates because of pending fees, which was humiliating.",Fees,High,5,16,2,0,95
"My results were withheld without proper prior communication, causing stress and uncertainty about my progress.",Fees,High,5,15,2,0,110
I was publicly embarrassed by being called out in front of multiple classes regarding fee payment.,Fees,High,5,16,2,0,98
"I was denied access to online classes for several weeks due to unpaid fees, which impacted my learning.",Fees,High,5,18,2,0,103
"I was repeatedly sent out of class and asked to wait in the office until fees were paid, affecting my mental well-being.",Fees,High,5,22,2,0,120
"It’s kind of annoying that every time we go to the office, they keep giving different information about fees and nothing is consistent.",Fees,Low,5,23,0,0,135
"Honestly, the whole fee process feels confusing because there’s no clear breakdown of what we’re actually paying for.",Fees,Low,5,18,0,0,117
It’s frustrating how we have to keep going back and forth just to clarify small fee-related doubts that should have been explained clearly.,Fees,Low,5,23,0,0,139
Even small amounts being charged extra without proper notice just adds to the irritation and confusion.,Fees,Low,5,16,0,0,103
I just wish they were more clear and upfront about fees instead of making everything so complicated and unclear.,Fees,Low,5,19,0,0,112
"It’s honestly really frustrating that even after paying a huge amount already, they’re still not allowing me to sit for exams just because the full fee isn’t cleared.",Fees,High,5,28,2,0,166
"I feel completely helpless because I’ve been going to different departments for help, but they just keep sending me somewhere else instead of actually solving anything.",Fees,High,5,26,2,0,168
It’s really stressful dealing with all this when my family is already going through a serious medical situation and financial crisis.,Fees,High,5,21,2,0,133
"Even after explaining my situation properly, it feels like the university just doesn’t care and is strictly blocking me from writing exams.",Fees,High,5,22,2,0,139
"Honestly, it’s unfair that there’s no flexibility or support system for students who are genuinely struggling financially.",Fees,Medium,5,17,1,0,122
"I’ve already paid a big portion of the fees, but they’re not even considering that and are just focusing on the remaining amount.",Fees,Medium,5,23,1,0,129
It’s frustrating how there’s no proper guidance or clear response from the fee department on what can be done in situations like this.,Fees,Medium,5,23,1,0,134
I feel like the whole process is so unorganized because no one is giving a direct answer or taking responsibility.,Fees,Medium,5,20,1,0,114
"It’s annoying how every time I ask for help, I get redirected instead of getting an actual solution.",Fees,Low,5,18,0,0,100
"Honestly, the lack of communication and support from the administration is just making everything more confusing and stressful.",Fees,Low,5,18,0,0,127
"The area around campus feels unsafe at night, and I do not feel comfortable walking alone after dark.",Safety & Security,High,12,18,2,0,101
"There are random outsiders walking through campus, which makes students feel unsafe.",Safety & Security,High,12,12,2,0,84
I am worried because some parts around campus have frequent robberies and shootings.,Safety & Security,High,12,13,2,0,84
"Students have reported being mugged or robbed near campus, which makes the whole area feel insecure.",Safety & Security,High,12,16,2,0,100
"There have been attempted kidnappings and rape incidents connected to campus surroundings, which is extremely alarming.",Safety & Security,High,12,16,2,0,119
"Sexual harassment and assault seem to be a serious concern on campus, and that makes students feel constantly on guard.",Safety & Security,High,12,20,2,0,119
Some students do not feel safe going to parties or bars because of the risk of drink tampering and assault.,Safety & Security,High,12,20,2,0,107
There are unsafe and poorly monitored routes near campus where students get jumped or robbed.,Safety & Security,High,12,15,2,0,93
"The train station and nearby off-campus areas feel sketchy at night, especially for students returning late.",Safety & Security,High,12,16,2,0,108
"There have been reports of students being held at gunpoint, which shows that campus and nearby areas are not as safe as they should be.",Safety & Security,High,12,25,2,0,135
"I feel unsafe because serious violent incidents like stabbings, shootings, and murder cases have been linked to the campus environment.",Safety & Security,High,12,20,2,0,135
Campus alerts about crime are frequent enough that it creates constant fear among students.,Safety & Security,High,12,14,2,0,91
The lack of proper safety in off-campus student housing areas makes it risky to travel back and forth.,Safety & Security,High,12,18,2,0,102
"Some students do not feel protected enough when walking alone, especially in dimly lit or isolated places.",Safety & Security,High,12,17,2,0,106
"It is frustrating that even campuses considered “safe” still have repeated burglary, harassment, or assault complaints.",Safety & Security,High,12,16,2,0,119
"The campus may feel safe during the day, but the safety situation changes completely at night.",Safety & Security,High,12,16,2,0,94
I am concerned that students have to rely on pepper spray and personal alarms just to feel secure on campus.,Safety & Security,High,12,20,2,0,108
"There are shadowy and unlit walking paths near campus, and using them feels unsafe.",Safety & Security,High,12,14,2,0,83
The safety rankings of some colleges feel misleading because they do not reflect the real incidents students face.,Safety & Security,Low,12,18,0,0,114
It is uncomfortable that students have to constantly stay alert and avoid distractions just to feel safe while walking around campus.,Safety & Security,Low,12,21,0,0,133
I do not like that students have to depend on group travel or escorts because individual movement feels unsafe.,Safety & Security,Low,12,19,0,0,111
"The need to keep checking surroundings, avoid headphones, and hold belongings tightly shows that campus safety is not reassuring enough.",Safety & Security,Low,12,20,0,0,136
"Even when the campus itself is somewhat safe, the nearby neighborhoods make students anxious about everyday travel.",Safety & Security,High,12,17,2,0,115
"It is worrying that some campuses only feel secure in certain zones, while just a block away the environment becomes dangerous.",Safety & Security,High,12,21,2,0,127
I feel uneasy knowing that many students choose housing mainly based on safety concerns rather than comfort or convenience.,Safety & Security,Low,12,19,0,0,123
"It’s honestly messed up that even after knowing the rules, the college is still trying to collect fees from students who clearly shouldn’t be paying anything.",Fees,High,5,26,2,0,158
"I feel really helpless seeing that even when policies are in our favor, the college just ignores them and still pressures us to pay.",Fees,High,5,24,2,0,132
"It’s stressful because we’re scared to raise a complaint, like what if they target my brother later for speaking up.",Fees,High,5,20,2,0,116
"Honestly, this whole thing feels unfair because students from government schools are supposed to be supported, not put under extra financial pressure.",Fees,High,5,22,2,0,150
It’s really frustrating how the college is not respecting official government orders and just doing whatever they want with fees.,Fees,High,5,20,2,0,129
It’s annoying how the management isn’t giving any proper reason and just expects students to pay without questioning.,Fees,Medium,5,18,1,0,117
I don’t get why they can’t clearly explain the situation instead of keeping everyone confused about whether fees apply or not.,Fees,Medium,5,21,1,0,126
It feels like the college is making things unnecessarily complicated instead of just following the rules properly.,Fees,Medium,5,17,1,0,114
"Honestly, running around trying to figure out what to do is exhausting when this shouldn’t even be our problem.",Fees,Medium,5,19,1,0,111
It’s frustrating how there’s no proper communication and we’re left guessing what’s actually going on.,Fees,Medium,5,15,1,0,102
It’s kind of irritating that even basic clarity about fees is missing and no one is giving a straight answer.,Fees,Low,5,20,0,0,109
I don’t understand why students have to deal with this confusion when everything should have been handled clearly by the college.,Fees,Low,5,21,0,0,129
It feels like we’re just wasting time trying to understand something that should have been simple and straightforward.,Fees,Low,5,18,0,0,118
"Honestly, the lack of transparency just makes the whole situation more frustrating than it already is.",Fees,Low,5,16,0,0,102
It’s annoying how no one from the college is properly guiding students on what steps to take next.,Fees,Low,5,18,0,0,98
Some areas on campus feel slightly uncomfortable at night because the lighting is not very bright.,Safety & Security,Medium,12,16,1,0,98
The CCTV cameras are present but I am not sure if they are always monitored properly.,Safety & Security,Medium,12,16,1,0,85
"Security guards are available, but they are not very active in certain parts of the campus.",Safety & Security,Medium,12,16,1,0,91
The parking area feels a bit unsafe in the evening due to low visibility and less movement.,Safety & Security,Medium,12,17,1,0,91
I feel like the campus could improve safety by increasing patrol frequency during late hours.,Safety & Security,Medium,12,15,1,0,93
Sometimes unauthorized people seem to enter campus without proper checking at the gate.,Safety & Security,Medium,12,13,1,0,87
"The pathway between blocks is not well-lit, which makes it slightly uncomfortable to walk alone.",Safety & Security,Medium,12,15,1,0,96
Emergency contact information is not clearly displayed in all areas of the campus.,Safety & Security,Medium,12,13,1,0,82
"The hostel entry system is not strictly monitored, especially during late hours.",Safety & Security,Medium,12,12,1,0,80
There are no visible panic buttons or quick-help systems in isolated areas.,Safety & Security,Medium,12,12,1,0,75
Security response is available but sometimes takes longer than expected.,Safety & Security,Medium,12,10,1,0,72
I feel that more awareness about safety measures should be provided to students.,Safety & Security,Medium,12,13,1,0,80
The campus safety announcements are not frequent enough to keep students informed.,Safety & Security,Medium,12,12,1,0,82
"Some CCTV cameras appear to be placed, but their coverage seems limited.",Safety & Security,Medium,12,12,1,0,72
There is no proper guidance on what to do in case of a safety emergency.,Safety & Security,Medium,12,15,1,0,72
I wish there were more security personnel near less crowded areas of campus.,Safety & Security,Medium,12,13,1,0,76
The security checks at entry points are inconsistent at different times of the day.,Safety & Security,Medium,12,14,1,0,83
"The campus feels generally safe, but a little more monitoring would make it better.",Safety & Security,Low,12,14,0,0,83
"I feel slightly uneasy walking alone at night, even though nothing serious has happened.",Safety & Security,Low,12,14,0,0,88
"The presence of security is there, but it does not feel very noticeable.",Safety & Security,Low,12,13,0,0,72
"I think safety measures are okay, but they could definitely be improved.",Safety & Security,Low,12,12,0,0,72
Sometimes I feel the campus relies too much on students being cautious instead of active security.,Safety & Security,Low,12,16,0,0,98
There should be better communication about safety policies and rules.,Safety & Security,Low,12,10,0,0,69
I am not fully aware of all the safety facilities available on campus.,Safety & Security,Low,12,13,0,0,70
"The campus is mostly safe, but I would feel better with more visible security presence.",Safety & Security,Low,12,15,0,0,87
"My brother got into a government-quota seat and the college is still demanding full fees even though the state G.O clearly says the government covers everything — mess fees, academic fees, exam fees, all of it. It's honestly ridiculous that we have to fight just to get what we're legally entitled to.",Fees,High,5,52,2,0,301
The college keeps pressuring first-gen government school students to pay fees that are supposed to be waived under the state order. It feels like they're banking on the fact that we don't know our rights well enough to push back.,Fees,High,5,40,2,0,229
"I'm scared to even file a complaint against my college for illegal fee collection because I don't know if they'll take it out on my sibling — like low grades, harassment, whatever. The fact that students have to think like this just to access their rights is messed up.",Fees,High,5,49,2,0,269
"The university charged me a late fee of over ₹54,000 when their own admission brochure clearly caps it at ₹7,500. No explanation, no warning, just a massive bill out of nowhere. I don't get why they think they can just ignore their own written policies.",Fees,High,5,45,2,0,253
"I only found out about my accumulating late fees in January — by which point it had already crossed ₹23,000. Nobody from the accounts department reached out between August and December even once. That's not an oversight, that's just negligence.",Fees,High,5,40,2,0,244
"The university sent one email in July with a fee structure update buried inside a PDF attachment, no subject line highlighting it, no follow-up, nothing. And now they're using that single email to justify charging us thousands in penalties. That's honestly not fair.",Fees,Medium,5,43,1,0,266
"One day before the convocation registration deadline, I got an email saying I can't receive my degree because of an unpaid late fee I didn't even know was valid. I had already paid the convocation fee. The timing was clearly intentional and it caused so much unnecessary stress.",Fees,High,5,48,2,0,278
Me and several classmates didn't get our degrees at convocation because of disputed late fees. We've all been emailing the accounts department and program office for months with zero response. It's like we just don't exist to them once they have our money.,Fees,High,5,43,2,0,256
"My classmate couldn't even log into the ERP system to pay his fees on time because of a technical glitch, and instead of fixing it and acknowledging his situation, the university hit him with a late fee penalty. How is a student supposed to pay on time when the system doesn't even let them in?",Fees,High,5,55,2,0,294
"Honestly the late fee structure keeps changing depending on when you bring it up. When I pointed out the ₹7,500 cap from the brochure, they suddenly sent an email removing the 30-day limit. They're just making up rules as they go and students are the ones paying for it.",Fees,High,5,49,2,0,270
My dad just told me out of nowhere that he's not paying my BITS Pilani fees anymore and has no expectations for my future. The fees alone are 15-20 lakhs just to finish the degree. I don't know how I'm supposed to figure this out on my own mid-semester.,Fees,High,5,49,2,0,253
"I built up the courage to apply for masters after years of my parents discouraging me, got into a few colleges, and then they just let the last date pass without paying. My mom had literally told me she'd handle it. I've been depressed for two months straight because of this.",Fees,High,5,51,2,0,276
"My parents inflated the actual fee amount when talking to relatives to make it sound unreasonable, then used that inflated number to gaslight me into thinking the masters wasn't worth pursuing. The actual fees were 8L for two years, not 10-15L like they kept saying.",Fees,High,5,45,2,0,266
"It's frustrating that my family is prioritising spending on my sister's wedding over my education. I've never caused trouble, always been the responsible one, but somehow when it comes to my future it's always ""not the right time"" or ""not worth it.""",Fees,High,5,42,2,0,249
"My state college barely had any classes for three years and I wasted my entire undergrad just sitting at home. Now when I try to move forward with a masters, my parents use that gap against me without acknowledging that the college itself failed to function properly.",Fees,Medium,5,47,1,0,267
"I was hit in the face while trying to stop a fight between students, and it is unacceptable that teachers are being put in physically dangerous situations.",Safety & Security,High,12,27,2,0,155
"I was struck on the side of my head by a student during dismissal, even though I was not involved in the conflict.",Safety & Security,High,12,23,2,0,114
The school is failing to keep teachers safe from student violence inside the building.,Safety & Security,High,12,14,2,0,86
"Students are getting into serious physical fights in classrooms and hallways, which creates an unsafe environment for everyone.",Safety & Security,High,12,18,2,0,127
"There was no teacher present in the classroom when the student fight broke out, which allowed the situation to become dangerous very quickly.",Safety & Security,High,12,23,2,0,141
"Students were recording violent incidents on their phones instead of getting help, which shows how unsafe and uncontrolled the environment has become.",Safety & Security,Medium,12,22,1,0,150
"The administration has ignored violent behavior for years instead of addressing it properly, and that has made the school unsafe.",Safety & Security,High,12,20,2,0,129
"Repeated violence is being brushed aside instead of being handled with strong action, which puts both staff and students at risk.",Safety & Security,High,12,21,2,0,129
Staff are expected to manage dangerous fights even though they are not trained or protected for that kind of risk.,Safety & Security,High,12,20,2,0,114
"Teachers should not have to fear being punched, kicked, or injured just for coming to work.",Safety & Security,High,12,16,2,0,91
The school does not seem to have enough security support when violent incidents happen.,Safety & Security,High,12,14,2,0,87
"There is not enough immediate intervention when student fights break out, which makes the situation more dangerous.",Safety & Security,High,12,17,2,0,115
"Staff injuries are being treated like part of the job, which is disturbing and unsafe.",Safety & Security,High,12,15,2,0,86
The lack of consistent discipline for violent students is making the school environment more dangerous over time.,Safety & Security,High,12,17,2,0,113
Violent students are being allowed to stay in regular school settings without enough controls to protect others.,Safety & Security,High,12,17,2,0,112
Teachers are being left vulnerable because school leadership is not prioritizing safety over image or convenience.,Safety & Security,High,12,16,2,0,114
"I had a panic attack after being hit at work, and it is clear that school violence is affecting staff mental health as well as physical safety.",Safety & Security,High,12,27,2,0,143
"Schools should be safe places for learning, but repeated assaults and fights are making them feel threatening instead.",Safety & Security,High,12,18,2,0,118
"Staff do not feel supported after violent incidents, which makes the workplace feel even more unsafe.",Safety & Security,High,12,16,2,0,101
Some schools are normalizing regular violence instead of treating it like a serious safety issue.,Safety & Security,High,12,15,2,0,97
"Students are bringing extreme aggression into school spaces, and it is creating fear among teachers and classmates.",Safety & Security,High,12,17,2,0,115
"Some teachers have suffered severe injuries like broken bones, concussions, and head trauma because of student violence.",Safety & Security,High,12,17,2,0,120
"In some cases, school staff have been hospitalized after trying to stop student fights, which shows how dangerous the situation has become.",Safety & Security,High,12,22,2,0,139
"There are reports of students using dangerous objects like pencils, scissors, bats, fish hooks, and pocketknives, which is a major safety concern.",Safety & Security,High,12,22,2,0,146
Schools are not adequately protecting staff from being injured by violent or out-of-control student behavior.,Safety & Security,High,12,15,2,0,109
There is a serious lack of accountability when students physically assault teachers or other students.,Safety & Security,High,12,15,2,0,102
Students who repeatedly behave violently are still being allowed to disrupt the safety of the entire school.,Safety & Security,High,12,17,2,0,108
"Teachers are being put in situations where they could be stabbed, seriously beaten, or falsely accused while trying to intervene.",Safety & Security,High,12,20,2,0,129
The school environment has become so unsafe that some teachers avoid walking close to students in crowded hallways.,Safety & Security,Medium,12,18,1,0,115
Hallway dismissal and class transitions feel unsafe because fights and physical aggression can happen without warning.,Safety & Security,High,12,16,2,0,118
"Some teachers feel they need legal protection just to deal with violence happening at work, which shows how serious the safety issue is.",Safety & Security,Medium,12,23,1,0,136
Students should not be able to physically assault staff without immediate and visible consequences.,Safety & Security,High,12,14,2,0,99
It is unsafe that teachers are expected to act like security staff even though that is not their role.,Safety & Security,High,12,19,2,0,102
There is not enough trained security presence in schools to prevent or respond to violent student behavior.,Safety & Security,High,12,17,2,0,107
Schools are becoming emotionally and physically unsafe workplaces because student aggression is not under control.,Safety & Security,High,12,15,2,0,114
"Violent incidents between students are happening often enough that staff now expect them, which is deeply concerning.",Safety & Security,High,12,17,2,0,117
Some students are openly disrespecting school rules because they know serious consequences are unlikely.,Safety & Security,Medium,12,14,1,0,104
"Minor forms of aggression like pushing, roughhousing, stealing belongings, verbal provocation, and classroom disruption are being ignored until they grow into bigger safety problems.",Safety & Security,Medium,12,24,1,0,182
"Students disappearing from class, wandering halls, and creating disturbances outside classrooms also create security concerns.",Safety & Security,Medium,12,15,1,0,126
"Schools are relying too much on teachers to monitor behavior, hallways, bathrooms, and fights instead of providing proper safety systems.",Safety & Security,High,12,20,2,0,137
"Teachers are being forced to focus on controlling unsafe behavior instead of teaching, which shows the school is not secure enough.",Safety & Security,Medium,12,21,1,0,131
"Some schools have too few inspectors or monitors for the number of students, which makes supervision weak.",Safety & Security,Medium,12,17,1,0,106
Certain areas like bathrooms and hallways are becoming hotspots for unsafe behavior because they are not properly monitored.,Safety & Security,Medium,12,18,1,0,124
Cameras and surveillance are being discussed because current safety measures are not enough to protect staff and students.,Safety & Security,Medium,12,18,1,0,122
"Even when violence happens in front of others, there is often no strong response, which makes students and staff feel unprotected.",Safety & Security,High,12,21,2,0,130
"Unsafe school environments are causing fear, anxiety, and emotional exhaustion among teachers.",Safety & Security,High,12,12,2,0,94
Some teachers feel they have no option except leaving the profession because the school environment no longer feels safe.,Safety & Security,High,12,19,2,0,121
Students and staff both suffer when school leadership allows violent behavior to continue unchecked.,Safety & Security,High,12,14,2,0,100
"The overall school atmosphere feels unhealthy because violence, intimidation, and lack of control have become too common.",Safety & Security,High,12,17,2,0,121
"My school announces fee defaulters' names out loud in front of the entire class — like it's some kind of public shaming session. It's honestly humiliating, especially for kids whose parents are just going through a rough patch financially.",Fees,High,5,39,2,0,239
"The transport incharge at my school called out my parents as ""unprofessional and illiterate"" in front of other teachers just because they stopped the bus service mid-year. I was a student standing right there and had to hear that. It messed me up for days.",Fees,High,5,45,2,0,256
"My school withheld my report card because of pending fees. I had already written my exams, done everything right — and they just wouldn't hand it over. It's not the student's fault if the parents are struggling financially.",Fees,Medium,5,38,1,0,223
"During COVID when my dad lost his job, my school removed me from the online class WhatsApp group and blocked my access to Microsoft Teams. I missed months of classes just because fees were delayed. How is that fair to the student?",Fees,High,5,42,2,0,230
"My school called me to the principal's office, made me call my own father, and then questioned him about why he took a 25 lakh loan — all in front of the whole class. That kind of public interrogation over finances is just humiliating and wrong.",Fees,High,5,46,2,0,245
I was made to stand outside the exam hall until one minute before the paper started because my fees were pending. I lost time to read the question paper and couldn't even get my pen out properly. It genuinely affected my performance.,Fees,High,5,42,2,0,233
"My school called me to the office, made me sit for 3 hours watching other students review their papers, and then didn't even show me mine — all because fees hadn't been paid. I had done nothing wrong and I was just left sitting there feeling like a criminal.",Fees,Medium,5,49,1,0,258
My school promised during COVID that fees would be reduced since we were only getting YouTube links forwarded on WhatsApp — not even their own content. But they still charged full fees and penalised anyone who paid late. That's just exploiting students.,Fees,High,5,42,2,0,253
A student in my class was literally thrown out mid-lecture by the coordinator because her fees were unpaid. She hadn't done anything wrong — she just showed up to class. The whole class saw it and it was deeply uncomfortable for everyone.,Fees,High,5,42,2,0,238
"My school charges a ₹500 penalty if you're even one day late on fees, and then adds ₹200 every week after that. For families going through financial trouble, this just keeps piling up with no way out and no grace period at all.",Fees,Medium,5,43,1,0,227
My school refused to issue my passing certificate and migration certificate because of outstanding fees — even after I had completed my studies. They held back documents I legally need to move forward in life just to pressure payment.,Fees,High,5,39,2,0,234
"My school removed my LOC registration for board exams because fees were pending, resulting in a ₹2000 late fine on top of everything else. I found out only later — nobody even told me it wasn't submitted. That directly affected my board exam process.",Fees,High,5,44,2,0,250
I was denied my admit card before exams because of pending fees. The school just casually handed out admit cards to everyone else while I had to figure it out last minute. It feels like they use exams as leverage to pressure students into paying up.,Fees,Medium,5,46,1,0,249
Private school fees in Bangalore have crossed 2 lakhs a year and honestly the quality of teaching hasn't improved at the same rate. Teachers still jump schools like IT people switch jobs — so the consistency students pay for isn't really there.,Fees,Medium,5,42,1,0,244
"Schools charge separately for annual day, sports day, olympiads, uniforms, transport, and extracurriculars on top of the base tuition. By the time you add it all up, the actual cost to a parent is way more than what's advertised. It's really not transparent at all.",Fees,Medium,5,45,1,0,265
"The security presence on campus is there, but it does not always feel very visible during regular hours.",Safety & Security,Low,12,18,0,0,104
"I feel like some parts of the school could use a little more monitoring, even if there have not been any major incidents.",Safety & Security,Low,12,23,0,0,121
"The hallways can get chaotic at times, and it would help if there was a slightly stronger security presence.",Safety & Security,Low,12,19,0,0,108
"I think the school feels mostly safe, but there is still room for improvement in everyday supervision.",Safety & Security,Low,12,17,0,0,102
"Some students move around campus too freely during class hours, which makes the environment feel less controlled.",Safety & Security,Low,12,17,0,0,113
I sometimes notice that entry and exit points are not monitored as strictly as they should be.,Safety & Security,Low,12,17,0,0,94
"The school has safety rules, but they are not always communicated clearly to students.",Safety & Security,Low,12,14,0,0,86
I feel that general safety awareness among students could be improved.,Safety & Security,Low,12,11,0,0,70
There should be more reminders about basic safety practices around the campus.,Safety & Security,Low,12,12,0,0,78
"The security staff are present, but they do not always seem approachable when students want help.",Safety & Security,Low,12,16,0,0,97
I feel a bit uneasy when there are crowded areas with very little staff supervision.,Safety & Security,Low,12,15,0,0,84
"Some parts of the building feel less supervised than others, especially during breaks.",Safety & Security,Low,12,13,0,0,86
It would be better if the school had clearer instructions for students on whom to contact for minor safety concerns.,Safety & Security,Low,12,20,0,0,116
I am not always sure where to report small safety issues when I notice them.,Safety & Security,Low,12,15,0,0,76
"The school feels safe overall, but more visible monitoring would make students feel more comfortable.",Safety & Security,Low,12,15,0,0,101
"Some students behave too casually in shared spaces, and it makes the environment feel less orderly.",Safety & Security,Low,12,16,0,0,99
"The security arrangements seem basic, but they could be improved to make the campus feel more reassuring.",Safety & Security,Low,12,17,0,0,105
I think there should be a little more supervision during dismissal time to keep things organized.,Safety & Security,Low,12,16,0,0,97
"At times, common areas feel noisy and slightly out of control because there is not enough monitoring.",Safety & Security,Low,12,17,0,0,101
I feel the school depends too much on students managing themselves in situations where staff presence would help.,Safety & Security,Low,12,18,0,0,113
There could be better awareness programs about respectful and safe behavior in school spaces.,Safety & Security,Low,12,14,0,0,93
"Some students gather in corners or stairways in a way that feels uncomfortable, even if nothing serious happens.",Safety & Security,Low,12,18,0,0,112
I think the school could improve how it handles small safety concerns before they become bigger issues.,Safety & Security,Low,12,17,0,0,103
"There is nothing seriously wrong, but the campus would feel better with more consistent supervision.",Safety & Security,Low,12,15,0,0,100
I would feel more comfortable if there were a few more staff members visible during less busy hours too.,Safety & Security,Low,12,19,0,0,104
"The school environment is mostly fine, but it does not always feel as secure as it could.",Safety & Security,Low,12,17,0,0,89
Some minor incidents make it seem like students are not always being watched carefully enough.,Safety & Security,Low,12,15,0,0,94
I feel like the school should pay more attention to general discipline because it also affects the feeling of safety.,Safety & Security,Low,12,20,0,0,117
"The campus is manageable, but it could feel more organized with better routine supervision.",Safety & Security,Low,12,14,0,0,91
"I sometimes feel that staff notice issues only after they become obvious, rather than earlier.",Safety & Security,Low,12,15,0,0,94
"Security guards are present, but they are not positioned in areas where issues usually happen.",Safety & Security,Medium,12,15,1,0,94
"Some classrooms and corridors are left unsupervised for long periods, which can lead to unsafe situations.",Safety & Security,Medium,12,16,1,0,106
"During breaks, the school becomes overcrowded and difficult to monitor properly.",Safety & Security,Medium,12,11,1,0,80
There is no clear system to report suspicious behavior quickly within the campus.,Safety & Security,Medium,12,13,1,0,81
"Certain entry points are not checked consistently, allowing people to walk in without proper verification.",Safety & Security,Medium,12,15,1,0,106
"Students often move between blocks without supervision, which makes it harder to maintain control.",Safety & Security,Medium,12,14,1,0,98
The school does not have enough staff to monitor all areas effectively during peak hours.,Safety & Security,Medium,12,15,1,0,89
"Safety instructions are not regularly communicated, so many students are unaware of proper procedures.",Safety & Security,Medium,12,14,1,0,102
"The response time to small incidents is slow, which can allow situations to escalate.",Safety & Security,Medium,12,14,1,0,85
"There is limited monitoring in areas like staircases and back corridors, making them feel unsafe.",Safety & Security,Medium,12,15,1,0,97
The school lacks a proper system to handle minor conflicts before they turn into bigger issues.,Safety & Security,Medium,12,16,1,0,95
"Security checks are strict at some times but completely relaxed at others, creating inconsistency.",Safety & Security,Medium,12,14,1,0,98
There are not enough staff members during dismissal to ensure smooth and safe movement of students.,Safety & Security,Medium,12,16,1,0,99
Some students are able to leave class or wander around without being questioned.,Safety & Security,Medium,12,13,1,0,80
The campus does not have clearly marked emergency exits or guidance for evacuation.,Safety & Security,Medium,12,13,1,0,83
There is no visible emergency response team for handling urgent situations quickly.,Safety & Security,Medium,12,12,1,0,83
"CCTV cameras are installed, but they do not seem to cover all important areas.",Safety & Security,Medium,12,14,1,0,78
"There is no clear follow-up after minor incidents, which makes students feel concerns are ignored.",Safety & Security,Medium,12,15,1,0,98
Staff are aware of safety issues but do not always take immediate action.,Safety & Security,Medium,12,13,1,0,73
The school environment feels unpredictable at times because supervision is not consistent.,Safety & Security,Medium,12,12,1,0,90
"Some areas become isolated during certain times of the day, making them feel less secure.",Safety & Security,Medium,12,15,1,0,89
There is no proper coordination between staff during safety-related situations.,Safety & Security,Medium,12,10,1,0,79
"Students sometimes gather in groups in less monitored areas, which can lead to conflicts.",Safety & Security,Medium,12,14,1,0,89
The school does not conduct enough drills or training related to safety preparedness.,Safety & Security,Medium,12,13,1,0,85
"Safety policies exist, but they are not enforced strictly in daily situations.",Safety & Security,Medium,12,12,1,0,78
"The campus lacks proper lighting in a few internal areas, making them uncomfortable to use.",Safety & Security,Medium,12,15,1,0,91
There is no quick alert system to inform students and staff about ongoing safety issues.,Safety & Security,Medium,12,15,1,0,88
"Staff are expected to handle situations beyond their role, which affects overall safety management.",Safety & Security,Medium,12,14,1,0,99
The school could benefit from having dedicated personnel focused only on safety monitoring.,Safety & Security,Medium,12,13,1,0,91
"Overall, the campus feels moderately safe, but better systems and monitoring would improve confidence.",Safety & Security,Medium,12,14,1,0,102
My medical college is demanding ₹5.65 lakh as extra academic fee after I've already completed my MBBS and internship and have all the no-dues receipts. They won't even give me a written demand letter for this amount. It's clearly made up and they're just holding my internship completion certificate hostage.,Fees,High,5,50,2,0,308
"The college calculated this extra fee as ""half of the maximum allowed,"" which is not how fee structures work at all. There's no rule, no notification, nothing in writing — they just came up with a number and expected 14 students to pay it in cash. This is straight up extortion.",Fees,High,5,51,2,0,278
My college is charging ₹500 per student for a fest that is compulsory to pay whether you attend or not. They already have plenty of sponsors but are still collecting cash from hundreds of students across multiple divisions with no receipts and no transparency.,Fees,High,5,44,2,0,260
"The college only accepts cash for fest fees — no GPay, no online transfer, nothing. When there's no digital record of payment, how are students supposed to know where their money is going? This has all the signs of money being pocketed privately.",Fees,High,5,43,2,0,246
"My college previously had a case where they illegally charged law students extra fees for three years straight and had to refund around ₹30,000 per student. They're still doing the same thing with fest fees and nobody is holding them accountable again.",Fees,High,5,42,2,0,252
Students who don't pay the compulsory fest fee aren't allowed to attend the industrial visit. That's using academic activities as leverage to force payment for something that's supposed to be optional. It's not right.,Fees,Medium,5,34,1,0,217
"My university paid the fees twice due to a transaction failure on their own portal, and now they're refusing to refund the duplicate payment saying there's ""no provision"" for refunds. The bank confirmed both amounts were received by them. How is that legal?",Fees,High,5,43,2,0,257
The university is hiding behind a vague internal notification to justify keeping money that was accidentally transferred twice. A rule saying fees are non-refundable doesn't apply to accidental double payments — that's just theft dressed up in paperwork.,Fees,High,5,38,2,0,254
"My college charged me for a ""medical fee"" even during COVID when the campus was shut and everyone was studying from home. I disputed it but they said every student has to pay regardless. I didn't step foot on campus and I'm still being billed for facilities I never used.",Fees,Medium,5,50,1,0,271
"My college sent outstanding fee notices only to my old physical address, never once emailing or calling me despite having both on file. By the time I found out through a third party, the ₹2000 balance had grown to nearly ₹3000 with interest and was headed to collections.",Fees,Medium,5,48,1,0,271
"The collections process was being used to intimidate me into paying the full inflated amount immediately, with no offer of a payment plan. A university that couldn't bother to email or call me about the dues has no business acting like I deliberately avoided paying.",Fees,Medium,5,45,1,0,266
"Honestly, it’s really scary how the college is now sending legal notices just because I couldn’t continue, it feels way too extreme for a student situation.",Fees,High,5,26,2,0,156
"I already paid one full year of fees and still they’re demanding the entire 4 years amount, it just feels completely unfair and overwhelming.",Fees,High,5,24,2,0,141
"It’s frustrating that even after explaining my financial situation clearly, they are still pressuring us to pay such a huge amount.",Fees,High,5,21,2,0,131
The way they are using legal threats instead of understanding the situation honestly feels very stressful and mentally exhausting.,Fees,High,5,19,2,0,130
"My mom is the only one earning in our family and still they are asking for lakhs like it’s nothing, it’s honestly very hard to handle.",Fees,High,5,26,2,0,134
It’s really unfair that they made us sign a bond and now using it to trap us into paying fees we literally cannot afford.,Fees,High,5,24,2,0,121
"I left the college due to genuine issues, but they are acting like I committed some mistake by asking for full fees.",Fees,High,5,22,2,0,116
The constant letters and notices from the college are honestly giving a lot of anxiety and fear about what will happen next.,Fees,High,5,22,2,0,124
"Even after leaving the college, they keep chasing for money which makes it feel like there’s no way out of this situation.",Fees,High,5,22,2,0,122
"It’s honestly frustrating that instead of helping students in tough situations, they are just focused on collecting money at any cost.",Fees,High,5,21,2,0,134
I feel really helpless because no one in the college is actually trying to listen or understand our situation properly.,Fees,High,5,20,2,0,119
The fact that they waited months and then suddenly sent a legal notice makes it even more stressful and confusing.,Fees,High,5,20,2,0,114
It’s honestly unfair that education institutions are treating students like this over fees instead of showing basic understanding.,Fees,High,5,18,2,0,130
I don’t understand why they can’t consider partial payment or some solution instead of demanding the full amount like this.,Fees,Medium,5,20,1,0,123
It’s annoying how they didn’t clearly explain these consequences at the time of joining and now suddenly bringing it up.,Fees,Medium,5,20,1,0,120
"Even after leaving early, being asked to pay for full years that I didn’t even study feels really unreasonable.",Fees,Medium,5,19,1,0,111
The whole process feels very confusing because they never gave clear communication until things became serious.,Fees,Medium,5,16,1,0,111
"Honestly, the lack of transparency about the bond and fee rules is what makes this situation worse.",Fees,Medium,5,17,1,0,99
It’s frustrating that we have to deal with legal pressure instead of getting proper guidance from the college.,Fees,Medium,5,18,1,0,110
My brother wants to drop out of college and the college is refusing to return his 10th and 12th certificates unless he pays the remaining 2 years of tuition fees. He hasn't even studied those years — how can they demand fees for time he never spent there?,Fees,High,5,48,2,0,255
The college counselor straight up threatened my brother when he brought up the UGC circular about not holding back certificates. They know it's illegal and they're doing it anyway because students have no power to fight back easily.,Fees,High,5,38,2,0,232
I signed a bond at the time of college admission and now they're demanding I pay the full 4-year tuition of around ₹10 lakhs just because I decided to leave after the first year. My mom is a single parent and we simply cannot afford this. This bond shouldn't even be legally enforceable.,Fees,High,5,53,2,0,287
My college sent a lawyer's notice demanding full remaining fees after I dropped out. I'm scared and confused because AICTE guidelines clearly say colleges can't charge more than ₹1000 as deduction when a student leaves. They're using legal intimidation to squeeze money out of struggling families.,Fees,High,5,46,2,0,297
Some private colleges in Bangalore are charging ₹8 lakh as donation fees on top of the regular tuition. There's zero transparency on where this money goes and the government keeps issuing orders that nobody follows. It's basically legalised extortion.,Fees,High,5,39,2,0,251
"My college charges a separate ""computer fee,"" ""robotics fee,"" and several other random heads on top of the base tuition. Half of these things are never actually used by students. It honestly feels like they just keep adding line items to inflate the total.",Fees,Medium,5,44,1,0,256
"I'm paying a ₹35 lab fee for an online course where I never step into any lab and am basically teaching myself the material. On top of that there are hidden fees at every step — cap and gown, printed diploma, graduation tickets. It never ends.",Fees,Medium,5,46,1,0,243
"My college charges extra fees for online classes on top of the regular tuition, and then on graduation there are additional charges for the cap and gown, the printed diploma, and even tickets for family to attend. I'm already paying so much and they just keep finding new ways to take more money.",Fees,Low,5,53,0,0,296
"Private engineering colleges in Bangalore are charging lakhs in fees but paying associate professors as little as ₹20,000 a month. If the money isn't going to the staff or the students, where exactly is it going? Nobody seems to be accountable for it.",Fees,Medium,5,43,1,0,251
"These private colleges collect enormous fees in cash with no proper receipts or digital trail. The law section of one such college was caught overcharging students for three years straight and had to refund ₹30,000 per student. They only stopped because it came to light — otherwise it would have just continued.",Fees,High,5,52,2,0,312
"Honestly, it’s frustrating that the college never informed me earlier about the missing ₹40K payment and now it might suddenly become an issue after graduation.",Fees,Medium,5,25,1,0,160
"I feel annoyed that even after paying almost the entire fee, a small missing amount due to a bank error could cause problems now.",Fees,Medium,5,24,1,0,129
It’s kind of stressful not knowing whether they’ll suddenly ask for extra fines or penalties after so many years.,Fees,Medium,5,19,1,0,113
The fact that the college didn’t notify me about the failed transaction back then just makes this situation more confusing now.,Fees,Medium,5,21,1,0,127
I’m worried that they might hold my original documents just because of this small pending fee issue.,Fees,High,5,17,2,0,100
"Honestly, it feels unfair that something I wasn’t even aware of could now affect getting my certificates.",Fees,High,5,17,2,0,105
"It’s stressful thinking that after finishing everything, one small fee issue might create bigger problems in the future.",Fees,High,5,18,2,0,120
"I don’t understand why the system didn’t alert students properly when a payment fails, it just creates unnecessary trouble later.",Fees,Low,5,20,0,0,129
It’s a bit annoying that we have to keep worrying about fee-related formalities even after completing the course.,Fees,Low,5,18,0,0,113
I wish the whole fee tracking system was clearer so situations like this don’t come up after years.,Fees,Low,5,18,0,0,99
"Honestly, it feels unfair that the school is asking for full term fees even when my child is leaving early and won’t be attending the remaining months.",Fees,High,5,27,2,0,151
It’s really frustrating that they are not considering a pro-rata fee and just demanding the entire amount without any flexibility.,Fees,High,5,20,2,0,130
The way they are forcing us to pay for days not even attended just feels unreasonable and unfair.,Fees,High,5,18,2,0,97
"I feel annoyed that even after explaining the situation clearly, they are not willing to adjust the fees accordingly.",Fees,Medium,5,19,1,0,117
It’s confusing why schools don’t have clear policies for situations like relocation and early withdrawal.,Fees,Medium,5,15,1,0,105
"Honestly, it feels like parents are just expected to pay whatever is asked without any proper justification.",Fees,Medium,5,17,1,0,108
It’s kind of frustrating that fee-related policies are not explained clearly before admission itself.,Fees,Low,5,14,0,0,101
I wish they were more transparent about how fees are calculated in such cases.,Fees,Low,5,14,0,0,78
It’s annoying that we have to keep following up for basic clarity on fee rules.,Fees,Low,5,15,0,0,79
"The campus itself feels fairly safe, but the neighborhoods around the school are concerning because there have been muggings and sexual assaults nearby.",Safety & Security,Medium,12,23,1,0,152
"A recent murder near the student living area has made the surrounding neighborhood feel unsafe, especially after dark.",Safety & Security,Medium,12,18,1,0,118
"I do not feel fully comfortable walking alone at night near campus, so I usually try to go with someone else.",Safety & Security,Medium,12,21,1,0,109
Some areas outside campus feel risky enough that students prefer to wait near businesses or the school instead of at regular bus stops.,Safety & Security,Medium,12,23,1,0,135
"The campus may be safe, but once you step outside it, the surrounding area feels much less secure.",Safety & Security,Medium,12,18,1,0,98
The school is in a sketchy area where gunshots and robberies are a known concern.,Safety & Security,Medium,12,15,1,0,81
"There are neighborhoods close to campus with a reputation for break-ins and drug activity, which affects how safe students feel.",Safety & Security,Medium,12,20,1,0,128
The area just outside campus feels unsafe enough that students have to be extra careful about where they go.,Safety & Security,Medium,12,19,1,0,108
Some places around campus feel fine during the day but not safe enough to walk through at night.,Safety & Security,Medium,12,18,1,0,96
"I am concerned that the school is located in an area with crime, which adds to the stress of simply coming to work.",Safety & Security,Medium,12,23,1,0,115
"Doors to the building are being left propped open, which is a serious safety issue.",Safety & Security,Medium,12,15,1,0,83
"I have raised repeated concerns about school security, but those concerns were ignored for far too long.",Safety & Security,Medium,12,17,1,0,104
"The school is not practicing safety plans consistently, which makes staff feel unprepared.",Safety & Security,Medium,12,13,1,0,90
"We had a nearby emergency situation with a heavy police presence, but our school did not communicate clearly about what was happening.",Safety & Security,Medium,12,22,1,0,134
Parents and relatives have been able to bypass the office and appear directly at classroom doors without warning.,Safety & Security,Medium,12,18,1,0,113
"Visitors are getting into the building without proper monitoring, which makes the school feel insecure.",Safety & Security,Medium,12,15,1,0,103
"People are able to walk through the school without visitor badges or identification, which should not be happening.",Safety & Security,Medium,12,18,1,0,115
"I encountered an unknown man wandering the hallway with no badge or clear authorization, and that was very unsettling.",Safety & Security,Medium,12,19,1,0,118
"A person entered a shared office space unannounced and began spraying pesticide, which shows how weak building access control is.",Safety & Security,Medium,12,20,1,0,129
The school’s front office and entry procedures are not strict enough to prevent unauthorized access.,Safety & Security,Medium,12,15,1,0,100
Staff are not being kept informed well enough during possible safety incidents happening nearby.,Safety & Security,Medium,12,14,1,0,96
The lack of response to repeated security concerns makes it feel like school leadership is not taking safety seriously.,Safety & Security,Medium,12,19,1,0,119
Constant panic and anxiety among staff show that the school environment does not feel secure.,Safety & Security,Medium,12,15,1,0,93
Some teachers are becoming so overwhelmed by safety concerns that they are having panic attacks at work.,Safety & Security,Medium,12,17,1,0,104
"Even if nothing major happens every day, the school’s weak security practices are causing ongoing fear and stress.",Safety & Security,Medium,12,18,1,0,114
The school is not doing enough to make staff and students feel protected inside the building.,Safety & Security,Medium,12,16,1,0,93
"Safety concerns are being discussed by multiple staff members, which shows this is not just one person overreacting.",Safety & Security,Medium,12,18,1,0,116
The building security feels careless when basic things like keeping exterior doors closed are still not enforced.,Safety & Security,Medium,12,17,1,0,113
"It is frustrating that after serious incidents in the same city, basic school security is still being handled so casually.",Safety & Security,Medium,12,20,1,0,122
The school should not allow classroom access to unannounced visitors under any circumstance.,Safety & Security,Medium,12,13,1,0,92
Poor visitor management is making both teachers and students feel unsafe.,Safety & Security,Medium,12,11,1,0,73
There is too much dependence on staff speaking up individually instead of having a proper school-wide safety response.,Safety & Security,Medium,12,18,1,0,118
"The school should be addressing these safety gaps through organized action, not one-off informal conversations.",Safety & Security,Medium,12,15,1,0,111
"Even if the risk of a major incident is low, the current lack of security measures is still unacceptable.",Safety & Security,Medium,12,19,1,0,105
The ongoing security issues are interfering with teachers’ ability to focus on their actual job.,Safety & Security,Medium,12,15,1,0,96
"The campus police or security at some schools drive too fast in pedestrian spaces, which creates a separate safety concern.",Safety & Security,Low,12,20,0,0,123
Campus security sometimes seems more focused on minor enforcement than on making people actually feel safe.,Safety & Security,Low,12,16,0,0,107
"Security officers can be helpful for lockouts and access issues, but their role in real safety concerns does not always feel strong enough.",Safety & Security,Low,12,23,0,0,139
Some campus security teams are not responsive enough to threatening behavior until the problem becomes more serious.,Safety & Security,Medium,12,17,1,0,116
"Poor investigation of warning signs, such as hateful posters or suspicious behavior, can allow larger safety issues to grow.",Safety & Security,Medium,12,19,1,0,124
Some students feel anxious around campus police because they do not trust they will be treated fairly.,Safety & Security,Medium,12,17,1,0,102
There have been cases where students were questioned or treated suspiciously even though they belonged on campus.,Safety & Security,Medium,12,17,1,0,113
Unequal treatment by campus police makes some students feel unsafe rather than protected.,Safety & Security,Medium,12,13,1,0,89
"Security presence can sometimes increase stress for students instead of reassurance, depending on how officers behave.",Safety & Security,Low,12,16,0,0,118
Some security teams appear ineffective and give the impression that they would not handle a real security issue well.,Safety & Security,Medium,12,19,1,0,117
It is frustrating when security is strict about small parking or access issues but not reassuring about bigger safety concerns.,Safety & Security,Low,12,20,0,0,127
Building access systems and key management are sometimes so poorly handled that they create daily security inconvenience.,Safety & Security,Low,12,17,0,0,121
Schools and campuses sometimes seem more reactive than preventive when it comes to safety concerns.,Safety & Security,Medium,12,15,1,0,99
There is a gap between having security staff present and actually feeling protected by them.,Safety & Security,Low,12,15,0,0,92
"The surrounding area may have a strong security presence, but that does not fully reduce fear when nearby crime is still happening.",Safety & Security,Medium,12,22,1,0,131
"The campus feels mostly safe, but a slightly stronger visible security presence would still be reassuring.",Safety & Security,Low,12,16,0,0,106
I think the school could do a better job of making everyday safety measures more noticeable.,Safety & Security,Low,12,16,0,0,92
Some common areas feel a little too loosely supervised during regular hours.,Safety & Security,Low,12,12,0,0,76
"The security setup seems basic, but it could be improved to make students feel more comfortable.",Safety & Security,Low,12,16,0,0,96
I would feel better if staff were a bit more visible in hallways and shared spaces.,Safety & Security,Low,12,16,0,0,83
"The school feels generally okay, but supervision could be a little more consistent.",Safety & Security,Low,12,13,0,0,83
"There are times when the building feels less monitored than it should be, even if nothing serious happens.",Safety & Security,Low,12,18,0,0,106
I think a little more routine checking of school areas would improve the overall sense of safety.,Safety & Security,Low,12,17,0,0,97
Some parts of the campus feel slightly isolated during quieter times of the day.,Safety & Security,Low,12,14,0,0,80
It would help if there were clearer reminders about basic campus safety for students.,Safety & Security,Low,12,14,0,0,85
"The school has safety practices in place, but they are not always obvious to everyone.",Safety & Security,Low,12,15,0,0,86
"I feel the campus is mostly under control, but a little more structure would make it feel safer.",Safety & Security,Low,12,18,0,0,96
There should be better visibility of whom students can approach for minor safety concerns.,Safety & Security,Low,12,14,0,0,90
"The overall environment is manageable, but some areas still feel a bit overlooked.",Safety & Security,Low,12,13,0,0,82
Some daily safety practices seem informal when they should probably be more organized.,Safety & Security,Low,12,13,0,0,86
"The campus is not unsafe, but it could definitely feel more secure with better routine supervision.",Safety & Security,Low,12,16,0,0,99
I sometimes feel that safety depends too much on students being careful on their own.,Safety & Security,Low,12,15,0,0,85
The school could improve how it communicates simple safety expectations to everyone.,Safety & Security,Low,12,12,0,0,84
There should be more awareness about reporting small safety concerns before they grow.,Safety & Security,Low,12,13,0,0,86
"The security arrangements seem fine on paper, but not always strong in day-to-day experience.",Safety & Security,Low,12,14,0,0,93
Some spaces feel a little too open and unmonitored during transitions.,Safety & Security,Low,12,11,0,0,70
I think more routine staff presence would make the campus feel calmer and more organized.,Safety & Security,Low,12,15,0,0,89
"Even though nothing major usually happens, the school could still improve its everyday safety visibility.",Safety & Security,Low,12,15,0,0,105
"The school feels mostly safe, but some small gaps in supervision are noticeable.",Safety & Security,Low,12,13,0,0,80
I would appreciate more visible monitoring in areas where students usually gather.,Safety & Security,Low,12,12,0,0,82
"The building is generally secure, but not always in a way that feels reassuring to everyone.",Safety & Security,Low,12,16,0,0,92
Minor safety concerns do not always seem to get enough attention unless someone keeps following up.,Safety & Security,Low,12,16,0,0,99
The campus atmosphere would feel better if safety procedures were reinforced more regularly.,Safety & Security,Low,12,13,0,0,92
Some students seem unsure about the right way to raise small security concerns.,Safety & Security,Low,12,13,0,0,79
I think the school should be a little more proactive about everyday supervision.,Safety & Security,Low,12,13,0,0,80
There are moments when the campus feels more loosely managed than it should.,Safety & Security,Low,12,13,0,0,76
"The security presence exists, but it blends into the background a little too much.",Safety & Security,Low,12,14,0,0,82
Some shared areas would feel safer with more consistent adult visibility.,Safety & Security,Low,12,11,0,0,73
It would help if the school reviewed simple safety habits more often with students and staff.,Safety & Security,Low,12,16,0,0,93
"The campus is mostly fine, but the supervision does not always feel evenly spread out.",Safety & Security,Low,12,15,0,0,86
I feel like some low-level safety issues are tolerated until they become patterns.,Safety & Security,Low,12,13,0,0,82
The school could make students feel more at ease by improving routine monitoring.,Safety & Security,Low,12,13,0,0,81
There should be better communication about who handles non-urgent safety issues.,Safety & Security,Low,12,11,0,0,80
Some corners of the campus feel quieter and less watched than the main areas.,Safety & Security,Low,12,14,0,0,77
"The environment feels generally safe, but not as actively managed as it could be.",Safety & Security,Low,12,14,0,0,81
A little more attention to everyday supervision would make the school feel more secure overall.,Safety & Security,Low,12,15,0,0,95
I think the campus would benefit from more visible check-ins by security or staff during the day.,Safety & Security,Low,12,17,0,0,97
"It is not a major issue, but some areas feel like they are checked less often than they should be.",Safety & Security,Low,12,20,0,0,98
"The school seems to respond when something happens, but not always before it becomes noticeable.",Safety & Security,Low,12,15,0,0,96
"I would feel more comfortable if safety practices were followed more consistently, even in small things.",Safety & Security,Low,12,16,0,0,104
"Some areas feel safe enough, but not especially well supervised.",Safety & Security,Low,12,10,0,0,64
The school could improve the general feeling of safety with small but consistent monitoring efforts.,Safety & Security,Low,12,15,0,0,100
"There is no major danger, but the campus could feel more orderly with better visible supervision.",Safety & Security,Low,12,16,0,0,97
I sometimes feel that everyday discipline and safety awareness are not taken seriously enough.,Safety & Security,Low,12,14,0,0,94
"The school is mostly secure, but there is room to improve how safe it feels on an ordinary day.",Safety & Security,Low,12,19,0,0,95
Campus police seem more focused on issuing tickets to students and staff than on actually helping with safety concerns.,Safety & Security,Medium,12,19,1,0,119
It feels unfair that people can get ticketed at the very place where they study or work.,Safety & Security,Low,12,17,0,0,88
"The only useful help I seem to get from campus police is unlocking doors, which makes their broader safety role feel limited.",Safety & Security,Low,12,22,0,0,125
"Campus security will let people into offices without checking ID carefully enough, which feels like a building access risk.",Safety & Security,Medium,12,19,1,0,123
It is concerning that someone could potentially get into offices just by saying they are locked out.,Safety & Security,Medium,12,17,1,0,100
"I feel safer asking for an escort to my car at night, which shows that walking alone after evening classes does not always feel comfortable.",Safety & Security,Medium,12,25,1,0,140
"Some staff need campus security escorts after dark, which suggests the parking areas do not always feel safe enough on their own.",Safety & Security,Medium,12,22,1,0,129
It is unsettling that security has to patrol buildings because of fear about unstable or threatening students.,Safety & Security,Medium,12,17,1,0,110
Some security teams seem more useful for routine lockouts than for actual security concerns.,Safety & Security,Low,12,14,0,0,92
"Security staffing can be inconsistent, with some personnel taking the job seriously and others seeming ineffective.",Safety & Security,Medium,12,16,1,0,115
"In some buildings, the assigned security staff do not seem alert or dependable enough for the role.",Safety & Security,Medium,12,17,1,0,99
It is worrying when security staff disappear for long periods instead of actively monitoring the building.,Safety & Security,Medium,12,16,1,0,106
There are times when campus security feels too casual for the kind of responsibility they are supposed to handle.,Safety & Security,Medium,12,19,1,0,113
A possible act of tampering with a car on campus has made people feel nervous about parking area safety.,Safety & Security,Medium,12,19,1,0,104
"When suspicious incidents happen around parked vehicles, it creates anxiety for others using the same area.",Safety & Security,Medium,12,16,1,0,107
Women on campus can feel especially uneasy after security-related incidents happen in parking areas.,Safety & Security,Medium,12,14,1,0,100
"Sometimes security is strict about gates and access in ways that feel excessive, even if the intention is safety.",Safety & Security,Low,12,19,0,0,113
I do not like when campus security gets involved in situations that seem unnecessarily escalated.,Safety & Security,Low,12,15,0,0,97
Calling campus security to remove a student over a very minor classroom issue feels excessive and intimidating.,Safety & Security,Medium,12,17,1,0,111
Using security to handle a student who was only a couple of minutes late makes campus enforcement feel unreasonable.,Safety & Security,Medium,12,19,1,0,116
It is uncomfortable when campus security acts like classroom discipline enforcers instead of focusing on actual safety issues.,Safety & Security,Medium,12,18,1,0,126
Security should not be used in ways that make normal student situations feel like criminal matters.,Safety & Security,Medium,12,16,1,0,99
It is concerning when faculty can involve security in minor disputes so easily.,Safety & Security,Medium,12,13,1,0,79
Campus security should be more careful before intervening in situations that are not real safety threats.,Safety & Security,Medium,12,16,1,0,105
The possibility of security being used against students over small issues makes the environment feel less welcoming.,Safety & Security,Low,12,17,0,0,116
Some security responses seem too heavy-handed for what should be simple academic or classroom issues.,Safety & Security,Medium,12,15,1,0,101
Students can feel uneasy when security is called in situations that could have been resolved without escalation.,Safety & Security,Medium,12,17,1,0,112
It feels like campus security is sometimes used to enforce authority rather than to keep people safe.,Safety & Security,Medium,12,17,1,0,101
Building access control appears weak if offices and classrooms can be opened without proper identity verification.,Safety & Security,Medium,12,16,1,0,114
Campus safety feels too dependent on individual staff members being helpful rather than on strong systems.,Safety & Security,Low,12,16,0,0,106
It is frustrating when security is visible for rule enforcement but less reassuring for everyday safety needs.,Safety & Security,Low,12,17,0,0,110
Needing help getting safely to a car at night suggests that evening campus movement is not fully comfortable for everyone.,Safety & Security,Medium,12,20,1,0,122
"Parking and office areas do not always feel as secure as they should, especially after hours.",Safety & Security,Medium,12,16,1,0,93
Some campus safety teams seem better at convenience tasks than at giving people real confidence in campus security.,Safety & Security,Low,12,18,0,0,115
The way security is sometimes used can make students feel watched and controlled instead of protected.,Safety & Security,Medium,12,16,1,0,102
Security procedures around late-night access and movement feel inconsistent depending on who is on duty.,Safety & Security,Low,12,15,0,0,104
It is uncomfortable knowing that people might be able to gain access to campus spaces too easily.,Safety & Security,Medium,12,17,1,0,97
Some of the current security practices feel more performative than genuinely protective.,Safety & Security,Low,12,12,0,0,88
There is a gap between having security personnel present and actually feeling secure because of them.,Safety & Security,Low,12,16,0,0,101
Campus security involvement in minor incidents can create unnecessary stress for students and staff.,Safety & Security,Medium,12,14,1,0,100
Campus security had to patrol a classroom building because a staff member was fearful of a crazy student.,Safety & Security,High,12,18,2,0,105
"Campus security let people into offices without checking ID, which is a serious access control risk.",Safety & Security,High,12,16,2,0,100
"Someone appears to have tampered with a car on campus, and it has made other women in the building feel unsafe.",Safety & Security,High,12,21,2,0,111
A possible security threat around parked vehicles has left staff worried that campus parking areas are not safe enough.,Safety & Security,High,12,19,2,0,119
The fact that women on campus are now very nervous after repeated suspicious incidents shows a serious safety concern.,Safety & Security,High,12,19,2,0,118
A new student openly threatened to shoot classmates and harm them violently on his very first day.,Safety & Security,High,12,17,2,0,98
"The same student made explicit rape and death threats toward female students, creating immediate danger.",Safety & Security,High,12,15,2,0,104
The student repeatedly claimed he had a gun and intended to use it inside the school.,Safety & Security,High,12,16,2,0,85
School administration failed to take immediate action despite clear and repeated violent threats.,Safety & Security,High,12,13,2,0,97
The student was allowed to remain on campus even after multiple threats were reported.,Safety & Security,High,12,14,2,0,86
The student continued threatening others even after initial complaints were raised to authorities.,Safety & Security,High,12,13,2,0,98
There was no lockdown or emergency protocol initiated despite a potential armed threat.,Safety & Security,High,12,13,2,0,87
Students were left exposed in classrooms while a dangerous student was still moving around freely.,Safety & Security,High,12,15,2,0,98
A student had to call emergency services (911) because the school failed to respond to serious threats.,Safety & Security,High,12,17,2,0,103
Administration punished a student for calling 911 during a life-threatening situation.,Safety & Security,High,12,11,2,0,86
School authorities attempted to suppress the incident by calling it “rumors” despite visible evidence.,Safety & Security,High,12,14,2,0,102
Administration threatened students and staff with suspension for speaking about the incident.,Safety & Security,High,12,12,2,0,93
The dangerous student ran multiple times across campus without being properly contained.,Safety & Security,High,12,12,2,0,88
Police had to intervene and arrest the student due to the school’s inability to control the situation.,Safety & Security,High,12,17,2,0,102
Students were left traumatized and fearful after witnessing threats and police intervention.,Safety & Security,High,12,12,2,0,92
Parents were alarmed as students contacted them during an active safety threat.,Safety & Security,High,12,12,2,0,79
The school failed to ensure basic safety for both students and teachers despite repeated warnings.,Safety & Security,High,12,15,2,0,98
A known violent and unstable student was not immediately isolated from others.,Safety & Security,High,12,12,2,0,78
Administration prioritized avoiding disruption over ensuring actual safety.,Safety & Security,High,12,8,2,0,75
The overall handling of the situation shows a complete breakdown of school safety protocols.,Safety & Security,High,12,14,2,0,92
Audio-enabled CCTV cameras are recording student conversations across campus without consent.,Safety & Security,High,12,11,2,0,93
Students discovered that their private conversations in the canteen were being monitored by authorities.,Safety & Security,High,12,14,2,0,104
Continuous audio surveillance has created fear among students to speak freely even in open spaces.,Safety & Security,High,12,15,2,0,98
There is no official policy or transparency about surveillance despite active monitoring of students.,Safety & Security,High,12,14,2,0,101
"The principal is personally monitoring camera feeds throughout the day, raising serious privacy concerns.",Safety & Security,High,12,14,2,0,105
Students feel constantly watched and psychologically unsafe due to continuous surveillance.,Safety & Security,High,12,11,2,0,91
A past incident involved a camera operator misusing footage of female students and sharing it inappropriately.,Safety & Security,High,12,16,2,0,110
Students are concerned that surveillance systems could be misused again for unethical monitoring.,Safety & Security,High,12,13,2,0,97
Lack of consent or notification about audio recording raises serious legal and safety concerns.,Safety & Security,High,12,14,2,0,95
"A camera was being considered or installed inside a shared dorm room, which violates personal privacy and safety.",Safety & Security,High,12,18,2,0,113
Installing a surveillance camera inside a student’s living space without roommate consent is a serious privacy violation.,Safety & Security,High,12,17,2,0,121
A roommate would feel unsafe knowing they are being recorded inside their own dorm room.,Safety & Security,High,12,15,2,0,88
Unauthorized surveillance in private living spaces could lead to disciplinary or legal consequences for students.,Safety & Security,High,12,15,2,0,113
Cameras inside dorm rooms can be misused to monitor and control students continuously.,Safety & Security,High,12,13,2,0,86
Continuous monitoring through cameras in personal spaces creates a lack of autonomy and psychological safety.,Safety & Security,High,12,15,2,0,109
There is a risk that surveillance in dorm rooms could escalate into further control or additional monitoring.,Safety & Security,High,12,17,2,0,109
"Students reported receiving creepy or inappropriate messages after posting about campus surveillance, raising safety concerns.",Safety & Security,High,12,15,2,0,126
"Some classrooms don’t have CCTV cameras, which makes students wonder if monitoring is inconsistent across campus.",Safety & Security,Low,12,16,0,0,113
"Cameras are present in some areas but not in all classrooms, leading to uneven coverage.",Safety & Security,Low,12,15,0,0,88
"In some colleges, cameras are installed but may not always be functioning properly.",Safety & Security,Low,12,13,0,0,83
There is confusion among students about whether cameras are actually installed in classrooms or not.,Safety & Security,Low,12,15,0,0,100
Students are unsure how long CCTV footage is stored before it gets deleted.,Safety & Security,Low,12,13,0,0,75
"CCTV footage is usually only checked after an incident, so it doesn’t actively prevent minor issues.",Safety & Security,Low,12,16,0,0,100
Some students feel that classroom cameras are not monitored regularly unless something serious happens.,Safety & Security,Low,12,14,0,0,103
"There is a belief that with so many cameras, no one is actively watching them most of the time.",Safety & Security,Low,12,19,0,0,95
Cameras are sometimes installed more for record-keeping rather than real-time safety monitoring.,Safety & Security,Low,12,12,0,0,96
Some students feel cameras are unnecessary in classrooms and prefer not to be monitored constantly.,Safety & Security,Low,12,15,0,0,99
There are concerns that too much surveillance might feel uncomfortable even if it is meant for safety.,Safety & Security,Low,12,17,0,0,102
Students joke or feel that cameras are symbolic rather than actually improving safety.,Safety & Security,Low,12,13,0,0,86
"In some colleges, cameras are physically present but locked or protected due to risk of damage.",Safety & Security,Low,12,16,0,0,95
"There are cases where students damage cameras, which reduces their effectiveness.",Safety & Security,Low,12,11,0,0,81
"Security presence like guards or cameras is sometimes noticed only in certain areas like corridors, not everywhere.",Safety & Security,Low,12,17,0,0,115
Some students feel that cameras do not make a noticeable difference in day-to-day campus safety.,Safety & Security,Low,12,15,0,0,96
There is limited clarity on who monitors CCTV footage and how often it is reviewed.,Safety & Security,Low,12,15,0,0,83
Cameras are mainly used for verification after incidents rather than preventing small issues.,Safety & Security,Low,12,13,0,0,93
Students are unsure whether security systems are properly maintained or regularly checked.,Safety & Security,Low,12,12,0,0,90
The presence of cameras does not always stop minor rule-breaking or casual behavior.,Safety & Security,Low,12,13,0,0,84
CCTV cameras were reportedly installed inside boys’ washrooms in some schools and colleges.,Safety & Security,High,12,13,2,0,91
Cameras placed in toilets are a direct violation of personal privacy and dignity.,Safety & Security,High,12,13,2,0,81
Some institutions justified installing cameras in washrooms for surveillance or discipline purposes.,Safety & Security,High,12,12,2,0,100
There are reports of cameras being specifically directed toward urinal areas.,Safety & Security,High,12,11,2,0,77
Students have confirmed that such cameras actually existed in their institutions.,Safety & Security,High,12,11,2,0,81
Even fake cameras installed in washrooms create fear and psychological discomfort among students.,Safety & Security,High,12,13,2,0,97
A cleaner was seen peeking into a toilet through a window while a student was inside.,Safety & Security,High,12,16,2,0,85
Students reported that such invasive monitoring practices were normalized without questioning.,Safety & Security,High,12,11,2,0,94
There are multiple reports and news cases of schools installing CCTV cameras in boys’ toilets.,Safety & Security,High,12,15,2,0,94
CCTV footage requested for an important issue was unavailable despite following proper procedures.,Safety & Security,High,12,13,2,0,98
The campus claimed they did not have recorded footage even though cameras were installed.,Safety & Security,High,12,14,2,0,89
CCTV systems on campus were not functioning properly when needed for investigation.,Safety & Security,High,12,12,2,0,83
"A student’s phone was stolen on campus, but CCTV cameras were unable to help identify the culprit.",Safety & Security,High,12,17,2,0,98
Poor CCTV quality and maintenance made it impossible to rely on them for security purposes.,Safety & Security,High,12,15,2,0,91
Lack of proper CCTV infrastructure and monitoring leads to failure in handling theft incidents.,Safety & Security,High,12,14,2,0,95
Cameras on campus are described as “useless” because they fail to support real security needs.,Safety & Security,High,12,15,2,0,94
"Institutions fail to maintain or repair CCTV systems, making them ineffective during incidents.",Safety & Security,High,12,13,2,0,95
The absence of usable surveillance footage creates serious gaps in campus security systems.,Safety & Security,High,12,13,2,0,91
Installing cameras in sensitive areas like washrooms is acknowledged as illegal and unethical.,Safety & Security,High,12,13,2,0,94
Male students repeatedly entered the girls’ hostel without authorization.,Safety & Security,High,12,9,2,0,73
Intruders into the girls’ hostel were celebrated instead of being punished.,Safety & Security,High,12,11,2,0,75
Administration failed to take action against hostel intrusion incidents.,Safety & Security,High,12,9,2,0,72
Hostel authorities blamed female students instead of addressing the intrusion.,Safety & Security,High,12,10,2,0,78
Groups of men regularly gathered outside the girls’ hostel at night and shouted loudly while intoxicated.,Safety & Security,High,12,16,2,0,105
Female students felt unsafe and scared inside their own hostel rooms due to such behavior.,Safety & Security,High,12,15,2,0,90
"There was fear that intoxicated men could bribe guards, jump boundaries, and enter rooms.",Safety & Security,High,12,14,2,0,89
College administration failed to ensure basic security for women on campus.,Safety & Security,High,12,11,2,0,75
A couple was physically assaulted in public by a group based on caste differences.,Safety & Security,High,12,14,2,0,82
The girl in the couple was slapped during the assault.,Safety & Security,High,12,10,2,0,54
The male victim was beaten and his belongings were damaged.,Safety & Security,High,12,10,2,0,59
Administration took no action even after a public physical assault incident.,Safety & Security,High,12,11,2,0,76
Persistent fear among women due to unsafe campus environment.,Safety & Security,High,12,9,2,0,61
Women avoided common campus spaces due to harassment risk.,Safety & Security,High,12,9,2,0,58
Lack of accountability for harassment and violence incidents.,Safety & Security,High,12,8,2,0,61
Female students avoided the college canteen due to constant harassment at the entrance.,Safety & Security,Medium,12,13,1,0,87
Groups of men regularly loitered near common areas to intimidate and harass women.,Safety & Security,Medium,12,13,1,0,82
Women experienced verbal harassment and jeering in public campus spaces.,Safety & Security,Medium,12,10,1,0,72
"Offensive displays (e.g., sanitary pads hung publicly) created discomfort and humiliation.",Safety & Security,Medium,12,11,1,0,90
Ragging included caste-based questioning of female students.,Safety & Security,Medium,12,7,1,0,60
Caste-based student groups created hostile and discriminatory environments.,Safety & Security,Medium,12,8,1,0,75
Complaints against harassment or discrimination were dismissed as “tradition.”,Safety & Security,Medium,12,9,1,0,78
Women faced restrictions like curfews and dress codes instead of real safety measures.,Safety & Security,Medium,12,13,1,0,86
Institutional focus was on controlling women rather than preventing misconduct.,Safety & Security,Medium,12,10,1,0,79
Lack of safe and inclusive campus environment for women.,Safety & Security,Medium,12,9,1,0,56
General normalization of unsafe and disrespectful behavior toward women.,Safety & Security,Medium,12,9,1,0,72
Some individuals believe campus safety is not a concern and do not actively engage with it.,Safety & Security,Low,12,16,0,0,91
Safety is assumed based on absence of extreme crimes rather than actual environment conditions.,Safety & Security,Low,12,14,0,0,95
Reliance on personal safety awareness instead of institutional safety measures.,Safety & Security,Low,12,10,0,0,79
Presence of undercover security officers was not clearly communicated to students.,Safety & Security,Low,12,11,0,0,82
Students are encouraged to rely on external tools/apps for safety rather than campus systems.,Safety & Security,Low,12,14,0,0,93
Walking alone on or around campus at night does not feel safe.,Safety & Security,Medium,12,12,1,0,62
Some students do not feel safe enough to move around campus after dark without a friend.,Safety & Security,Medium,12,16,1,0,88
"Open campuses allow unknown people to enter and leave freely, which creates security concerns.",Safety & Security,Medium,12,14,1,0,94
There is a real fear of sexual assault when students are intoxicated or isolated with someone they do not know well.,Safety & Security,High,12,21,2,0,116
Students are at risk when drinks are left unattended because of the possibility of tampering.,Safety & Security,High,12,15,2,0,93
"Late-night travel from parties or bars feels unsafe, especially when students are alone or semi-intoxicated.",Safety & Security,High,12,15,2,0,108
Some students do not feel safe asking strangers for help late at night because of the risk of assault.,Safety & Security,High,12,19,2,0,102
There is concern that students may not know where campus emergency systems or blue-light call boxes are located.,Safety & Security,Medium,12,18,1,0,112
"Students may not be fully aware of safe routes around campus, which can make them more vulnerable.",Safety & Security,Medium,12,17,1,0,98
"Personal belongings are not always safe if left unattended in dorms, libraries, or common areas.",Safety & Security,Medium,12,15,1,0,96
Dorm and room security can become a problem if students do not consistently lock their doors.,Safety & Security,Medium,12,16,1,0,93
Bikes and personal devices are at risk of theft without proper locks or precautions.,Safety & Security,Medium,12,14,1,0,84
"Students can be vulnerable when walking while distracted by phones, music, or other technology.",Safety & Security,Low,12,14,0,0,95
"Some students rely too much on friends for safety, which becomes risky when they are left alone.",Safety & Security,Medium,12,17,1,0,96
There is concern that students may lose control of a situation when heavily drunk or high.,Safety & Security,High,12,16,2,0,90
Students may not know clearly whom to report a safety issue to when something goes wrong.,Safety & Security,Medium,12,16,1,0,89
Campus safety sometimes seems to depend more on personal precautions than on visible institutional protection.,Safety & Security,Low,12,15,0,0,110
Some students feel they need external safety apps or tools because they are not fully confident in campus safety systems alone.,Safety & Security,Low,12,21,0,0,127
Unauthorized people being on campus is a concern when students are expected to verify who belongs there.,Safety & Security,Medium,12,17,1,0,104
Students may not feel secure enough to leave valuables unattended even briefly in academic spaces.,Safety & Security,Medium,12,15,1,0,98
A campus security guard made me feel unsafe by repeatedly staring at my chest in a disturbing way.,Safety & Security,High,12,18,2,0,98
The security guard led me toward an isolated room and behaved in a way that felt predatory and threatening.,Safety & Security,High,12,19,2,0,107
I felt trapped and unsafe when the guard stood in the doorway staring at me instead of leaving.,Safety & Security,High,12,18,2,0,95
"Even after I stepped away, the security guard followed me outside and continued to sit near me in a threatening manner.",Safety & Security,High,12,21,2,0,119
I was so terrified by the security guard’s behavior that I left immediately and broke down from panic on the road.,Safety & Security,High,12,21,2,0,114
Students cannot feel safe if the very people responsible for security are the ones causing fear.,Safety & Security,High,12,16,2,0,96
"A senior student was reportedly attacked, taken from the hostel, and beaten badly on campus.",Safety & Security,High,12,15,2,0,92
Violent gang fights involving multiple bikes and weapons are happening around campus.,Safety & Security,High,12,12,2,0,85
"Two bikes were burned during campus violence, which shows how serious the situation has become.",Safety & Security,High,12,15,2,0,95
Students are living in constant fear because of attacks by outsiders and violent groups.,Safety & Security,High,12,14,2,0,88
The open-campus system allows outsiders to enter and leave without proper checking or verification.,Safety & Security,High,12,14,2,0,99
Students are being warned to be careful at night because of the fear of being attacked or taken away.,Safety & Security,High,12,19,2,0,101
The campus no longer feels safe because of repeated violent incidents and outsider interference.,Safety & Security,High,12,14,2,0,96
It is disturbing that a student can feel unsafe even inside their own department building during normal college hours.,Safety & Security,High,12,19,2,0,118
A female student was left feeling violated and unsafe in a place that should have been secure and trustworthy.,Safety & Security,High,12,19,2,0,110
"The college is forcing students to sign declarations about not having psychiatric or psychological disorders, which creates an unsafe and discriminatory environment for students with mental health conditions.",Safety & Security,Medium,12,28,1,0,208
"Students with depression, anxiety, ADHD, or trauma may feel threatened by policies that treat mental health conditions as campus safety risks.",Safety & Security,Medium,12,21,1,0,142
"The college is pressuring students to submit original documents and threatening cancellation of admission, which creates fear and insecurity among students.",Safety & Security,Medium,12,21,1,0,156
Students feel coerced into signing restrictive forms without any real choice.,Safety & Security,Medium,12,11,1,0,77
The college’s rules make students feel like they have no rights and no safe way to object.,Safety & Security,Medium,12,17,1,0,90
It feels unfair that colleges are forcing us to pay CRT fees even though it is officially optional.,Fees,High,5,18,2,0,99
Colleges linking CRT fee payment with exam fee submission is completely unethical and stressful for students.,Fees,High,5,16,2,0,109
I am frustrated that we are being blackmailed into paying extra fees just to be allowed to write exams.,Fees,High,5,19,2,0,103
The lack of proper regulation on CRT fees is leading to colleges exploiting students financially.,Fees,High,5,15,2,0,97
It’s stressful that colleges are charging such high CRT fees without any clear justification or standard rules.,Fees,Medium,5,17,1,0,111
"I feel annoyed that even after paying full college fees, additional charges like CRT are still being forced on us.",Fees,Medium,5,20,1,0,114
Delaying processes like condonation fees just to collect fines feels very unfair and manipulative.,Fees,Medium,5,14,1,0,98
It’s confusing why colleges keep adding new types of fees without properly explaining them to students.,Fees,Medium,5,16,1,0,103
Charging money for basic documents like bonafide certificates feels unnecessary and exploitative.,Fees,Medium,5,12,1,0,97
I am concerned that fee reimbursement updates are unclear and students are left without proper information.,Fees,Low,5,16,0,0,107
There is a lack of transparency in how fees are collected and where the money is actually being used.,Fees,Low,5,19,0,0,101
It’s frustrating that students have to depend on social media to get updates about important fee-related issues.,Fees,Low,5,17,0,0,112
"Even though CRT is said to be optional, the pressure from colleges makes it feel compulsory.",Fees,High,5,16,2,0,92
Forcing students to opt out of placements if they don’t pay CRT fees feels like an indirect punishment.,Fees,High,5,18,2,0,103
The constant demand for extra payments makes it feel like education has become more of a business than a service.,Fees,Medium,5,20,1,0,113
"The college keeps asking students to fill multiple forms with many rules, which feels unnecessary and stressful.",Safety & Security,Low,12,17,0,0,112
Students are uncomfortable with being forced to sign forms without clear explanations.,Safety & Security,Low,12,12,0,0,86
Some college rules and restrictions feel excessive and controlling.,Safety & Security,Low,12,9,0,0,67
Students feel the administration imposes rules without giving them a proper choice or voice.,Safety & Security,Low,12,14,0,0,92
"The college initially promised a 3-year degree but later forced students into a 4-year program, affecting planned finances.",Fees,High,5,18,2,0,123
Changing the course duration after admission has caused financial stress for students who took loans based on a 3-year plan.,Fees,High,5,20,2,0,124
Making the 4th year compulsory after repeatedly saying it was optional feels like a financial scam.,Fees,High,5,16,2,0,99
Students who planned their education budget are now forced to spend extra money due to sudden policy changes.,Fees,High,5,18,2,0,109
The lack of clear communication about course duration is leading to unexpected additional financial burden on students.,Fees,High,5,17,2,0,119
"Students are being misled about course structure, which directly impacts their financial planning and expenses.",Fees,High,5,15,2,0,111
Forcing an extra academic year increases tuition fees and living expenses unnecessarily.,Fees,High,5,12,2,0,88
The institution is not considering the financial struggles of students who cannot afford an additional year.,Fees,High,5,16,2,0,108
Students who took education loans are under pressure due to extended course duration and increased repayment burden.,Fees,High,5,17,2,0,116
Changing rules mid-course creates unfair financial obligations for students and their families.,Fees,High,5,12,2,0,95
The college’s inconsistent statements about the course duration are creating confusion and financial insecurity.,Fees,Medium,5,14,1,0,112
Students feel cheated because the course they enrolled in is not what was originally promised financially.,Fees,High,5,16,2,0,106
The extra year requirement is not justified academically but still increases financial burden.,Fees,Medium,5,13,1,0,94
There is no transparency in how the additional year benefits students despite increasing their costs.,Fees,Medium,5,15,1,0,101
The institution is prioritizing profit over students’ financial well-being.,Fees,High,5,9,2,0,75
Students are forced to adjust their financial plans due to sudden academic policy changes.,Fees,Medium,5,14,1,0,90
"Unexpected extension of the course leads to additional hostel, travel, and personal expenses.",Fees,High,5,13,2,0,93
The college is not providing financial support or relief despite increasing course duration.,Fees,Medium,5,13,1,0,92
Students are not given a choice even though the extra year was initially declared optional.,Fees,High,5,15,2,0,91
The policy change feels like a deliberate attempt to extract more money from students.,Fees,High,5,14,2,0,86
Financial commitments made by students based on earlier promises are now disrupted.,Fees,High,5,12,2,0,83
Students feel trapped because they have already invested money and cannot easily switch colleges.,Fees,High,5,14,2,0,97
The sudden increase in course duration affects students’ career plans and delays earning opportunities.,Fees,Medium,5,14,1,0,103
There is no accountability from the college regarding financial losses faced by students.,Fees,High,5,13,2,0,89
Students are forced to bear additional costs without prior agreement or consent.,Fees,High,5,12,2,0,80
"Honestly, it feels really unfair that they changed the course duration midway and now we have to pay for an extra year we never signed up for.",Fees,High,5,27,2,0,142
I don’t get how they can just suddenly make the 4th year compulsory when we planned everything financially for only 3 years.,Fees,High,5,22,2,0,124
It’s really stressful knowing we now have to arrange extra money just because the college changed their rules randomly.,Fees,High,5,19,2,0,119
They kept saying the 4th year is optional and now forcing it feels like they just want more money from students.,Fees,High,5,21,2,0,112
"Honestly, it’s frustrating because many of us took loans based on a 3-year plan and now everything is messed up financially.",Fees,High,5,21,2,0,124
I feel like they misled us during admission and now we’re stuck paying more than what we agreed for.,Fees,High,5,19,2,0,100
It’s annoying how they don’t even acknowledge how much financial pressure this sudden change is causing students.,Fees,High,5,17,2,0,113
The way they changed policies without thinking about students’ financial situations is honestly really irresponsible.,Fees,High,5,15,2,0,117
"Now we have to spend extra on fees, hostel, and everything else just because they decided to change things last minute.",Fees,High,5,21,2,0,119
It feels like we have no option but to pay more since we’ve already invested so much in this college.,Fees,High,5,20,2,0,101
"Honestly, the lack of clarity from the beginning about course duration is what’s causing all this financial mess now.",Fees,Medium,5,19,1,0,117
It’s really confusing how they kept giving different information every year about whether the 4th year is needed or not.,Fees,Medium,5,20,1,0,120
I wish they had been transparent from the start instead of making students figure out financial adjustments later.,Fees,Medium,5,18,1,0,114
It’s frustrating because we trusted what they told us initially and planned our expenses based on that.,Fees,Medium,5,17,1,0,103
The constant changes in rules just make it hard to plan anything financially or academically.,Fees,Medium,5,15,1,0,93
"Honestly, they should at least give proper justification for why students suddenly need to pay for an extra year.",Fees,Medium,5,19,1,0,113
"It feels like they don’t care about how students manage money, they just keep updating policies randomly.",Fees,Medium,5,17,1,0,105
"Even basic communication about fee impact is missing, which just adds to the confusion and stress.",Fees,Medium,5,16,1,0,98
It’s annoying how no one clearly explains how this extra year benefits us despite the added cost.,Fees,Medium,5,17,1,0,97
I just feel like we’re left figuring things out on our own when it comes to sudden fee-related changes.,Fees,Medium,5,19,1,0,103
"Honestly, even though it’s not as serious, it’s still irritating how fee-related information is always unclear and inconsistent.",Fees,Low,5,18,0,0,128
It’s kind of annoying that we have to keep asking multiple times just to understand basic fee details.,Fees,Low,5,18,0,0,102
I feel like they could at least organize fee communication better instead of making everything so confusing.,Fees,Low,5,17,0,0,108
"Even small fee-related updates are not communicated properly, which just adds to unnecessary stress.",Fees,Low,5,14,0,0,100
It’s frustrating how we never get one proper source of information for all fee-related details.,Fees,Low,5,15,0,0,95
Its confusing how every year they say something different about fees and course duration.,Fees,Medium,5,14,1,0,89
I wish they were clear from start instead of changing things later and creating this mess.,Fees,Medium,5,16,1,0,90
We trusted what they said in first year and now everything is different and hard to manage.,Fees,Medium,5,17,1,0,91
Its really hard to plan financially when rules keep changing like this again and again.,Fees,Medium,5,15,1,0,87
They should atleast explain properly why we need to pay extra instead of just forcing it.,Fees,Medium,5,16,1,0,89
Feels like no proper communication is there regarding fees everything is just unclear.,Fees,Medium,5,13,1,0,86
Even when we ask doubts no one gives proper answer they just send us here and there.,Fees,Medium,5,17,1,0,84
Its annoying how we have to keep asking again and again just to understand fees.,Fees,Low,5,15,0,0,80
Honestly even small fee details are not explained properly which is really irritating.,Fees,Low,5,13,0,0,86
I dont know why they cant just give one proper document with all fee details clearly.,Fees,Low,5,16,0,0,85
Honestly its kinda annoying how fee details are never clear and we have to keep asking again and again.,Fees,Low,5,19,0,0,103
I dont know why they cant just explain fees properly in one go instead of confusing everyone.,Fees,Low,5,17,0,0,93
Even for small fee doubts we are told to come later which is honestly irritating.,Fees,Low,5,15,0,0,81
Different staff giving different fee info just makes everything more confusing for no reason.,Fees,Low,5,14,0,0,93
It feels like we waste so much time just trying to understand basic fee structure.,Fees,Low,5,15,0,0,82
Honestly they should just give a proper breakdown instead of making things so unclear.,Fees,Low,5,14,0,0,86
Its really annoying how fee related updates are never informed properly to students.,Fees,Low,5,13,0,0,84
Sometimes even small extra charges are not explained which just feels unnecessary.,Fees,Low,5,12,0,0,82
I feel like they could organize the fee system better instead of making it this messy.,Fees,Low,5,16,0,0,86
Even simple questions about fees dont get straight answers which is kinda frustrating.,Fees,Low,5,13,0,0,86
Honestly dealing with fee related queries is more stressful than it needs to be.,Fees,Medium,5,14,1,0,80
Honestly its kinda irritating how fee notices are not given properly and we come to know at last moment.,Fees,Low,5,19,0,0,104
"I dont understand why fee receipts are not updated properly, its confusing to track payments.",Fees,Low,5,15,0,0,93
Its annoying how we have to keep checking again and again if fees is updated or not.,Fees,Low,5,17,0,0,84
Sometimes the fee portal itself is confusing and not easy to understand.,Fees,Low,5,12,0,0,72
Even small mistakes in fee records take too long to get corrected which is frustrating.,Fees,Low,5,15,0,0,87
Its kinda messy how fee related information is scattered and not available in one place.,Fees,Low,5,15,0,0,88
Honestly the whole fee process feels disorganized and not student friendly.,Fees,Low,5,11,0,0,75
I feel like they should atleast send proper reminders instead of sudden updates.,Fees,Low,5,13,0,0,80
Its annoying when fee details are not matching properly and we have to go clarify it.,Fees,Low,5,16,0,0,85
Even basic fee status is not shown clearly which creates unnecessary confusion.,Fees,Low,5,12,0,0,79
Sometimes we are not sure if payment is successful or not due to lack of clear confirmation.,Fees,Low,5,17,0,0,92
Its frustrating how there is no simple way to verify all fee payments at once.,Fees,Low,5,15,0,0,78
Even after paying fees we still feel unsure because there is no proper update shown.,Fees,Low,5,15,0,0,84
Honestly small issues in fee handling just keep piling up and become irritating.,Fees,Low,5,13,0,0,80
I wish they had a better system so we dont have to worry about small fee related issues.,Fees,Low,5,18,0,0,88
Calling campus security over a student being two minutes late feels unnecessary.,Safety & Security,Low,12,12,0,0,80
It is uncomfortable when campus security is used for minor classroom discipline issues.,Safety & Security,Low,12,13,0,0,87
Students may feel uneasy if strict lateness rules are enforced without being clearly written in the syllabus.,Safety & Security,Low,12,17,0,0,109
Using security staff for small attendance disputes makes the campus environment feel unnecessarily tense.,Safety & Security,Low,12,14,0,0,105
Students who commute can feel stressed by rigid late policies when traffic or transport delays happen.,Safety & Security,Low,12,16,0,0,102
Evening class schedules can create safety concerns for students who need to leave before it gets dark.,Safety & Security,Low,12,17,0,0,102
Some students feel anxious that minor lateness could be treated too seriously.,Safety & Security,Low,12,12,0,0,78
Inconsistent handling of lateness by professors can make students uncertain about what to expect.,Safety & Security,Low,12,14,0,0,97
Students with ADHD or similar difficulties may feel worried about being penalized harshly for being late.,Safety & Security,Low,12,16,0,0,105
The idea of being escorted out over a minor issue can make students feel uncomfortable on campus.,Safety & Security,Low,12,17,0,0,97
"Students feel that minor lateness is treated more strictly than necessary, creating unnecessary pressure.",Safety & Security,Low,12,14,0,0,105
Some students feel uncomfortable when classroom rules are enforced in a way that escalates to involving security staff.,Safety & Security,Low,12,18,0,0,119
The possibility of being removed from class for small issues makes students feel uneasy about attending.,Safety & Security,Low,12,16,0,0,104
Strict classroom control policies can create a slightly intimidating environment rather than a supportive one.,Safety & Security,Low,12,15,0,0,110
Students feel that small disruptions like arriving late are sometimes handled in a way that feels excessive.,Safety & Security,Low,12,17,0,0,108
Honestly its annoying how fee details are never explained properly from the beginning.,Fees,Low,5,13,0,0,86
I dont get why we always have to ask multiple times just to understand basic fee structure.,Fees,Low,5,17,0,0,91
Its kinda frustrating how fee updates are never given clearly on time.,Fees,Low,5,12,0,0,70
Even small fee related doubts take forever to get clarified.,Fees,Low,5,10,0,0,60
I feel like they make fee process confusing on purpose sometimes.,Fees,Low,5,11,0,0,65
Its annoying how no one gives same answer when we ask about fees.,Fees,Low,5,13,0,0,65
Honestly the fee system just feels messy and unorganized.,Fees,Low,5,9,0,0,57
Sometimes fee details are so unclear we dont even know what we are paying for.,Fees,Low,5,15,0,0,78
Its frustrating how we have to run around just for small fee clarifications.,Fees,Low,5,13,0,0,76
Even basic fee receipts are not given properly which is irritating.,Fees,Low,5,11,0,0,67
I dont understand why fee breakdown is not shared clearly anywhere.,Fees,Low,5,11,0,0,67
Its annoying when fee status is not updated even after payment.,Fees,Low,5,11,0,0,63
Honestly it feels like we waste too much time just dealing with fee confusion.,Fees,Low,5,14,0,0,78
Even small fee errors are not corrected quickly which is frustrating.,Fees,Low,5,11,0,0,69
Its kinda tiring how we have to double check everything related to fees.,Fees,Low,5,13,0,0,72
I feel like fee communication is really poor in our college.,Fees,Low,5,11,0,0,60
Sometimes we are not even sure if fee payment went through or not.,Fees,Low,5,13,0,0,66
Its annoying how fee portal itself is confusing to use.,Fees,Low,5,10,0,0,55
Even asking about fees feels like a task because no one gives clear info.,Fees,Low,5,14,0,0,73
Honestly fee handling system needs a lot of improvement.,Fees,Low,5,9,0,0,56
Its frustrating how fee deadlines are not communicated properly.,Fees,Low,5,9,0,0,64
Sometimes they suddenly ask for payments without proper notice.,Fees,Low,5,9,0,0,63
I dont get why fee related messages are not sent clearly to everyone.,Fees,Low,5,13,0,0,69
Its annoying how we keep hearing different things about same fee issue.,Fees,Low,5,12,0,0,71
Even small extra charges are not explained properly which is confusing.,Fees,Low,5,11,0,0,71
Honestly the fee process feels unnecessarily complicated.,Fees,Low,5,7,0,0,57
I feel like there is no proper system to track fee payments easily.,Fees,Low,5,13,0,0,67
Its frustrating how we dont have one clear place for all fee info.,Fees,Low,5,13,0,0,66
Sometimes fee records are not updated correctly which creates issues.,Fees,Low,5,10,0,0,69
Its annoying how we have to keep asking again and again about fees.,Fees,Low,5,13,0,0,67
Even basic fee queries are not handled properly by staff.,Fees,Low,5,10,0,0,57
Honestly they should simplify the whole fee system a bit.,Fees,Low,5,10,0,0,57
I dont understand why fee details are not transparent at all.,Fees,Low,5,11,0,0,61
Its kinda irritating how long it takes to resolve small fee problems.,Fees,Low,5,12,0,0,69
Sometimes we dont even know whom to contact for fee related issues.,Fees,Low,5,12,0,0,67
Its annoying how fee information is not consistent across departments.,Fees,Low,5,10,0,0,70
Even after asking clearly we still dont get proper fee explanation.,Fees,Low,5,11,0,0,67
Honestly it feels like no one is responsible for fee clarity.,Fees,Low,5,11,0,0,61
Its frustrating how fee confusion keeps happening again and again.,Fees,Low,5,10,0,0,66
Sometimes even staff seems unsure about fee details which is weird.,Fees,Low,5,11,0,0,67
I feel like fee system is not student friendly at all.,Fees,Low,5,11,0,0,54
Its annoying how we dont get proper proof for some payments.,Fees,Low,5,11,0,0,60
Even small fee related mistakes cause unnecessary stress.,Fees,Low,5,8,0,0,57
Honestly fee communication should be way better than this.,Fees,Low,5,9,0,0,58
I dont get why fee notices are not clear and easy to understand.,Fees,Low,5,13,0,0,64
Its frustrating how fee related info is always incomplete.,Fees,Low,5,9,0,0,58
Sometimes we are left guessing about fee status which is annoying.,Fees,Low,5,11,0,0,66
Its annoying how long it takes just to get simple fee clarification.,Fees,Low,5,12,0,0,68
Even basic transparency in fee system is missing which is frustrating.,Fees,Low,5,11,0,0,70
Honestly managing fees here feels more complicated than it should be.,Fees,Low,5,11,0,0,69
"The college is asking students to pay money after they get selected by a company, which feels completely unfair.",Placement & Career Services,High,10,19,2,0,112
The management is holding offer letters and using them to force students to pay money.,Placement & Career Services,High,10,15,2,0,86
It seems like the college is actually paying companies just to hire students.,Placement & Career Services,High,10,13,2,0,77
Students are being asked to pay 10 percent of their annual salary even before joining the company.,Placement & Career Services,High,10,17,2,0,98
Many of the companies coming for placement don’t even have a proper LinkedIn page or GST number.,Placement & Career Services,High,10,17,2,0,96
The companies involved in placements look very suspicious and feel like scams.,Placement & Career Services,High,10,12,2,0,78
There is a concern that companies may not honor the job offers after taking money.,Placement & Career Services,High,10,15,2,0,82
Students are worried they might be fired after a low-paid trainee period.,Placement & Career Services,High,10,12,2,0,73
The college collects extra placement training fees every year without proper explanation.,Placement & Career Services,High,10,12,2,0,89
Only a very limited number of companies are coming for campus placements.,Placement & Career Services,Medium,10,12,1,0,73
Students who cheat during online assessments are still getting shortlisted.,Placement & Career Services,High,10,10,2,0,75
"Even after working hard, genuine students feel like they may not get placed.",Placement & Career Services,Medium,10,13,1,0,76
Some students are making deals with coordinators to bypass placement rules.,Placement & Career Services,High,10,11,2,0,75
There are increasing unfair practices happening during online assessments.,Placement & Career Services,Medium,10,9,1,0,74
Placement exams are getting worse and less reliable over time.,Placement & Career Services,Medium,10,10,1,0,62
The shortlisting process during placements seems biased and unfair.,Placement & Career Services,Medium,10,9,1,0,67
Most companies coming for placements are not related to our field of study.,Placement & Career Services,Medium,10,13,1,0,75
Placement drives often include irrelevant roles like sales and marketing.,Placement & Career Services,Medium,10,10,1,0,73
Some companies are offering extremely low salary packages during placements.,Placement & Career Services,Medium,10,10,1,0,76
Students are not receiving offer letters even after getting selected.,Placement & Career Services,High,10,10,2,0,69
The placement department is not allowing students to attend other interviews after one selection.,Placement & Career Services,High,10,14,2,0,97
The college seems more focused on placement numbers than actual job quality.,Placement & Career Services,Medium,10,12,1,0,76
The placement cell is threatening students about their educational verification.,Placement & Career Services,High,10,10,2,0,80
The college refuses to help with verification if students plan to go for higher studies.,Placement & Career Services,High,10,15,2,0,88
Students are being blacklisted from placement opportunities for small reasons.,Placement & Career Services,High,10,10,2,0,78
Colleges are using strict debarment rules to control student decisions.,Placement & Career Services,High,10,10,2,0,71
The placement process prioritizes companies more than student welfare.,Placement & Career Services,High,10,9,2,0,70
Some HRs are conducting interviews without even checking the student’s resume.,Placement & Career Services,Medium,10,11,1,0,78
The interview process lacks proper transparency and fairness.,Placement & Career Services,Medium,10,8,1,0,61
Students are being interviewed for roles that are completely different from what they applied for.,Placement & Career Services,High,10,15,2,0,98
Placement opportunities have not improved even after many years.,Placement & Career Services,Medium,10,9,1,0,64
Students are forced to accept offers within very short deadlines.,Placement & Career Services,High,10,10,2,0,65
Students are pushed into company-specific training so they cannot back out later.,Placement & Career Services,High,10,12,2,0,81
The placement system pressures students into joining companies they are not interested in.,Placement & Career Services,High,10,13,2,0,90
"Low salary jobs are causing students to quit, which leads to companies blacklisting the college.",Placement & Career Services,Medium,10,15,1,0,96
The placement cell does not care whether students actually join or not.,Placement & Career Services,Medium,10,12,1,0,71
The college is clearly exploiting students financially during placements.,Placement & Career Services,High,10,9,2,0,73
Colleges are trying to extract as much money as possible from students through placements.,Placement & Career Services,High,10,14,2,0,90
Cheating during placements is increasing unfair competition among students.,Placement & Career Services,High,10,9,2,0,75
Less skilled students are getting selected over more deserving candidates.,Placement & Career Services,Medium,10,10,1,0,74
Students feel that their skills and efforts are not valued in the placement process.,Placement & Career Services,Medium,10,14,1,0,84
"Honestly this is really stressful because even after paying a huge amount already, they are still not allowing me to attend exams until full fees is cleared. It feels unfair when they don’t even consider genuine financial issues.",Fees,High,5,38,2,0,229
It’s honestly scary how they are threatening legal action just for not paying full course fees even after leaving the college. This is causing a lot of mental pressure on my family.,Fees,High,5,32,2,0,181
I paid most of the fees but still they are blocking my access to important things like exams and documents. It feels like they are forcing us instead of supporting students in tough situations.,Fees,High,5,34,2,0,193
This whole situation is getting out of hand because they are demanding full fees even when I discontinued the course long back. It honestly feels like harassment at this point.,Fees,High,5,30,2,0,176
"Even after multiple requests and explaining financial problems, they are not ready to give any relaxation or payment plan. It’s really stressful to deal with this constantly.",Fees,High,5,27,2,0,174
"They are holding back my original certificates just because of pending fees, and it’s affecting my future opportunities. Honestly this is not fair at all.",Fees,High,5,25,2,0,154
It feels really wrong that they promised one fee structure at admission but later started demanding extra payments. This kind of sudden change is seriously affecting students.,Fees,High,5,27,2,0,175
It’s really frustrating how they keep redirecting us to different departments whenever we ask about fee issues. No one gives a proper solution and we just keep running around.,Fees,Medium,5,29,1,0,175
I have already made partial payments but still they are not clearly telling how much exactly is left. This confusion makes everything more stressful than it should be.,Fees,Medium,5,28,1,0,167
Honestly the fee process is so unclear that we have to keep asking again and again just to understand basic details. It wastes a lot of time and energy.,Fees,Medium,5,29,1,0,152
It’s annoying how they don’t give proper written confirmation about fee payments or dues. We are always unsure about our own status.,Fees,Medium,5,22,1,0,132
"Even after paying fees, the updates are not reflected properly in the system which creates unnecessary tension. We have to follow up multiple times.",Fees,Medium,5,24,1,0,148
"They keep saying different things every time we ask about fees, which makes it really confusing to trust any information. There is no consistency at all.",Fees,Medium,5,26,1,0,153
Honestly it feels like the fee system is not organized at all and students are left to figure things out on their own. It shouldn’t be this complicated.,Fees,Medium,5,28,1,0,152
"It’s kind of annoying how fee details are never explained clearly in the beginning, we always find out things later.",Fees,Low,5,20,0,0,116
I feel like we have to ask multiple people just to understand one small fee-related doubt. It shouldn’t be this confusing honestly.,Fees,Low,5,22,0,0,131
"Sometimes even basic fee information is not shared properly, which makes everything unnecessarily complicated.",Fees,Low,5,14,0,0,110
It’s frustrating how we don’t get proper breakdown of what we are actually paying for.,Fees,Low,5,15,0,0,86
Honestly the fee portal itself is confusing and not easy to understand.,Fees,Low,5,12,0,0,71
Even small fee updates are not communicated properly which leads to confusion later.,Fees,Low,5,13,0,0,84
I don’t understand why they can’t just give one clear document explaining all fees properly.,Fees,Low,5,15,0,0,92
It’s honestly frustrating how they keep delaying responses about fee dues and we never get a clear answer even after repeated follow-ups.,Fees,Medium,5,22,1,0,137
"Even after asking multiple times, no one clearly explains how the remaining fee amount is calculated which just adds to confusion.",Fees,Medium,5,21,1,0,130
I already paid a big chunk of fees but they still don’t give proper updates on what is pending and what is cleared.,Fees,Medium,5,23,1,0,115
It’s annoying how every department gives a different answer when we ask about fee status.,Fees,Medium,5,15,1,0,89
"Honestly, I feel like we spend more time running behind offices for fee clarification than actually focusing on studies.",Fees,Medium,5,19,1,0,120
"Even after submitting payment proof, they keep asking again which is really frustrating.",Fees,Medium,5,13,1,0,88
"There’s no proper tracking system for fees, so we always have to depend on staff responses which are inconsistent.",Fees,Medium,5,19,1,0,114
It’s tiring how we have to keep visiting the office just to confirm small fee details.,Fees,Medium,5,16,1,0,86
Sometimes they update fee status very late which creates unnecessary panic.,Fees,Medium,5,11,1,0,75
"Honestly, even after clearing dues, they don’t update it on time and it causes stress.",Fees,Medium,5,15,1,0,86
It feels like no one is actually responsible for handling fee-related queries properly.,Fees,Medium,5,13,1,0,87
Even basic fee-related information is not communicated properly which wastes our time.,Fees,Medium,5,12,1,0,86
It’s frustrating how they don’t give proper receipts immediately after payment.,Fees,Medium,5,11,1,0,79
Sometimes they ask for the same payment proof multiple times which is really annoying.,Fees,Medium,5,14,1,0,86
"Honestly, the fee process is so disorganized that we can’t trust the system properly.",Fees,Medium,5,14,1,0,85
"Even after clearing partial fees, they don’t explain the next steps clearly.",Fees,Medium,5,12,1,0,76
It’s confusing how they suddenly bring up pending dues from previous semesters without prior notice.,Fees,Medium,5,15,1,0,100
There’s no proper support system to handle fee complaints which makes everything harder.,Fees,Medium,5,13,1,0,88
"Honestly, it feels like we are left alone to figure out fee issues ourselves.",Fees,Medium,5,14,1,0,77
"Even after multiple emails, we rarely get proper replies regarding fees.",Fees,Medium,5,11,1,0,72
They keep asking to check with another department instead of solving the issue directly.,Fees,Medium,5,14,1,0,88
It’s frustrating how there’s no proper timeline for resolving fee-related issues.,Fees,Medium,5,11,1,0,81
Sometimes fee-related updates come very late which affects planning.,Fees,Medium,5,9,1,0,68
"Even after raising complaints, there’s no proper follow-up from their side.",Fees,Medium,5,11,1,0,75
"Honestly, it feels like they don’t take fee issues seriously unless we keep pushing.",Fees,Medium,5,14,1,0,84
It’s annoying how fee queries are treated like low priority even when they affect important things.,Fees,Medium,5,16,1,0,99
"Even after making payments, we still have to prove it again and again.",Fees,Medium,5,13,1,0,70
There’s no proper coordination between departments regarding fee updates.,Fees,Medium,5,9,1,0,73
It feels like we are always stuck between offices just to resolve one fee issue.,Fees,Medium,5,15,1,0,80
"Honestly, fee handling should be much smoother than this but it’s unnecessarily complicated.",Fees,Medium,5,13,1,0,92
Even simple fee corrections take too long to get resolved.,Fees,Medium,5,10,1,0,58
It’s frustrating how we don’t get clear communication about deadlines related to fees.,Fees,Medium,5,13,1,0,86
Sometimes they give last-minute updates about fees which creates stress.,Fees,Medium,5,10,1,0,72
"Even after paying on time, we still face issues because of their system delays.",Fees,Medium,5,14,1,0,79
"Honestly, the whole fee process feels poorly managed overall.",Fees,Medium,5,9,1,0,61
It’s kind of annoying how they don’t inform us properly about minor fee updates.,Fees,Low,5,14,0,0,80
"Sometimes we hear about fee changes only from other students, not officially.",Fees,Low,5,12,0,0,77
"Honestly, they should just send proper notifications instead of making us guess.",Fees,Low,5,12,0,0,80
Even small fee details are not shared clearly which leads to confusion later.,Fees,Low,5,13,0,0,77
It’s annoying how we have to double check everything related to fees ourselves.,Fees,Low,5,13,0,0,79
Sometimes the fee portal is slow and confusing to use.,Fees,Low,5,10,0,0,54
"Honestly, it would be easier if they just simplified the fee process.",Fees,Low,5,12,0,0,69
Even basic fee instructions are not written clearly anywhere.,Fees,Low,5,9,0,0,61
It’s frustrating how we don’t get a proper fee summary at once.,Fees,Low,5,12,0,0,63
Sometimes we have to rely on friends to understand fee details which shouldn’t be the case.,Fees,Low,5,16,0,0,91
"Honestly, fee communication should be much more straightforward.",Fees,Low,5,8,0,0,64
Even small fee errors take time to get clarified.,Fees,Low,5,9,0,0,49
It’s annoying how they don’t update notices properly regarding fees.,Fees,Low,5,10,0,0,68
Sometimes fee-related notices are unclear and confusing.,Fees,Low,5,7,0,0,56
"Honestly, they should make fee-related info more student-friendly.",Fees,Low,5,8,0,0,66
"Placement updates are not communicated clearly, and we are often left confused about what’s happening.",Placement & Career Services,Low,10,15,0,0,102
"We are not informed about placement schedules in advance, which makes it hard to plan or prepare properly.",Placement & Career Services,Low,10,18,0,0,106
"There is always confusion regarding eligibility criteria for companies, and no one clarifies it properly.",Placement & Career Services,Low,10,15,0,0,105
"Placement notifications are usually shared at the last minute, leaving us very little time to react.",Placement & Career Services,Low,10,16,0,0,100
"We are not given enough time to prepare before interviews, which affects our performance.",Placement & Career Services,Low,10,14,0,0,89
Placement coordinators are not approachable when we have doubts or need help.,Placement & Career Services,Low,10,12,0,0,77
There is no proper guidance provided for building a good resume.,Placement & Career Services,Low,10,11,0,0,64
"We never receive feedback after interviews, so we don’t know where we went wrong.",Placement & Career Services,Low,10,14,0,0,81
Placement training sessions feel very basic and not really helpful.,Placement & Career Services,Low,10,10,0,0,67
"Mock interviews are rarely conducted, and we don’t get enough practice.",Placement & Career Services,Low,10,11,0,0,71
Communication between students and the placement cell is very poor.,Placement & Career Services,Low,10,10,0,0,67
The placement cell takes too long to respond to student queries.,Placement & Career Services,Low,10,11,0,0,64
We are not properly guided about different career options or paths.,Placement & Career Services,Low,10,11,0,0,67
There is no clear information about job roles and responsibilities of companies.,Placement & Career Services,Low,10,12,0,0,80
We are not aware of what companies expect from us before attending interviews.,Placement & Career Services,Low,10,13,0,0,78
The placement portal is rarely updated and often outdated.,Placement & Career Services,Low,10,9,0,0,58
"Technical issues keep happening during online placement tests, which is frustrating.",Placement & Career Services,Low,10,11,0,0,84
The placement cell often shares incomplete or unclear information about companies.,Placement & Career Services,Low,10,11,0,0,82
"Interview results are not communicated on time, and we are left waiting.",Placement & Career Services,Low,10,12,0,0,72
Placement drives are sometimes poorly organized and confusing.,Placement & Career Services,Low,10,8,0,0,62
"There is a lack of coordination during placement drives, which creates chaos.",Placement & Career Services,Low,10,12,0,0,77
We are not properly guided on how to prepare for aptitude tests.,Placement & Career Services,Low,10,12,0,0,64
Placement preparation resources provided are very limited.,Placement & Career Services,Low,10,7,0,0,58
"We are not trained well for group discussions, which are part of the selection process.",Placement & Career Services,Low,10,15,0,0,87
Placement workshops are too generic and don’t give practical insights.,Placement & Career Services,Low,10,10,0,0,70
We don’t get enough opportunities to practice mock tests before actual exams.,Placement & Career Services,Low,10,12,0,0,77
"Placement-related information is scattered across multiple platforms, making it hard to track.",Placement & Career Services,Low,10,12,0,0,94
Placement rules and policies are confusing and not clearly explained.,Placement & Career Services,Low,10,10,0,0,69
There is no personalized guidance from the placement cell for individual students.,Placement & Career Services,Low,10,12,0,0,82
Students are not encouraged or supported to apply for off-campus opportunities.,Placement & Career Services,Low,10,11,0,0,79
There is no proper mentorship provided during placement preparation.,Placement & Career Services,Low,10,9,0,0,68
The placement cell focuses more on procedures than actually helping students.,Placement & Career Services,Low,10,11,0,0,77
There is no clear explanation of salary breakdowns offered by companies.,Placement & Career Services,Low,10,11,0,0,72
Placement announcements often miss important details that we need.,Placement & Career Services,Low,10,9,0,0,66
The company selection process is not explained clearly to students.,Placement & Career Services,Low,10,10,0,0,67
Placement sessions are repetitive and not engaging.,Placement & Career Services,Low,10,7,0,0,51
We are not guided properly on improving soft skills for interviews.,Placement & Career Services,Low,10,11,0,0,67
Support for different domains and career paths is very limited.,Placement & Career Services,Low,10,10,0,0,63
We don’t get enough exposure to real industry expectations.,Placement & Career Services,Low,10,9,0,0,59
The placement cell does not track or monitor student progress effectively.,Placement & Career Services,Low,10,11,0,0,74
Internship opportunities are not communicated properly to students.,Placement & Career Services,Low,10,8,0,0,67
Placement communication channels are poorly managed.,Placement & Career Services,Low,10,6,0,0,52
Many students miss opportunities because updates are not shared on time.,Placement & Career Services,Low,10,11,0,0,72
The placement cell does not organize enough skill-building sessions.,Placement & Career Services,Low,10,9,0,0,68
We are not guided on how to confidently handle interviews.,Placement & Career Services,Low,10,10,0,0,58
The placement team does not provide clear timelines for the process.,Placement & Career Services,Low,10,11,0,0,68
We are not clearly informed about eligibility cutoffs for companies.,Placement & Career Services,Low,10,10,0,0,68
Placement instructions are often unclear and confusing.,Placement & Career Services,Low,10,7,0,0,55
We are not properly supported in preparing for technical interviews.,Placement & Career Services,Low,10,10,0,0,68
Important placement emails are often missed due to poor communication systems.,Placement & Career Services,Low,10,11,0,0,78
"Honestly, it’s quite frustrating how they keep delaying proper responses regarding fee dues, and even after multiple follow-ups, we still don’t get a clear or final answer from anyone.",Fees,Medium,5,29,1,0,184
"Even after asking several times, no one clearly explains how the remaining fee amount is calculated, which makes the whole process very confusing for students like us.",Fees,Medium,5,27,1,0,167
"I have already paid a significant portion of my fees, but they still don’t provide a proper breakdown of what is pending and what has been cleared.",Fees,Medium,5,27,1,0,147
It’s really annoying how every department gives a completely different answer when we ask about the same fee-related issue.,Fees,Medium,5,19,1,0,123
"Honestly, it feels like we spend more time running behind the office staff for fee clarification instead of focusing on our actual academics.",Fees,Medium,5,23,1,0,141
"Even after submitting payment proof multiple times, they keep asking for it again, which becomes very frustrating after a point.",Fees,Medium,5,20,1,0,128
"There is no proper system to track fee payments, so we are forced to depend on staff responses which are often inconsistent.",Fees,Medium,5,22,1,0,124
It’s tiring to visit the office again and again just to confirm small fee-related details that should be available online.,Fees,Medium,5,20,1,0,122
It’s kind of annoying how they don’t inform students properly about small fee updates or changes in time.,Fees,Low,5,18,0,0,105
Sometimes we only hear about fee changes from other students instead of official communication from the college.,Fees,Low,5,17,0,0,112
"Honestly, they should send proper notifications instead of making us figure things out on our own.",Fees,Low,5,16,0,0,98
"Even small fee-related details are not explained clearly, which creates confusion later on.",Fees,Low,5,13,0,0,91
It’s annoying how we always have to double-check everything related to fees by ourselves.,Fees,Low,5,14,0,0,89
"Sometimes the fee portal is slow and not very user-friendly, which makes it harder to use.",Fees,Low,5,16,0,0,90
"Honestly, the fee process would be much easier if it was simplified a bit more.",Fees,Low,5,15,0,0,79
"Basic fee instructions are not clearly written anywhere, which makes it confusing for new students.",Fees,Low,5,15,0,0,99
It’s frustrating that we don’t get a proper summary of all fees in one place.,Fees,Low,5,15,0,0,77
"Sometimes we depend on friends to understand fee details, which shouldn’t really be necessary.",Fees,Low,5,14,0,0,94
"Honestly, fee-related communication should be more clear and straightforward for everyone.",Fees,Low,5,11,0,0,90
"Even small fee corrections take time to get clarified, which feels unnecessary.",Fees,Low,5,12,0,0,79
It’s annoying how notices about fees are not updated properly or on time.,Fees,Low,5,13,0,0,73
Sometimes fee-related notices are unclear and difficult to understand.,Fees,Low,5,9,0,0,70
"Honestly, they should make fee information more simple and easy to understand for students.",Fees,Low,5,14,0,0,91
the Placement Cell Co ordinator instructed me that i would be blacklisted from interviewing in that company forever and also from future Placement drives on Campus,Placement & Career Services,High,10,26,2,0,163
i got blacklisted from the placements bcos i didnt attend interview of a shitty company,Placement & Career Services,High,10,15,2,0,87
we were forced to register for it and not for asked for consent,Placement & Career Services,High,10,13,2,0,63
placement cell is demanding 2.1% of my CTC,Placement & Career Services,High,10,8,2,0,42
they're withholding all my certificates and it's hindering my further procedures with my company,Placement & Career Services,High,10,14,2,0,96
they won't produce any document or circular where it mentions this clause of making this payment,Placement & Career Services,High,10,16,2,0,96
they're only telling me verbally and are forcing me to pay,Placement & Career Services,High,10,11,2,0,58
my college requires me to pay 2.1% of my CTC and they've termed it as Placement Cell Fee,Placement & Career Services,High,10,18,2,0,88
the company doesn't pay employees properly,Placement & Career Services,High,10,6,2,0,42
Phones weren't allowed even for registeration,Placement & Career Services,Medium,10,6,1,0,45
Almost all websites are blocked with the exception of thier own website and SAP Related websites,Placement & Career Services,Medium,10,16,1,0,96
"Lots of overtime work, and no proper timing specification of companies",Placement & Career Services,High,10,11,2,0,70
"No current Projects, fake companies are coming.. Shhh",Placement & Career Services,Medium,10,8,1,0,53
the one who has done nothing they are getting placed but deserving candidate is not placed leading to depression,Placement & Career Services,High,10,19,2,0,112
"A girl who couldn't solve basic speed time problems in aptitude classes ... is placed with Porter at 14 LPA, giving a single interview, no assesment, nobody knows how people got shortlisted",Placement & Career Services,High,10,32,2,0,189
Mystery don't know what is going in backend of shortlisting,Placement & Career Services,Medium,10,10,1,0,59
we had an OA today ... a lot of us solved the problems in the time frame and correctly however the people who got shortlisted told that they didn't solve some qs,Placement & Career Services,High,10,32,2,0,161
I don't know what the criteria was and was not informed properly,Placement & Career Services,Medium,10,12,1,0,64
they are charging 12k per student for personality development program,Placement & Career Services,High,10,10,2,0,69
"I had to pay a 10,000 rupee Placement Training Fee",Placement & Career Services,High,10,10,2,0,50
what the actual fuck is a Placement Cell Fee,Placement & Career Services,Medium,10,9,1,0,44
"same OP, they collected placement fee based on how many offers we got",Placement & Career Services,High,10,13,2,0,69
I accepted the first offer I got so I had to pay 3k fee,Placement & Career Services,Medium,10,14,1,0,55
Some of my friends who got more than 2 offers had to pay 6k,Placement & Career Services,Medium,10,14,1,0,59
my friends who got higher packages had to pay 20k for them to release certificates,Placement & Career Services,High,10,15,2,0,82
my college charged me some 2k at that time Or no certificates,Placement & Career Services,High,10,12,2,0,61
My college had something like this - it was fixed 5000 for everyone,Placement & Career Services,Medium,10,13,1,0,67
"it was voluntary but you know, that word doesn’t carry much value",Placement & Career Services,Medium,10,12,1,0,65
I have seen colleges asking for 5k per placement ... But this is simply extortion,Placement & Career Services,High,10,15,2,0,81
I had to pay 15k after getting placed in a company which is after clearing 4 rounds,Placement & Career Services,High,10,17,2,0,83
we had to pay 500/- and 1000/- for one and two offers respectively,Placement & Career Services,Medium,10,13,1,0,66
"I graduated from an autonomous college last year and yeah, I paid 2% of my CTC",Placement & Career Services,High,10,16,2,0,78
"every single person who got placed was made to pay, Such a loot",Placement & Career Services,High,10,13,2,0,63
"in our college we had to pay an extra 20k to sit for placements, apart from regular fees",Placement & Career Services,Medium,10,18,1,0,88
my college does the same.We need to pay 2% of the CTC,Placement & Career Services,High,10,12,2,0,53
my college had it at 1% capped at 9k I think,Placement & Career Services,High,10,11,2,0,44
I thought this was a common practice,Placement & Career Services,Medium,10,7,1,0,36
few IITs have Same rule but you pay after job joining,Placement & Career Services,Low,10,11,0,0,53
there was a placement fee too,Placement & Career Services,Low,10,6,0,0,29
The college demanded a percentage of students’ salary as a placement fee after they got placed.,Placement & Career Services,High,10,16,2,0,95
Students were threatened that certificates could be withheld if they did not pay the placement-related amount.,Placement & Career Services,High,10,16,2,0,110
Placement-related charges were not clearly disclosed in advance and were brought up later.,Placement & Career Services,Medium,10,13,1,0,90
Students feel pressured to pay unfair placement fees because they are afraid of administrative consequences.,Placement & Career Services,High,10,15,2,0,108
The placement cell marked students as “placed” even when their internship did not convert into a full-time job.,Placement & Career Services,High,10,18,2,0,111
Students who joined placement-linked internships were left jobless after graduation despite being shown as placed.,Placement & Career Services,High,10,15,2,0,114
The placement cell did not help students who were left without full-time offers after internships.,Placement & Career Services,High,10,15,2,0,98
Colleges create misleading placement statistics by counting uncertain internship cases as final placements.,Placement & Career Services,High,10,13,2,0,107
Some colleges falsely promised that placement-linked internships would guarantee a job after graduation.,Placement & Career Services,High,10,13,2,0,104
Students were forcefully shown as placed even after they denied or did not accept the offer.,Placement & Career Services,High,10,16,2,0,92
Single-placement policies prevent students from exploring better opportunities once they get one offer.,Placement & Career Services,Medium,10,13,1,0,103
Some colleges threaten students with debarment from future on-campus placements if they reject one offer.,Placement & Career Services,High,10,15,2,0,105
Students feel trapped into accepting poor offers because the college blocks further placement access.,Placement & Career Services,High,10,14,2,0,101
Colleges pressure students to relocate for internships or jobs even when the stipend is too low to survive on.,Placement & Career Services,Medium,10,19,1,0,110
Placement departments ignore students’ financial difficulties and push them to accept unsuitable offers.,Placement & Career Services,Medium,10,13,1,0,104
"Some job offers hide important details like relocation or internship duration, leaving students misled.",Placement & Career Services,High,10,14,2,0,103
The placement department blamed students instead of supporting them when offer terms were unclear.,Placement & Career Services,Medium,10,14,1,0,98
Students do not trust the placement cell because it seems more concerned about statistics than student welfare.,Placement & Career Services,High,10,17,2,0,111
Colleges create unnecessary rules around off-campus internships instead of supporting students’ career growth.,Placement & Career Services,Medium,10,13,1,0,110
"Some colleges conduct surprise exams and attendance pressure in final year, making internships and job preparation harder.",Placement & Career Services,Medium,10,17,1,0,122
"Parents are threatened by colleges during placement or internship-related issues, which adds pressure on students.",Placement & Career Services,High,10,15,2,0,114
"Placement opportunities are often limited mainly to CS/IT students, leaving others with fewer career options.",Placement & Career Services,Medium,10,15,1,0,109
Some colleges do not provide enough internship opportunities but still create barriers for students trying off-campus routes.,Placement & Career Services,Medium,10,17,1,0,125
Students feel their progress is slowed down by college rules while the institution does little to help them get jobs.,Placement & Career Services,Medium,10,20,1,0,117
"Placement processes are unfair when online assessments can be easily cheated, giving dishonest candidates an advantage.",Placement & Career Services,High,10,16,2,0,119
Deserving students are being left unplaced while others get offers through cheating in online assessments.,Placement & Career Services,High,10,15,2,0,106
Colleges and placement cells fail to control cheating during online placement tests.,Placement & Career Services,High,10,12,2,0,84
Some students with very weak technical skills still get high-paying jobs through cheating or unfair advantages.,Placement & Career Services,High,10,16,2,0,111
Placement interviews and shortlisting often feel random and inconsistent rather than based on actual skills.,Placement & Career Services,Medium,10,15,1,0,108
Resume-based and CGPA-based shortlisting ignores whether a student’s actual skills match the role.,Placement & Career Services,Medium,10,13,1,0,98
Students feel that real merit and skills have little value in college placements.,Placement & Career Services,High,10,13,2,0,81
Favoritism by the training and placement office affects who gets shortlisted or selected.,Placement & Career Services,High,10,13,2,0,89
"Some students were shortlisted for companies before registration was even opened to everyone, which feels unfair.",Placement & Career Services,High,10,16,2,0,113
Placement systems encourage rote preparation and market-focused training rather than meaningful learning or exploration.,Placement & Career Services,Low,10,14,0,0,120
Colleges are becoming glorified placement centers instead of places that genuinely support learning and career development.,Placement & Career Services,Medium,10,16,1,0,123
Students feel burnt out because college culture is centered only around placements and packages.,Placement & Career Services,Medium,10,14,1,0,96
There is little encouragement to explore different technologies because everything is focused on getting placed quickly.,Placement & Career Services,Low,10,16,0,0,120
"Students believe the current placement process rewards luck, cheating, and shortcuts more than hard work.",Placement & Career Services,High,10,15,2,0,105
"Off-campus placements are also affected by the same unfairness, so students do not feel they have a clean alternative.",Placement & Career Services,Medium,10,19,1,0,118
"Some colleges treat getting an internship as the same as getting a final job, which misleads students and families.",Placement & Career Services,High,10,19,2,0,115
Placement cells do not provide reliable guidance when students are unsure whether to accept bad offers or pursue better options.,Placement & Career Services,Medium,10,20,1,0,128
Students fear losing all campus opportunities if they make one wrong decision about an offer.,Placement & Career Services,High,10,15,2,0,93
Some colleges use rules and bonds in ways that make students feel they have very little control over their career choices.,Placement & Career Services,High,10,21,2,0,122
"Once we enter the placement process, it feels like we don’t have any flexibility left to make our own decisions.",Placement & Career Services,Medium,10,20,1,0,112
"We’re basically expected to accept whatever placement terms they give, even if they don’t feel fair or practical.",Placement & Career Services,Medium,10,18,1,0,113
The system doesn’t really consider our personal or financial situations when assigning opportunities.,Placement & Career Services,Medium,10,13,1,0,101
"When it comes to deciding whether an offer actually works for us, the career support is not helpful at all.",Placement & Career Services,Medium,10,20,1,0,107
"Nobody clearly explains how internships actually convert into full-time jobs, which makes things confusing.",Placement & Career Services,Medium,10,14,1,0,107
"Placement-linked opportunities are shown in a very positive way, but the real outcomes are not explained properly.",Placement & Career Services,Medium,10,17,1,0,114
We’re mostly left on our own to figure out the risks involved in internships and whether they will lead to jobs.,Placement & Career Services,Medium,10,21,1,0,112
There’s no honest guidance on whether an internship will actually result in stable employment.,Placement & Career Services,Medium,10,14,1,0,94
The placement office doesn’t really prepare us for the uncertainty that comes after internships.,Placement & Career Services,Medium,10,14,1,0,96
Career services feel more like paperwork and rules rather than actual support when we have tough decisions.,Placement & Career Services,Medium,10,17,1,0,107
We don’t feel like we have enough freedom to make informed career choices because of all the placement pressure.,Placement & Career Services,Medium,10,19,1,0,112
It feels like the placement process is more about following rules than helping us choose what’s best for our future.,Placement & Career Services,Medium,10,20,1,0,116
The system is so rigid that declining an offer feels risky because it might affect future chances.,Placement & Career Services,Medium,10,17,1,0,98
Placement rules sometimes push us into decisions before we fully understand what we’re agreeing to.,Placement & Career Services,Medium,10,15,1,0,99
Important things like living costs and relocation challenges are not clearly discussed before asking us to accept offers.,Placement & Career Services,Medium,10,18,1,0,121
The placement team doesn’t really help us understand if a job offer is financially sustainable for us.,Placement & Career Services,Medium,10,17,1,0,102
"When we’re asked to relocate for low-paying internships, there’s no proper support from the college.",Placement & Career Services,Medium,10,15,1,0,100
"We often have to verify important details like job duration or location ourselves, which shouldn’t be the case.",Placement & Career Services,Medium,10,18,1,0,111
Key job conditions are not communicated clearly during campus recruitment.,Placement & Career Services,Medium,10,10,1,0,74
We’re left alone to deal with unclear offer terms without proper support or guidance.,Placement & Career Services,Medium,10,14,1,0,85
"There are so many placement rules, but the actual career counseling behind them is very weak.",Placement & Career Services,Medium,10,16,1,0,93
We’re expected to trust the placement process even when it doesn’t feel transparent at all.,Placement & Career Services,Medium,10,15,1,0,91
It’s hard to approach the placement office when we’re dealing with serious career decisions.,Placement & Career Services,Medium,10,14,1,0,92
There’s more focus on maintaining the placement system than actually helping students individually.,Placement & Career Services,Medium,10,13,1,0,99
The system feels one-sided because colleges enforce rules but don’t provide enough support in return.,Placement & Career Services,Medium,10,15,1,0,101
Colleges focus more on getting us placed than on whether the job is actually good for us long-term.,Placement & Career Services,Medium,10,18,1,0,99
"If we want to try off-campus options, it feels like the college discourages us instead of supporting us.",Placement & Career Services,Medium,10,18,1,0,104
Off-campus opportunities are treated like a problem rather than a valid career choice.,Placement & Career Services,Medium,10,13,1,0,86
Final-year academic rules make it harder to gain real work experience.,Placement & Career Services,Medium,10,11,1,0,70
"Managing internships, placement prep, and academics together becomes unnecessarily stressful because of college rules.",Placement & Career Services,Medium,10,14,1,0,118
Internal college processes slow us down instead of helping us move forward in our careers.,Placement & Career Services,Medium,10,15,1,0,90
It honestly feels like colleges create more hurdles than support when we’re trying to start our careers.,Placement & Career Services,Medium,10,17,1,0,104
Placement opportunities don’t feel equally available to students from all branches.,Placement & Career Services,Medium,10,11,1,0,83
"Some departments clearly get more opportunities, while others feel ignored.",Placement & Career Services,Medium,10,10,1,0,75
Career services don’t seem to provide equal support to all student groups.,Placement & Career Services,Medium,10,12,1,0,74
Shortlisting based only on marks or resume keywords feels very shallow.,Placement & Career Services,Medium,10,11,1,0,71
It feels like companies don’t really assess our actual skills during recruitment.,Placement & Career Services,Medium,10,12,1,0,81
"The whole process feels impersonal, like we’re just numbers instead of individuals.",Placement & Career Services,Medium,10,12,1,0,83
Placement results sometimes feel more about the system than our actual ability.,Placement & Career Services,Medium,10,12,1,0,79
It’s discouraging when placements seem to depend on loopholes rather than fair evaluation.,Placement & Career Services,Medium,10,13,1,0,90
The entire placement environment feels stressful because we don’t know if the process is actually fair.,Placement & Career Services,Medium,10,16,1,0,103
Placement prep feels too focused on market demands rather than real learning.,Placement & Career Services,Medium,10,12,1,0,77
We’re forced to study only what helps in placements instead of what we’re actually interested in.,Placement & Career Services,Medium,10,16,1,0,97
The whole system feels like a race instead of a proper career-building journey.,Placement & Career Services,Medium,10,13,1,0,79
Career services seem more focused on quick placements rather than long-term growth.,Placement & Career Services,Medium,10,12,1,0,83
The pressure for packages overshadows real career exploration.,Placement & Career Services,Medium,10,8,1,0,62
"It feels like we’re being trained just to clear interviews, not to grow professionally.",Placement & Career Services,Medium,10,14,1,0,87
There’s very little encouragement to work on original projects or explore new areas.,Placement & Career Services,Medium,10,13,1,0,84
Colleges seem more concerned about placement numbers than actual student outcomes.,Placement & Career Services,Medium,10,11,1,0,82
It’s really discouraging when genuine effort doesn’t always lead to fair placement opportunities.,Placement & Career Services,Medium,10,13,1,0,97
"I paid money just to get an internship certificate, but the so-called internship was nothing more than doing a random self-project and posting it on LinkedIn.",Placement & Career Services,Medium,10,26,1,0,158
"My college expected internship experience, but there were hardly any real opportunities or proper guidance available.",Placement & Career Services,Medium,10,16,1,0,117
Fake internships have become so common that students feel pressured to do them just to keep up with everyone else.,Placement & Career Services,Medium,10,20,1,0,114
Colleges make internships compulsory even when enough genuine internship opportunities do not exist.,Placement & Career Services,High,10,13,2,0,100
"In some industries, students are made to work unpaid in the hope of getting an experience certificate or future placement connection.",Placement & Career Services,High,10,21,2,0,133
"I paid a huge amount for an online learning platform that promised career growth, but it did not provide good teaching or placement support.",Placement & Career Services,High,10,24,2,0,140
Students often buy projects or certificates just to satisfy college internship requirements rather than gain actual experience.,Placement & Career Services,Medium,10,17,1,0,127
Internship requirements in college feel like paperwork for a degree rather than something that adds real value to a career.,Placement & Career Services,Medium,10,20,1,0,123
"Some students are marked through internal evaluation in a way that pressures them to get any internship certificate, even if it is fake.",Placement & Career Services,Medium,10,23,1,0,136
Students are paying thousands just to get internship certificates because colleges indirectly force them into it.,Placement & Career Services,High,10,16,2,0,113
Colleges care more about collecting internship proof than whether the internship was genuine or useful.,Placement & Career Services,Medium,10,15,1,0,103
"Many internship providers first advertise the opportunity as free, then later ask for registration fees and course payments.",Placement & Career Services,High,10,18,2,0,124
Some companies misuse job portals to contact freshers and then try to sell them paid courses disguised as internships.,Placement & Career Services,High,10,19,2,0,118
"I was told an internship was free, but after attending the meeting they revealed a fee structure for courses, certificates, and other extras.",Placement & Career Services,High,10,23,2,0,141
These so-called internships create false urgency by asking students to pay immediately before a deadline.,Placement & Career Services,High,10,15,2,0,105
"Freshers are being pressured to pay for internships using registration fees, induction fees, and course charges.",Placement & Career Services,High,10,16,2,0,112
Some internship programmes are actually just classroom-style courses with no real hands-on company work.,Placement & Career Services,Medium,10,14,1,0,104
Companies are taking advantage of freshers by selling training programmes under the name of internships.,Placement & Career Services,High,10,15,2,0,104
Students often cannot tell the difference between a genuine internship and a paid training scam until it is too late.,Placement & Career Services,Medium,10,20,1,0,117
Some paid internship providers keep repeating the same scam model over time and continue targeting new students.,Placement & Career Services,High,10,17,2,0,112
I was offered a so-called internship that turned out to be just a course with fees and no actual job experience.,Placement & Career Services,High,10,21,2,0,112
Some companies promise stipend-based internships but later avoid paying anything by making vague excuses.,Placement & Career Services,High,10,14,2,0,105
"Students are being made to believe they will gain experience, but in reality they only receive a certificate and no meaningful work exposure.",Placement & Career Services,Medium,10,23,1,0,141
It is frustrating that internship scams are being presented in a way that looks legitimate enough to fool fresh graduates.,Placement & Career Services,Medium,10,20,1,0,122
"Some internship offers feel genuine on the surface because of reviews and formal communication, but they still turn out to be misleading.",Placement & Career Services,Medium,10,22,1,0,137
"Many internship listings ask students to complete large, complicated assignments before even interviewing them.",Placement & Career Services,High,10,14,2,0,111
"Companies are expecting students to build full-stack apps, dashboards, CMS platforms, and other major projects within just a few days.",Placement & Career Services,High,10,20,2,0,134
Students are being asked to deliver enterprise-level code quality and polished products for free just to be considered for internships.,Placement & Career Services,High,10,20,2,0,135
"After making students do major unpaid assignments, many companies simply reject them or stop responding.",Placement & Career Services,High,10,15,2,0,104
Some companies appear to be using internship assignments to get free work done from students.,Placement & Career Services,High,10,15,2,0,93
"It feels like these assignment-based internships are just scams to collect code templates, project ideas, or working products without paying for them.",Placement & Career Services,High,10,22,2,0,150
The amount of unpaid work expected from students during internship screening is completely unreasonable.,Placement & Career Services,High,10,14,2,0,104
Students are being exploited by companies that demand production-like projects without any guarantee of selection.,Placement & Career Services,High,10,15,2,0,114
"After spending days and nights finishing internship assignments, getting no reply at all is extremely disrespectful and demoralizing.",Placement & Career Services,Medium,10,18,1,0,133
Some internship tasks are completely unrelated to the skills mentioned in the role and seem designed only to test how much free labor a student will give.,Placement & Career Services,High,10,27,2,0,154
Companies sometimes ask students to learn unfamiliar technologies in just a few days and still expect impressive results.,Placement & Career Services,Medium,10,18,1,0,121
A lot of internship platforms are filled with companies that ghost students after taking their work.,Placement & Career Services,High,10,16,2,0,100
The internship system feels broken when genuine students are treated like a free resource instead of learners.,Placement & Career Services,High,10,17,2,0,110
Internship applications are harming students’ mental and physical health because of unrealistic deadlines and unpaid workload.,Placement & Career Services,High,10,16,2,0,126
Some platforms do not give students enough control to block or avoid repeated scam companies.,Placement & Career Services,Low,10,15,0,0,93
Students have to do their own deep background checks because internship platforms do not filter out suspicious companies properly.,Placement & Career Services,Medium,10,19,1,0,130
Internship hiring has become so unreliable that many students now ignore any company that asks for a take-home assignment.,Placement & Career Services,Medium,10,19,1,0,122
Some founders and startup profiles turn out to be fake after students have already invested time working for them.,Placement & Career Services,High,10,19,2,0,114
"Startups are setting impossible deadlines for large products and then disappearing, which feels like clear exploitation.",Placement & Career Services,High,10,16,2,0,120
"Some companies divide different parts of a product across multiple candidates through assignments, essentially outsourcing work for free.",Placement & Career Services,High,10,18,2,0,137
Students feel there is no protection against service-based companies using internship applicants as unpaid developers.,Placement & Career Services,High,10,15,2,0,118
"Even when students are skilled and serious about learning, the internship market makes them feel helpless and mistrustful.",Placement & Career Services,Medium,10,18,1,0,122
Many students now feel that internships are less about career growth and more about being used or tricked.,Placement & Career Services,High,10,18,2,0,106
"Real internships exist, but scam and exploitative internship offers are so common that students stop trusting the whole process.",Placement & Career Services,Medium,10,19,1,0,128
The internship culture has become so bad that students feel freelancing is safer than applying for internships.,Placement & Career Services,Medium,10,17,1,0,111
"Honestly, it’s really stressful that even after paying part of the fees, they are still threatening serious consequences without considering our situation.",Fees,High,5,22,2,0,155
It feels unfair that the college keeps pressuring us to clear the full fees immediately even when we are going through genuine financial problems.,Fees,High,5,24,2,0,146
"They are not even allowing basic academic access until full fees are paid, which is seriously affecting our future.",Fees,High,5,19,2,0,115
"Honestly, being denied important academic activities just because of pending fees feels really harsh and unreasonable.",Fees,High,5,16,2,0,118
"Even after explaining our situation multiple times, they still show no flexibility or support regarding fee payments.",Fees,High,5,17,2,0,117
It’s really upsetting that financial struggles are not being considered at all and everything is treated very strictly.,Fees,High,5,18,2,0,119
"They keep sending warnings about fees without offering any proper solution or support, which just increases stress.",Fees,High,5,17,2,0,115
"Honestly, linking academic progress directly with fee payment without any exception is really affecting students badly.",Fees,High,5,16,2,0,119
It feels like they care more about collecting money than actually supporting students during difficult times.,Fees,High,5,16,2,0,109
"Even after partial payment, they still act like nothing has been done, which feels really discouraging.",Fees,High,5,16,2,0,103
"The pressure to pay full fees immediately is honestly too much, especially when there are genuine financial issues involved.",Fees,High,5,19,2,0,124
"They don’t even consider requests for extensions, which makes the whole situation very stressful.",Fees,High,5,14,2,0,97
It’s frustrating that they don’t provide any installment options and expect full payment at once.,Fees,High,5,15,2,0,97
"Honestly, the way they handle fee issues feels very insensitive towards students’ real-life problems.",Fees,High,5,14,2,0,101
"Even after reaching out multiple times, there is no proper response or help regarding fee concerns.",Fees,High,5,16,2,0,99
"They keep giving deadlines without any proper communication or explanation, which creates panic.",Fees,High,5,13,2,0,96
It feels really unfair that financial issues directly impact our academic access without any support system.,Fees,High,5,16,2,0,108
"Honestly, the constant pressure and lack of understanding around fees is becoming mentally exhausting.",Fees,High,5,14,2,0,102
It’s quite frustrating that we have to keep following up multiple times just to get basic clarity about fee payments.,Fees,Medium,5,20,1,0,117
"Even after asking clearly, no one gives a proper explanation of how the fee amount is calculated.",Fees,Medium,5,17,1,0,97
It feels like the whole fee process is unnecessarily complicated and difficult to understand.,Fees,Medium,5,14,1,0,93
"Honestly, different departments give different answers which makes everything more confusing.",Fees,Medium,5,11,1,0,93
It’s kind of annoying that fee-related updates are not communicated properly to students.,Fees,Low,5,13,0,0,89
Sometimes we only get to know about fee details from others instead of official sources.,Fees,Low,5,15,0,0,88
"Honestly, they should make fee information easier to understand and more accessible.",Fees,Low,5,12,0,0,84
"Even small fee-related queries take time to get clarified, which feels unnecessary.",Fees,Low,5,12,0,0,83
"When I first started looking for internships, I honestly had no idea how the whole process even worked.",Placement & Career Services,Low,10,18,0,0,103
"My college didn’t really guide us properly about internships or career paths, so I felt completely lost.",Placement & Career Services,Low,10,17,0,0,104
I now feel like I should have started networking earlier because I’ve clearly missed out on some opportunities.,Placement & Career Services,Low,10,18,0,0,111
"In our college, internships sometimes feel like just a formality we have to complete rather than something meaningful.",Placement & Career Services,Low,10,18,0,0,118
Most of us just end up doing random self-projects because the college expects us to show some internship proof.,Placement & Career Services,Low,10,19,0,0,111
It feels like colleges care more about internship certificates than what we actually learned during the process.,Placement & Career Services,Low,10,17,0,0,112
"A lot of students, including me, are confused about what even counts as a real internship.",Placement & Career Services,Low,10,16,0,0,90
"Some internship opportunities are presented in a way that sounds very career-oriented, but in reality, they’re not that useful.",Placement & Career Services,Low,10,19,0,0,127
I often have to depend on external sources or reviews just to figure out if an internship is genuine or not.,Placement & Career Services,Low,10,21,0,0,108
The career guidance we get is so limited that we end up making decisions without fully understanding them.,Placement & Career Services,Low,10,18,0,0,106
Some internships feel more like short online courses rather than actual work experience.,Placement & Career Services,Low,10,13,0,0,88
I’ve attended a few internship “interviews” that turned out to be something completely different from what I expected.,Placement & Career Services,Low,10,18,0,0,118
"Some companies make their internship offers sound very professional, but once you look closer, it’s not really the case.",Placement & Career Services,Low,10,19,0,0,120
"As a fresher, it’s really hard to understand the difference between training, certification programs, and real internships.",Placement & Career Services,Low,10,17,0,0,123
"Honestly, things like certificates and LORs attract students more than actual learning because that’s what colleges expect.",Placement & Career Services,Low,10,17,0,0,123
Internship platforms don’t make it easy to figure out which opportunities are actually worth applying to.,Placement & Career Services,Low,10,16,0,0,105
I feel like I always have to do my own background checks because the platforms themselves aren’t reliable enough.,Placement & Career Services,Low,10,19,0,0,113
"Some internship applications take way too much time, especially when we’re still learning and managing college work.",Placement & Career Services,Low,10,17,0,0,116
It’s really discouraging to spend time on applications or tasks and then not even get a proper response back.,Placement & Career Services,Low,10,19,0,0,109
The whole internship process feels confusing because expectations are not explained clearly from the start.,Placement & Career Services,Low,10,15,0,0,107
Sometimes it feels like we’re just collecting internship proof instead of actually learning something useful.,Placement & Career Services,Low,10,15,0,0,109
There’s way too much focus on certificates and paperwork rather than actual skills.,Placement & Career Services,Low,10,13,0,0,83
Some companies focus more on making their internship look attractive instead of clearly explaining what we’ll actually do.,Placement & Career Services,Low,10,18,0,0,122
"As freshers, it’s really easy to get misled because many opportunities look genuine at first glance.",Placement & Career Services,Low,10,16,0,0,100
It’s honestly hard to tell whether an internship will actually help or just waste our time.,Placement & Career Services,Low,10,16,0,0,91
"After a point, applying for internships itself starts to feel confusing and exhausting.",Placement & Career Services,Low,10,13,0,0,87
The whole process becomes stressful because we can’t easily differentiate between good and bad opportunities.,Placement & Career Services,Low,10,15,0,0,109
We end up putting effort into applications without even knowing if the company is serious about hiring.,Placement & Career Services,Low,10,17,0,0,103
Searching for internships becomes stressful when you’re constantly unsure about what to trust.,Placement & Career Services,Low,10,13,0,0,94
"Overall, it feels like the internship system isn’t properly guided, and students are just left to figure everything out on their own.",Placement & Career Services,Low,10,22,0,0,133
"Honestly during the exam they told us to keep phones outside and after coming back my phone was gone, I feel so helpless and no one is taking responsibility for this",Lost & Found,High,9,31,2,0,165
"Around 20 phones got stolen in one day and still the college says they are not responsible, this is seriously messed up",Lost & Found,High,9,22,2,0,119
"My laptop got stolen from hostel room even when I was sleeping inside, I still can’t believe how unsafe this place is",Lost & Found,High,9,22,2,0,117
"It’s really frustrating that there was no CCTV working in that area where theft happened, now there is literally no proof",Lost & Found,High,9,21,2,0,121
"We were forced to leave our bags outside class and everything got stolen, this is not even our fault but we are suffering",Lost & Found,High,9,23,2,0,121
"Even after tracking my stolen phone location the college and police didn’t help at all, feels like they don’t care",Lost & Found,High,9,20,2,0,114
"Two laptops got stolen from same floor and still no action taken, how is security this bad honestly",Lost & Found,High,9,18,2,0,99
"My friend lost all his belongings including wallet and laptop because of poor supervision, this is causing serious financial stress",Lost & Found,High,9,20,2,0,131
"College is blaming students instead of improving security after theft incidents, this is really unfair and stressful",Lost & Found,High,9,17,2,0,116
Honestly I feel unsafe bringing any expensive item to college now because theft is happening so casually,Lost & Found,High,9,17,2,0,104
It’s annoying that they don’t provide lockers even after so many theft cases happening in campus,Lost & Found,Medium,9,16,1,0,96
I had to constantly worry about my laptop getting stolen in hostel instead of focusing on studies,Lost & Found,Medium,9,17,1,0,97
My charger and small items keep getting stolen and no one even cares because they say it’s common,Lost & Found,Medium,9,18,1,0,97
They ask us to keep bags outside during exams but don’t arrange any proper monitoring which is really careless,Lost & Found,Medium,9,19,1,0,110
It’s frustrating that even after complaints the management just says be careful instead of fixing security issues,Lost & Found,Medium,9,17,1,0,113
I feel like theft is treated as normal here which honestly makes students anxious all the time,Lost & Found,Medium,9,17,1,0,94
There are blind spots without CCTV in important areas like stairs which makes it easy for theft to happen,Lost & Found,Medium,9,19,1,0,105
Even after multiple theft incidents no strict rules or security checks have been implemented,Lost & Found,Medium,9,14,1,0,92
I had to lock everything in cupboard daily which is honestly tiring and stressful,Lost & Found,Medium,9,14,1,0,81
It’s confusing that some areas have strict checking while others have zero monitoring,Lost & Found,Medium,9,13,1,0,85
idk why they don’t just install proper CCTV cameras everywhere when theft is clearly happening,Lost & Found,Low,9,15,0,0,94
Sometimes small things like cables or food items go missing and it’s just annoying at this point,Lost & Found,Low,9,17,0,0,96
They keep telling us to be responsible but don’t improve basic security which feels unfair,Lost & Found,Low,9,15,0,0,90
It’s kinda irritating that we can’t even leave things for few minutes without worrying about theft,Lost & Found,Low,9,16,0,0,98
Even umbrellas and small items get stolen which shows how careless the environment is,Lost & Found,Low,9,14,0,0,85
I feel like hostel security depends too much on luck and people around you,Lost & Found,Low,9,14,0,0,74
They don’t clearly communicate what to do after a theft which makes everything more confusing,Lost & Found,Low,9,15,0,0,93
Sometimes items get mixed or taken accidentally and there is no proper lost and found system,Lost & Found,Low,9,16,0,0,92
It’s annoying that we have to double check everything before leaving the room every time,Lost & Found,Low,9,15,0,0,88
Honestly even after hearing so many theft stories nothing really changes in the system,Lost & Found,Low,9,14,0,0,86
"I’ve noticed that a lot of students just add projects to their resume that are directly copied or forked from training institutes, which doesn’t really reflect their own work.",Placement & Career Services,Low,10,29,0,0,175
"In interviews, some students find it hard to explain why they made certain decisions in their projects, which shows they didn’t fully understand what they did.",Placement & Career Services,Low,10,26,0,0,159
"The government apprenticeship portal sounds helpful, but honestly, the number of rules makes it difficult to actually make use of it.",Placement & Career Services,Low,10,21,0,0,133
"From what I’ve seen around me, very few people have actually benefited from the apprenticeship portal.",Placement & Career Services,Low,10,16,0,0,102
"Even when apprenticeship programs are useful, the stipend offered is usually quite low, which can be discouraging.",Placement & Career Services,Low,10,17,0,0,114
"A lot of training institutes just give basic or repetitive projects, so it doesn’t feel like we’re learning anything new.",Placement & Career Services,Low,10,20,0,0,121
"In some internships, you end up doing just one type of task repeatedly instead of learning how the whole process works.",Placement & Career Services,Low,10,21,0,0,119
"Sometimes after completing these internships, it feels like we’ve only gained partial knowledge rather than a complete understanding.",Placement & Career Services,Low,10,18,0,0,133
"Training institutes usually give structured tasks, but they don’t really expose us to how things work in the real world.",Placement & Career Services,Low,10,20,0,0,120
Some internship programs focus too much on routine tasks and don’t give us a chance to explore or learn different things.,Placement & Career Services,Low,10,21,0,0,121
Many internships seem more focused on giving certificates than actually helping us build strong skills.,Placement & Career Services,Low,10,15,0,0,103
"I feel like the quality of internship experience depends a lot on the company, there’s no consistency at all.",Placement & Career Services,Low,10,19,0,0,109
Internship experiences vary so much that it’s hard to know what we’re actually going to get beforehand.,Placement & Career Services,Low,10,17,0,0,103
Some project-based internships feel too basic and don’t really match what the industry actually expects.,Placement & Career Services,Low,10,15,0,0,104
"Honestly, getting good exposure through internships sometimes just feels like luck rather than something properly supported by the system.",Placement & Career Services,Low,10,19,0,0,138
"During exams they literally made us leave bags near staircase and that exact spot had no CCTV, it feels like they made theft easy",Lost & Found,High,9,24,2,0,129
"My phone was stolen from my bag in broad daylight and teachers were present but still nothing was noticed, this is honestly scary",Lost & Found,High,9,23,2,0,129
Even after confirming theft happened inside campus the management is acting like it’s not their responsibility which is really frustrating,Lost & Found,High,9,20,2,0,138
"One person literally entered hostel pretending to belong there and stole laptops, how is security this weak",Lost & Found,High,9,17,2,0,107
"My friend’s laptop got stolen and even after filing complaint there was no proper follow up, feels like a dead end",Lost & Found,High,9,21,2,0,114
They didn’t even try to track CCTV footage properly and just closed the issue saying nothing can be done,Lost & Found,High,9,19,2,0,104
It’s really stressful knowing that someone can just walk into rooms and take valuables without getting caught,Lost & Found,High,9,17,2,0,109
Even after multiple theft cases they are not increasing security which makes students feel completely unsafe,Lost & Found,High,9,16,2,0,108
"My belongings were stolen because of college rules and now they are not taking any accountability, this is really unfair",Lost & Found,High,9,20,2,0,120
Honestly losing expensive gadgets like laptop is a huge financial burden and no support is given from college,Lost & Found,High,9,18,2,0,109
It’s annoying that hostel gates are not properly monitored and anyone can enter without strict checking,Lost & Found,Medium,9,16,1,0,103
I feel like security staff is not attentive enough because theft is happening repeatedly in same areas,Lost & Found,Medium,9,17,1,0,102
Even after reporting stolen items we don’t get updates which is really frustrating,Lost & Found,Medium,9,13,1,0,82
There is no proper system to report or track stolen items which makes everything confusing,Lost & Found,Medium,9,15,1,0,90
They should at least warn students about unsafe areas but nothing is communicated clearly,Lost & Found,Medium,9,14,1,0,89
I had to stop bringing my expensive devices because I don’t trust campus security anymore,Lost & Found,Medium,9,15,1,0,89
It’s tiring to constantly lock and hide everything just because theft is so common here,Lost & Found,Medium,9,15,1,0,87
Even after identifying suspicious activity no strict action is taken which is really disappointing,Lost & Found,Medium,9,14,1,0,98
I feel like hostel theft cases are ignored unless it becomes a big issue,Lost & Found,Medium,9,14,1,0,72
"Sometimes it feels like we are on our own when something gets stolen, no proper help from authorities",Lost & Found,Medium,9,18,1,0,101
idk why they don’t install lockers when they clearly know students are forced to leave bags outside,Lost & Found,Low,9,17,0,0,99
Small items like cables and food keep disappearing and it’s honestly irritating at this point,Lost & Found,Low,9,15,0,0,93
They just tell us to be careful instead of actually improving the situation which feels lazy,Lost & Found,Low,9,16,0,0,92
Even basic things like secure storage are missing which makes daily life inconvenient,Lost & Found,Low,9,13,0,0,85
It’s annoying that we can’t even trust shared spaces like hostel rooms fully,Lost & Found,Low,9,13,0,0,76
Sometimes items go missing and we are not sure if it’s theft or confusion which is frustrating,Lost & Found,Low,9,17,0,0,94
They don’t even acknowledge small theft complaints which makes students stop reporting,Lost & Found,Low,9,12,0,0,86
I feel like theft awareness is not taken seriously by the college at all,Lost & Found,Low,9,14,0,0,72
Even after hearing incidents nothing changes which is honestly disappointing,Lost & Found,Low,9,10,0,0,76
We have to depend on luck and roommates instead of proper security which is not ideal,Lost & Found,Low,9,16,0,0,85
Sometimes it feels like internships are more about completing tasks than actually understanding what we’re doing.,Placement & Career Services,Low,10,16,0,0,113
"I’ve seen internships where there’s hardly any feedback, so it’s hard to know if we’re improving or not.",Placement & Career Services,Low,10,18,0,0,104
"In many cases, interns are just expected to figure things out on their own without much guidance.",Placement & Career Services,Low,10,17,0,0,97
"Some internships don’t really explain the bigger picture, so we just end up doing small tasks without context.",Placement & Career Services,Low,10,18,0,0,110
It can be confusing when different companies expect completely different things from interns.,Placement & Career Services,Low,10,13,0,0,93
Sometimes the tools and technologies used in internships are outdated compared to what’s currently used in the industry.,Placement & Career Services,Low,10,18,0,0,120
A few internships feel too short or unstructured to actually learn something meaningful.,Placement & Career Services,Low,10,13,0,0,88
It’s hard to stay motivated when the work given during internships feels repetitive or not challenging enough.,Placement & Career Services,Low,10,17,0,0,110
Some internship experiences feel more like practice exercises rather than real work exposure.,Placement & Career Services,Low,10,13,0,0,93
"There isn’t always enough interaction with experienced professionals during internships, which limits learning.",Placement & Career Services,Low,10,13,0,0,111
Sometimes it feels like interns are not taken seriously and are just given minor or low-impact tasks.,Placement & Career Services,Low,10,17,0,0,101
It’s difficult to judge whether an internship is adding value until it’s already over.,Placement & Career Services,Low,10,14,0,0,86
"Some internships don’t clearly define roles, so we end up doing random work without direction.",Placement & Career Services,Low,10,15,0,0,94
The learning experience varies so much that it’s hard to compare one internship with another.,Placement & Career Services,Low,10,15,0,0,93
"In a few cases, interns don’t get enough opportunities to apply what they’ve learned in real scenarios.",Placement & Career Services,Low,10,17,0,0,103
"My wallet got stolen inside the classroom when we just stepped out for few minutes and there was no CCTV at all, this is really frustrating",Lost & Found,High,9,26,2,0,139
"This is not the first time theft is happening in our class and still no strict action is taken, it honestly feels unsafe",Lost & Found,High,9,23,2,0,120
"We even suspect someone but without proof nothing is being done and the thief is still freely roaming, this is stressful",Lost & Found,High,9,21,2,0,120
"I got accused of theft for something I didn’t even intentionally do and now I’m facing serious disciplinary action, this is mentally exhausting",Lost & Found,High,9,23,2,0,143
"They are threatening suspension over a small misunderstanding related to payment and calling it theft, this feels too extreme",Lost & Found,High,9,19,2,0,125
"Our project work was basically taken by faculty and we didn’t even get credit, it honestly feels like our work was stolen",Lost & Found,High,9,22,2,0,121
We worked so hard on final year project and now seeing it used without our names is really upsetting and unfair,Lost & Found,High,9,21,2,0,111
"College is not supporting students when intellectual work is taken without permission, this is seriously demotivating",Lost & Found,High,9,16,2,0,117
"Even after multiple complaints about missing money in class nothing has been improved, it keeps happening again and again",Lost & Found,High,9,19,2,0,121
Honestly it feels like anyone can take your stuff in class and just get away with it because there is no monitoring,Lost & Found,High,9,22,2,0,115
It’s annoying that there are no cameras in classrooms where theft keeps happening repeatedly,Lost & Found,Medium,9,14,1,0,92
I feel uncomfortable leaving my bag even for few minutes because things keep going missing,Lost & Found,Medium,9,15,1,0,90
There is no proper way to report theft cases in class which makes everything confusing,Lost & Found,Medium,9,15,1,0,86
Even when we suspect someone we can’t do anything because there is no proper evidence system,Lost & Found,Medium,9,16,1,0,92
It’s frustrating that college doesn’t investigate repeated theft complaints seriously,Lost & Found,Medium,9,10,1,0,85
They should at least check bags or do inspections when theft happens but nothing like that is done,Lost & Found,Medium,9,18,1,0,98
I feel like small thefts are ignored until it becomes a big issue which is really careless,Lost & Found,Medium,9,17,1,0,90
Even after informing authorities they just say be careful instead of taking action,Lost & Found,Medium,9,13,1,0,82
It’s tiring to keep worrying about money getting stolen in classroom again,Lost & Found,Medium,9,12,1,0,74
Honestly there is no trust left in shared spaces because of these incidents,Lost & Found,Medium,9,13,1,0,75
idk why they don’t install basic monitoring in classrooms when theft is clearly happening,Lost & Found,Low,9,14,0,0,89
Sometimes money goes missing and we don’t even know when it happened which is annoying,Lost & Found,Low,9,15,0,0,86
They don’t even inform parents or take strict warnings when theft happens,Lost & Found,Low,9,12,0,0,73
It’s irritating that we have to hide our belongings even inside classroom,Lost & Found,Low,9,12,0,0,73
Even small theft complaints are not recorded properly which feels careless,Lost & Found,Low,9,11,0,0,74
There is no awareness or discussion about theft prevention at all,Lost & Found,Low,9,11,0,0,65
Sometimes it feels like management just ignores these issues completely,Lost & Found,Low,9,10,0,0,71
We are expected to manage everything ourselves without any support,Lost & Found,Low,9,10,0,0,66
Even after repeated incidents no clear rules are introduced which is disappointing,Lost & Found,Low,9,12,0,0,82
Honestly it’s just frustrating to study in an environment where things keep getting stolen,Lost & Found,Low,9,14,0,0,90
"My cash went missing from my bag during class hours and I didn’t even realize until later, this is honestly so stressful",Lost & Found,High,9,22,2,0,120
"This same theft issue has been happening every year and still no proper action is taken, it feels like nothing will change",Lost & Found,High,9,22,2,0,122
Even after reporting multiple missing items in class the administration is not investigating properly which is really frustrating,Lost & Found,High,9,18,2,0,129
I feel really unsafe keeping any valuables in classroom because things are getting stolen so easily,Lost & Found,High,9,16,2,0,99
"They didn’t even try to verify properly and I was indirectly blamed for a theft I didn’t do, this is mentally exhausting",Lost & Found,High,9,22,2,0,120
"My belongings got stolen and instead of helping they started questioning me like I did something wrong, this is really upsetting",Lost & Found,High,9,21,2,0,128
"We clearly informed about repeated thefts but still no strict monitoring is introduced, it’s honestly careless",Lost & Found,High,9,16,2,0,110
Even after identifying a pattern in theft cases no preventive measures are taken which makes it worse,Lost & Found,High,9,17,2,0,101
It’s really frustrating that we have to keep worrying about our stuff instead of focusing on studies,Lost & Found,High,9,17,2,0,100
Honestly it feels like the system completely fails when it comes to handling theft complaints,Lost & Found,High,9,15,2,0,93
It’s annoying that they don’t even collect proper statements from students after a theft incident,Lost & Found,Medium,9,15,1,0,97
There is no follow up after reporting theft which makes it feel useless to even complain,Lost & Found,Medium,9,16,1,0,88
I feel like management just ignores repeated complaints unless something big happens,Lost & Found,Medium,9,12,1,0,84
They don’t even try to check surroundings or question people properly after theft incidents,Lost & Found,Medium,9,14,1,0,91
It’s frustrating that basic safety measures are missing even after multiple complaints,Lost & Found,Medium,9,12,1,0,86
I have to constantly carry my bag everywhere because I don’t trust leaving it in class anymore,Lost & Found,Medium,9,17,1,0,94
Even during short breaks things go missing which makes everything stressful,Lost & Found,Medium,9,11,1,0,75
There is no proper coordination between staff when handling theft cases which causes confusion,Lost & Found,Medium,9,14,1,0,94
I feel like students are left to deal with theft issues on their own without support,Lost & Found,Medium,9,16,1,0,84
Even when something is stolen there is no urgency shown by authorities which is disappointing,Lost & Found,Medium,9,15,1,0,93
idk why they don’t take small thefts seriously because it keeps repeating again and again,Lost & Found,Low,9,15,0,0,89
Sometimes items go missing and we just accept it because reporting doesn’t help much,Lost & Found,Low,9,14,0,0,84
It’s irritating that we can’t even leave our things safely for a short time,Lost & Found,Low,9,14,0,0,75
They don’t even maintain records of theft complaints which feels careless,Lost & Found,Low,9,11,0,0,73
Even basic awareness about theft prevention is missing in campus,Lost & Found,Low,9,10,0,0,64
I feel like rules exist but they are not properly enforced anywhere,Lost & Found,Low,9,12,0,0,67
There is no clear communication after incidents which makes everything confusing,Lost & Found,Low,9,11,0,0,80
Sometimes I feel like nothing will change no matter how many times we complain,Lost & Found,Low,9,14,0,0,78
Even after repeated incidents no proper system is created to prevent theft,Lost & Found,Low,9,12,0,0,74
Honestly it’s just frustrating to deal with this again and again without any solution,Lost & Found,Low,9,14,0,0,85
"My wallet was stolen in the classroom when we went downstairs and there were no cameras there, so now there’s no proof at all",Lost & Found,High,9,24,2,0,125
This has happened before also in our class where money keeps getting stolen and nothing is done about it,Lost & Found,High,9,19,2,0,104
We suspect one person but without evidence we can’t do anything and it’s really frustrating,Lost & Found,High,9,15,2,0,91
Phones were stolen from bags kept outside during exam and no one knows how it even happened,Lost & Found,High,9,17,2,0,91
Around 20 phones got stolen and even laptops were taken and still there is no proper response,Lost & Found,High,9,17,2,0,93
CCTV was not working in that area so there is no footage and no way to find who did it,Lost & Found,High,9,20,2,0,86
My phone was tracked to another location but still nothing could be done to recover it,Lost & Found,High,9,16,2,0,86
Teachers were present during the time but still theft happened which makes no sense,Lost & Found,High,9,14,2,0,83
Someone managed to take phones from bags during exam time without anyone noticing,Lost & Found,High,9,13,2,0,81
It feels like this was planned because only certain phones were stolen,Lost & Found,High,9,12,2,0,70
There are no cameras in important places like staircase where bags are kept,Lost & Found,Medium,9,13,1,0,75
We were asked to leave our belongings outside but there was no one monitoring them,Lost & Found,Medium,9,15,1,0,82
There is no proper system to handle theft complaints after incidents happen,Lost & Found,Medium,9,12,1,0,75
Even after reporting theft there are no updates given to students,Lost & Found,Medium,9,11,1,0,65
It’s unclear what steps we are supposed to take after something gets stolen,Lost & Found,Medium,9,13,1,0,75
We are just told to be careful but no actual solution is provided,Lost & Found,Medium,9,13,1,0,65
Even repeated thefts are not taken seriously by the authorities,Lost & Found,Medium,9,10,1,0,63
There is no proper checking or inspection done after theft incidents,Lost & Found,Medium,9,11,1,0,68
We don’t feel safe leaving our belongings even for short time,Lost & Found,Medium,9,11,1,0,61
There is no accountability from college even when theft happens inside campus,Lost & Found,Medium,9,12,1,0,77
idk why there are no proper cameras in areas where theft keeps happening,Lost & Found,Low,9,13,0,0,72
Sometimes items go missing and we don’t even know when it happened,Lost & Found,Low,9,12,0,0,66
There is no clear communication after theft incidents,Lost & Found,Low,9,8,0,0,53
We are expected to manage our belongings on our own,Lost & Found,Low,9,10,0,0,51
Even small thefts are ignored most of the time,Lost & Found,Low,9,9,0,0,46
There is no proper lost and found system in place,Lost & Found,Low,9,10,0,0,49
We don’t even know who to contact properly when something gets stolen,Lost & Found,Low,9,12,0,0,69
It’s annoying that nothing changes even after multiple incidents,Lost & Found,Low,9,9,0,0,64
Sometimes it feels like reporting is useless because nothing happens,Lost & Found,Low,9,10,0,0,68
We just have to be extra careful all the time because system is weak,Lost & Found,Low,9,14,0,0,68
"I paid money for an internship thinking it would help my career, but it turned out to be just basic training with no real work exposure.",Placement & Career Services,High,10,26,2,0,136
"They asked for registration fees and kept pressuring me to pay immediately, which made the whole process feel very suspicious.",Placement & Career Services,High,10,20,2,0,126
"I spent days building complex projects for internship assignments, but the company never responded after submission.",Placement & Career Services,High,10,16,2,0,116
Some companies are clearly using students to get free work done through assignments without any intention of hiring.,Placement & Career Services,High,10,18,2,0,116
"I attended an internship program where there was no proper teaching, no guidance, and it felt like a complete waste of time.",Placement & Career Services,High,10,22,2,0,124
"I realized too late that the internship was just a course being sold under a different name, not an actual work opportunity.",Placement & Career Services,High,10,22,2,0,124
"Companies promising internships often end up asking for money in the name of training, which feels like exploitation of freshers.",Placement & Career Services,High,10,20,2,0,129
I lost money paying for an internship that didn’t provide any real skills or job opportunities afterward.,Placement & Career Services,High,10,17,2,0,105
Some internship programs promise placements or stipends but don’t deliver anything once you join.,Placement & Career Services,High,10,14,2,0,97
I felt cheated when the internship turned out to be only recorded lectures instead of the live training they promised.,Placement & Career Services,High,10,20,2,0,118
"There are companies pretending to be legitimate by copying real company names, which makes it very hard to identify scams.",Placement & Career Services,High,10,20,2,0,122
Internship providers sometimes disappear or stop responding once the payment is done.,Placement & Career Services,High,10,12,2,0,85
I was forced to pay money upfront for an internship that never even started properly.,Placement & Career Services,High,10,15,2,0,85
"Internship opportunities are often presented attractively, but the actual work and learning are not explained clearly.",Placement & Career Services,Medium,10,16,1,0,118
Colleges make internships compulsory even when there are not enough genuine opportunities available.,Placement & Career Services,Medium,10,13,1,0,100
Many students end up buying projects or certificates just to meet college internship requirements.,Placement & Career Services,Medium,10,14,1,0,98
Internship processes sometimes feel more like formalities required for degree completion rather than real learning experiences.,Placement & Career Services,Medium,10,16,1,0,127
There is very little guidance from colleges on how to identify genuine internships.,Placement & Career Services,Medium,10,13,1,0,83
Students are often left to figure out internship opportunities on their own without proper support.,Placement & Career Services,Medium,10,15,1,0,99
Internship platforms don’t clearly differentiate between real opportunities and low-quality ones.,Placement & Career Services,Medium,10,11,1,0,97
Students are not properly informed about what to expect from internships before joining.,Placement & Career Services,Medium,10,13,1,0,88
Many internships focus more on certificates rather than actual skill development.,Placement & Career Services,Medium,10,11,1,0,81
Some internship providers create urgency like “limited slots” to push students into quick decisions.,Placement & Career Services,Medium,10,14,1,0,100
"Internship experiences vary a lot, and there is no consistency in quality or structure.",Placement & Career Services,Medium,10,14,1,0,87
Students often feel confused between training programs and real internships.,Placement & Career Services,Medium,10,10,1,0,76
Colleges don’t provide enough real industry connections or mentorship to support internships.,Placement & Career Services,Medium,10,12,1,0,93
Internship-related decisions are often made without enough reliable information.,Placement & Career Services,Medium,10,9,1,0,80
Some internships focus more on theory or lectures instead of practical exposure.,Placement & Career Services,Medium,10,12,1,0,80
My wallet got stolen inside my own room and this is not even the first time something like this has happened,Lost & Found,High,9,21,2,0,108
Money has been stolen multiple times in our class before like 400 or even 1000 and still nothing is being done,Lost & Found,High,9,21,2,0,110
There are no CCTV cameras in the classroom where theft happened so now there is no proof at all,Lost & Found,High,9,19,2,0,95
We all suspect one person but without evidence nothing can be done and it’s really frustrating,Lost & Found,High,9,16,2,0,94
My laptop got stolen and I lost almost a whole year of coursework which is honestly devastating,Lost & Found,High,9,17,2,0,95
I lost all my notes and coursework because my laptop was stolen and now I have no idea how to recover everything,Lost & Found,High,9,22,2,0,112
Someone used my identity to enroll in college and even applied for financial aid using my details which is really scary,Lost & Found,High,9,21,2,0,119
The college knows there are multiple identity theft cases but they don’t seem interested in investigating properly,Lost & Found,High,9,17,2,0,114
My clothes were stolen from the laundry room and even after knowing who did it the college won’t tell me,Lost & Found,High,9,20,2,0,104
Even after identifying the person through cameras the college is refusing to take proper action which feels unfair,Lost & Found,High,9,18,2,0,114
There is no proper monitoring in classrooms even though theft has happened multiple times,Lost & Found,Medium,9,14,1,0,89
I feel uncomfortable leaving my bag even for few minutes because things keep getting stolen,Lost & Found,Medium,9,15,1,0,91
There is no proper system to report theft cases clearly to the authorities,Lost & Found,Medium,9,13,1,0,74
Even when theft happens there is no follow up or updates given to students,Lost & Found,Medium,9,14,1,0,74
Laundry rooms are risky because people can just take clothes from dryers if left unattended,Lost & Found,Medium,9,15,1,0,91
Sometimes people just go through your clothes in laundry and take whatever they want,Lost & Found,Medium,9,14,1,0,84
There is no clear communication about what to do after something gets stolen,Lost & Found,Medium,9,13,1,0,76
It feels like we have to manage everything on our own without support from college,Lost & Found,Medium,9,15,1,0,82
Even after repeated incidents no proper safety measures are introduced,Lost & Found,Medium,9,10,1,0,70
idk why there are still no cameras in areas where theft keeps happening,Lost & Found,Low,9,13,0,0,71
Sometimes clothes are taken from dryers if you don’t come on time which is annoying,Lost & Found,Low,9,15,0,0,83
People leave their stuff around and then it gets stolen which keeps happening again,Lost & Found,Low,9,14,0,0,83
There is no proper lost and found system to recover missing items,Lost & Found,Low,9,12,0,0,65
Even when someone is identified we are not told anything which feels confusing,Lost & Found,Low,9,13,0,0,78
We don’t even know who to contact properly after theft incidents,Lost & Found,Low,9,11,0,0,64
Sometimes things go missing and we just accept it because nothing happens,Lost & Found,Low,9,12,0,0,73
There is no awareness about theft prevention at all,Lost & Found,Low,9,9,0,0,51
It’s annoying that nothing really changes even after repeated complaints,Lost & Found,Low,9,10,0,0,72
I didn’t really understand how internships work when I first started looking for them.,Lost & Found,Low,9,14,0,0,86
There wasn’t enough mentorship in college to guide us about internships or career paths.,Placement & Career Services,Low,10,14,0,0,88
I regret not networking earlier because now it feels like I missed some opportunities.,Placement & Career Services,Low,10,14,0,0,86
Some internship projects feel too basic and similar to what we already do in college.,Placement & Career Services,Low,10,15,0,0,85
Internship experiences depend a lot on luck and the company you get into.,Placement & Career Services,Low,10,13,0,0,73
Sometimes internships involve repetitive tasks that don’t add much value.,Placement & Career Services,Low,10,10,0,0,73
It’s hard to judge whether an internship is useful until it’s already over.,Placement & Career Services,Low,10,13,0,0,75
"Some internships don’t provide enough feedback, so it’s difficult to improve.",Placement & Career Services,Low,10,11,0,0,77
"In some cases, interns don’t get to work on meaningful or impactful tasks.",Placement & Career Services,Low,10,13,0,0,74
Internship expectations are not always clearly explained at the beginning.,Placement & Career Services,Low,10,10,0,0,74
Students often rely on certificates instead of focusing on actual learning.,Placement & Career Services,Low,10,11,0,0,75
It can be confusing to differentiate between real internships and training programs.,Placement & Career Services,Low,10,12,0,0,84
Internship search itself feels overwhelming because of too many unclear options.,Placement & Career Services,Low,10,11,0,0,80
"Some internships feel unstructured, making it harder to gain proper experience.",Placement & Career Services,Low,10,11,0,0,79
Learning opportunities in internships are sometimes limited due to lack of guidance.,Placement & Career Services,Low,10,12,0,0,84
"I was asked to pay money just to secure an internship slot, and later realized there was no real work involved.",Placement & Career Services,Low,10,21,0,0,111
"They promised stipend and job opportunities after the internship, but none of it actually happened.",Placement & Career Services,High,10,15,2,0,99
"I joined an internship expecting practical experience, but I ended up just watching recorded videos with no interaction.",Placement & Career Services,High,10,18,2,0,120
"The company kept asking for additional payments at different stages, which made it feel like a trap.",Placement & Career Services,High,10,17,2,0,100
I felt completely misled because what they advertised as an internship was actually just a paid course.,Placement & Career Services,High,10,17,2,0,103
"After paying the registration fee, they delayed the program and kept asking for the remaining payment before starting anything.",Placement & Career Services,High,10,19,2,0,127
"I trusted the opportunity because it looked professional, but later realized it was designed only to collect money from students.",Placement & Career Services,High,10,20,2,0,129
"I spent a lot of time completing assignments, but there was no feedback, no interview, and no response afterward.",Placement & Career Services,High,10,19,2,0,113
Some companies give unrealistic deadlines for complex projects just to extract free work from students.,Placement & Career Services,High,10,15,2,0,103
"I worked extremely hard on an assignment hoping for a chance, but it felt like my work was used without any credit or opportunity.",Placement & Career Services,High,10,24,2,0,130
"I attended what I thought was an interview, but it turned into a sales pitch asking for payment.",Placement & Career Services,High,10,18,2,0,96
"They created urgency by saying seats would close soon, which pressured me into making a quick payment decision.",Placement & Career Services,High,10,18,2,0,111
"Even after joining, there was no proper mentor or support, and I felt like I was completely on my own.",Placement & Career Services,High,10,20,2,0,102
"The internship didn’t involve any real company work, so it added no value to my skills or resume.",Placement & Career Services,High,10,18,2,0,97
I realized that the certificate I received had no credibility and didn’t help in any job applications.,Placement & Career Services,High,10,17,2,0,102
Some companies use big names and fake partnerships to appear legitimate and attract students.,Placement & Career Services,High,10,14,2,0,93
I felt exploited because I paid money but still ended up doing low-quality or irrelevant work.,Placement & Career Services,High,10,16,2,0,94
"The internship process was misleading from the start, and I only understood it after losing time and money.",Placement & Career Services,High,10,18,2,0,107
"There was no proper onboarding or structure, which made the entire internship feel fake.",Placement & Career Services,High,10,14,2,0,88
"I joined hoping to gain experience, but it turned out to be completely unorganized and unprofessional.",Placement & Career Services,High,10,16,2,0,102
"Theft of Apple products is common at colleges, especially MacBooks, so you really have to keep your door locked and watch who you keep around",Lost & Found,High,9,25,2,0,141
My B-school blocked my placement portal and refused to let me apply just because I had only applied to a limited number of roles.,Placement & Career Services,High,10,24,2,0,129
I’m being pressured to opt out of placements even though I only want to apply for roles that match my career goals.,Placement & Career Services,High,10,22,2,0,115
The placement cell is forcing students to apply broadly instead of respecting individual career preferences.,Placement & Career Services,Medium,10,15,1,0,108
It feels unfair that I invested so much in my education but I’m being denied access to placements aligned with my goals.,Placement & Career Services,High,10,22,2,0,120
The administration is using control over the placement portal to pressure students into following their rules.,Placement & Career Services,High,10,16,2,0,110
"Students are being told to sit for companies they do not want, just to satisfy placement policies.",Placement & Career Services,Medium,10,17,1,0,98
The college seems more concerned about placement statistics than about whether students actually want those roles.,Placement & Career Services,High,10,16,2,0,114
Some students feel forced to sabotage interviews they do not want because the system gives them no real choice.,Placement & Career Services,Medium,10,19,1,0,111
The placement process feels rigid because students are punished for being selective about their applications.,Placement & Career Services,Medium,10,15,1,0,109
Colleges can make students feel powerless by threatening their access to placements.,Placement & Career Services,High,10,12,2,0,84
I feel like I’m being treated as a number in the placement record rather than as someone with a real career plan.,Placement & Career Services,Medium,10,22,1,0,113
Missing out on good campus offers can leave students feeling disappointed and unsure about what to do next.,Placement & Career Services,Low,10,18,0,0,107
Some students are left with only low-quality placement options like BPO roles because no better companies came to campus.,Placement & Career Services,Medium,10,19,1,0,121
"In some colleges, no meaningful companies come for placements at all, leaving students with very poor options.",Placement & Career Services,High,10,17,2,0,110
The on-campus placement opportunities in some colleges are so weak that students are forced to rely entirely on off-campus efforts.,Placement & Career Services,Medium,10,20,1,0,131
Students from weaker colleges often feel stuck with poor roles and low salaries because of bad placement support.,Placement & Career Services,Medium,10,18,1,0,113
"Placement outcomes can feel like a lottery, where deserving students still miss good opportunities.",Placement & Career Services,Medium,10,14,1,0,99
I had to settle for a role that didn’t match my actual career interests because that was the only offer available.,Placement & Career Services,Medium,10,21,1,0,114
Some students take whatever placement they get just to avoid being left with no job at all.,Placement & Career Services,Medium,10,17,1,0,91
Not getting the roles we actually wanted through placements can leave us feeling dissatisfied even after being placed.,Placement & Career Services,Low,10,18,0,0,118
Students who miss or lose on-campus opportunities often feel like they’re starting their careers from a disadvantage.,Placement & Career Services,Medium,10,17,1,0,117
Some colleges provide so little support that students end up taking odd jobs or unrelated work after graduation.,Placement & Career Services,Medium,10,18,1,0,112
"Placement systems don’t always create opportunities across different domains, so students may be pushed into unrelated roles.",Placement & Career Services,Medium,10,17,1,0,125
"It’s frustrating when colleges don’t bring enough IT or core companies, leaving students with very few real choices.",Placement & Career Services,Medium,10,18,1,0,116
Placement preparation in college can feel disconnected from what students actually want to do in their careers.,Placement & Career Services,Medium,10,17,1,0,111
"Some students cannot even sit for placements because of year backs, backlogs, or percentage rules, which adds more pressure.",Placement & Career Services,Medium,10,19,1,0,124
Colleges often do not give enough support to students who are unplaced or only have weak offers.,Placement & Career Services,Medium,10,17,1,0,96
The placement committee sent confusing and contradictory messages about mandatory tests and registrations.,Placement & Career Services,Medium,10,13,1,0,106
Students were told a mock test was mandatory even though many had never registered for it.,Placement & Career Services,Medium,10,16,1,0,90
"The placement office made a mistake, then tried to shift the blame onto students instead of admitting it properly.",Placement & Career Services,Medium,10,19,1,0,114
It is frustrating when the placement committee sends everyone emails by mistake and then acts like students overreacted.,Placement & Career Services,Low,10,18,0,0,120
The placement department is threatening students with “serious consequences” for not attending or registering for mandatory drives.,Placement & Career Services,High,10,17,2,0,131
Students are being forced to apply to mass recruiter drives even if they already have an offer.,Placement & Career Services,High,10,17,2,0,95
The placement office uses threats and strong language instead of treating students with respect.,Placement & Career Services,Medium,10,14,1,0,96
"We are told not to escalate concerns, even when the placement office itself causes the confusion.",Placement & Career Services,Medium,10,16,1,0,97
The placement committee feels more focused on controlling students than helping them.,Placement & Career Services,High,10,12,2,0,85
Forcefully registering or threatening students for placement drives crosses a line.,Placement & Career Services,High,10,11,2,0,83
Students feel anxious because repeated warnings from the placement office might lead to being barred from placements altogether.,Placement & Career Services,High,10,18,2,0,128
"The placement rules are not always explained clearly, but students are still expected to face the consequences.",Placement & Career Services,Medium,10,17,1,0,111
It feels like the placement team creates unnecessary pressure around mandatory drives instead of supporting students properly.,Placement & Career Services,Medium,10,17,1,0,126
Some students are worried that mandatory placement policies could damage their freedom to choose their own path.,Placement & Career Services,Medium,10,17,1,0,112
The placement committee seems to care more about compliance than about student choice or well-being.,Placement & Career Services,High,10,15,2,0,100
"Students are discouraged from opting out of roles they do not want, even when those roles do not fit their career plans.",Placement & Career Services,Medium,10,22,1,0,120
Placement policies can make students feel trapped into applying for companies they never intended to join.,Placement & Career Services,Medium,10,16,1,0,106
The overall placement environment becomes stressful when students fear punishment for not following arbitrary placement rules.,Placement & Career Services,Medium,10,16,1,0,126
My wife stole our daughter’s college money over the years and now her whole future feels ruined because that money was supposed to help her study debt free,Fees,High,5,28,2,0,155
"Almost $170000 was missing from the college fund and it completely changed the trajectory of her life, which is honestly devastating",Fees,High,5,21,2,0,132
My dad stole my scholarship money months ago and now I’m working my ass off to make up the rest of it,Lost & Found,High,9,22,2,0,101
I got some of the scholarship money back through a family friend but the remaining loss is still affecting me badly,Lost & Found,High,9,21,2,0,115
Someone in university finance overpaid me by a decimal mistake and then kept insisting nothing was wrong even when I tried to correct it,Fees,Medium,5,24,1,0,136
I kept telling the finance office the reimbursement amount was wrong but they basically told me to accept it or leave,Fees,Medium,5,21,1,0,117
The reimbursement process was already stressful enough because the university had taken months to pay vendors before,Fees,Medium,5,17,1,0,116
I had to keep going to the student org finance office again and again just to ask about pending payment and it was exhausting,Fees,Medium,5,24,1,0,125
I lost trust in the system because even when I pointed out the error properly no one in the office seemed to care enough to fix it,Fees,Medium,5,27,1,0,130
My parents stole my college money and then still expected me to financially help them after everything they already took,Fees,High,5,20,2,0,120
It’s messed up that parents can steal money meant for college and then act like the student is selfish for refusing to give more,Fees,High,5,24,2,0,128
"A lot of this theft around college isn’t huge dramatic stuff, but people do steal small things like clothes, headphones, food, and devices",Lost & Found,Low,9,23,0,0,138
"I always hear people say theft on campus is low, but when it comes to expensive electronics it’s still something students worry about",Lost & Found,Low,9,23,0,0,133
"It’s frustrating that one stolen laptop can also mean losing important data and coursework, not just the device itself",Lost & Found,High,9,19,2,0,118
"When a laptop gets stolen the damage is bigger than people think because it can affect grades, work, and personal records too",Lost & Found,High,9,22,2,0,125
It’s honestly scary how easily college money can be taken by someone you trust and you don’t even realize until it’s too late,Fees,High,5,23,2,0,125
I feel robbed seeing money that was meant for education get used for someone else’s shopping and selfish spending,Fees,High,5,19,2,0,113
I tried to do the right thing with the reimbursement mistake but the office response made the whole thing confusing and stressful,Fees,Medium,5,22,1,0,129
"Even when students are honest about money issues in college systems, the administration can still handle it in the most careless way possible",Fees,Medium,5,23,1,0,141
"Theft of Apple products like MacBooks is common on campus, so I feel like I always have to keep my room locked and be careful about who I trust around my belongings",Lost & Found,Medium,9,32,1,0,164
"My wife stole our daughter’s college money over the years, and now her future is badly affected because that money was supposed to help her study without debt",Fees,High,5,28,2,0,158
"Almost 170000 dollars was missing from the college fund, and it completely changed her education plans which is honestly devastating",Fees,High,5,20,2,0,132
"My dad stole my scholarship money months ago, and now I am working nonstop just to cover the amount that was supposed to support my studies",Lost & Found,High,9,26,2,0,139
"I only got part of my scholarship money back through a family friend, and the remaining loss is still affecting my education and daily expenses",Lost & Found,High,9,25,2,0,143
"Someone in the university finance office overpaid my reimbursement because of a decimal mistake, and even after I pointed it out they kept saying there was no issue",Fees,Medium,5,28,1,0,164
"I repeatedly told the finance office that the reimbursement amount was wrong, but they basically told me to accept it or lose the payment completely",Fees,Medium,5,25,1,0,148
"The reimbursement process was already stressful because the university had delayed vendor payments for months before, and dealing with another finance issue made it worse",Fees,Medium,5,25,1,0,170
"I had to keep visiting the student organization finance office again and again just to ask about a pending payment, and the whole process was exhausting",Fees,Medium,5,26,1,0,152
"I lost trust in the finance system because even when I honestly reported the reimbursement error, no one in the office cared enough to correct it",Fees,Medium,5,26,1,0,145
"My parents stole money that was meant for my college education, and after all that they still expected me to financially support them which feels really unfair",Fees,High,5,27,2,0,159
It is honestly messed up that parents can take money saved for a student’s education and then act like the student is wrong for refusing to help them later,Fees,High,5,29,2,0,155
"A lot of college theft is not always huge, but students still lose things like clothes, headphones, food, and devices which is really frustrating",Lost & Found,Low,9,24,0,0,145
"People say campus theft is low, but when it comes to expensive electronics students still have real reasons to worry about losing their stuff",Lost & Found,Low,9,24,0,0,141
"When a laptop gets stolen, it is not just about losing the device because it can also mean losing important coursework, notes, and academic progress",Lost & Found,High,9,25,2,0,148
"A stolen laptop can seriously affect grades and project work because students may lose files, records, and months of academic effort in one moment",Lost & Found,High,9,24,2,0,146
It feels horrible seeing money meant for college education get stolen and spent on someone else’s shopping and selfish needs,Fees,High,5,20,2,0,124
College money being stolen by someone you trust is honestly scary because you may not even realize what happened until it is already too late,Fees,High,5,25,2,0,141
"I tried to do the right thing and report the reimbursement mistake, but the finance office handled it so carelessly that the whole situation became confusing and stressful",Fees,Medium,5,28,1,0,171
"Even when students are honest about financial mistakes, college administration can still handle the issue in a careless way that creates more stress",Fees,Medium,5,23,1,0,148
I missed some good companies during placements and now I feel unsatisfied with how things turned out.,Placement & Career Services,Low,10,17,0,0,101
Not getting the kind of company I wanted through campus placements has left me feeling disappointed.,Placement & Career Services,Low,10,16,0,0,100
Some students feel stuck with whatever offer they get because they are scared of ending up with nothing.,Placement & Career Services,Low,10,18,0,0,104
It can be discouraging when campus placements don’t match the kind of role a student was aiming for.,Placement & Career Services,Low,10,18,0,0,100
Placement outcomes can leave students feeling like they settled too early.,Placement & Career Services,Low,10,11,0,0,74
Some students keep wondering whether they should have waited for a better opportunity instead of taking the first offer.,Placement & Career Services,Low,10,19,0,0,120
It feels frustrating when the available campus roles do not align with what students actually prepared for.,Placement & Career Services,Low,10,17,0,0,107
Students can feel demotivated when their college placements do not reflect their effort or expectations.,Placement & Career Services,Low,10,15,0,0,104
The placement process can leave students second-guessing their decisions even after getting selected.,Placement & Career Services,Low,10,13,0,0,101
It is disappointing when the only campus options available feel too limited or too basic.,Placement & Career Services,Low,10,15,0,0,89
Some students feel like they missed their shot at better companies and now have to make peace with it.,Placement & Career Services,Low,10,19,0,0,102
The campus placement experience can feel underwhelming when students do not get roles they truly wanted.,Placement & Career Services,Low,10,16,0,0,104
Sometimes placements feel more like taking whatever is available than choosing a meaningful starting point.,Placement & Career Services,Low,10,15,0,0,107
Students may feel emotionally drained when they compare their own placement outcome with the opportunities they missed.,Placement & Career Services,Low,10,17,0,0,119
It can be hard to stay motivated when campus placements do not go the way students had hoped.,Placement & Career Services,Low,10,18,0,0,93
"I went for what was supposed to be a job interview, but it turned out to be a completely different kind of role from what was advertised.",Placement & Career Services,High,10,27,2,0,137
"The job description sounded professional, but the actual work was door-to-door sales, which felt like a total bait-and-switch.",Placement & Career Services,High,10,18,2,0,126
"I was told I was interviewing for an office or marketing role, but they pushed me into field sales instead.",Placement & Career Services,High,10,20,2,0,107
The interview process was so vague and misleading that I didn’t realize it was a scam until I was already trapped in it.,Placement & Career Services,High,10,23,2,0,120
I wasted an entire day shadowing someone for a job I never actually applied for.,Placement & Career Services,Medium,10,15,1,0,80
"They made the role sound respectable in the interview, but once I showed up it became obvious they were hiding the real nature of the job.",Placement & Career Services,High,10,26,2,0,138
"I was taken to a location far away from where I parked and had no easy way to leave, which made the whole experience feel deeply unsafe and manipulative.",Placement & Career Services,High,10,29,2,0,153
"The so-called interview was just a presentation to a room full of desperate job seekers, which immediately felt wrong.",Placement & Career Services,Medium,10,19,1,0,118
"I was offered a job after a text-based interview with almost no real screening, which was a huge red flag.",Placement & Career Services,High,10,20,2,0,106
"The company looked real online, but someone was actually impersonating them and trying to scam applicants.",Placement & Career Services,High,10,16,2,0,106
"I was asked to pay for my own background check through a suspicious link, which was clearly an attempt to steal my payment details.",Placement & Career Services,High,10,24,2,0,131
"They promised easy work, travel, and training, but when I showed up the reality was completely different from what they sold me.",Placement & Career Services,High,10,22,2,0,128
"The interviewer couldn’t even explain the actual job properly, which made it obvious they were just trying to lure people in.",Placement & Career Services,Medium,10,21,1,0,125
"I applied for an administrative or office role, but the interview turned into a pitch for MLM-style sales work.",Placement & Career Services,High,10,19,2,0,111
"I was promised a legitimate entry-level role, but the company was really just trying to recruit people into commission-based selling.",Placement & Career Services,High,10,20,2,0,133
I realized something was wrong when the interview questions were unrealistically easy and didn’t actually test anything relevant.,Placement & Career Services,Low,10,18,0,0,129
"The whole hiring process felt cult-like, with lots of hype and talk about money but very little clarity about the real work.",Placement & Career Services,Medium,10,22,1,0,124
"They expected me to use my own phone, laptop, or resources for job-related cold calling, which felt unreasonable.",Placement & Career Services,Medium,10,18,1,0,113
"I was asked personal and inappropriate questions in what was supposed to be a professional interview, which was disturbing and unacceptable.",Placement & Career Services,High,10,21,2,0,140
"The recruiter tried to turn a normal job interview into something exploitative and unsafe, which made me feel angry and violated.",Placement & Career Services,High,10,21,2,0,129
"The company couldn’t explain basic employment paperwork or pay structure, which made it obvious they were not running a legitimate job.",Placement & Career Services,High,10,21,2,0,135
I ended up doing exhausting work for very little money because the role was misrepresented from the start.,Placement & Career Services,High,10,18,2,0,106
"Some scam jobs target young graduates who are desperate and inexperienced, making it easier to trick them.",Placement & Career Services,Medium,10,17,1,0,106
"The office setup itself looked temporary and unprofessional, which made it clear they weren’t a stable or serious employer.",Placement & Career Services,Low,10,19,0,0,123
I got the sense that the company was more interested in recruiting anyone quickly than in actually hiring the right person.,Placement & Career Services,Medium,10,21,1,0,123
Fake or fraudulent candidates are making the remote hiring process frustrating and unreliable for real applicants too.,Placement & Career Services,Medium,10,17,1,0,118
Genuine candidates are getting buried because fraudulent resumes are flooding remote job applications.,Placement & Career Services,High,10,13,2,0,102
It is frustrating that fake applicants with AI-generated resumes are getting interview slots while real candidates are ignored.,Placement & Career Services,High,10,18,2,0,127
"Hiring systems seem too easy to manipulate, which is hurting both employers and honest job seekers.",Placement & Career Services,Medium,10,16,1,0,99
Real candidates are losing opportunities because automated filters and fake applications are overwhelming the hiring process.,Placement & Career Services,High,10,16,2,0,125
I realized something was off when the interview questions were unrealistically easy and barely related to the actual role.,Placement & Career Services,Low,10,19,0,0,122
"The office setup looked temporary and unprofessional, which made the company feel unreliable.",Placement & Career Services,Low,10,13,0,0,93
The so-called interview felt more like a generic presentation than a proper hiring process.,Placement & Career Services,Low,10,14,0,0,91
I got suspicious when too many people were being addressed together instead of being interviewed individually.,Placement & Career Services,Low,10,16,0,0,110
The hiring process felt vague because they never clearly explained what the actual day-to-day work would be.,Placement & Career Services,Low,10,17,0,0,108
I found it odd that the recruiter focused more on hype and enthusiasm than on my qualifications or experience.,Placement & Career Services,Low,10,19,0,0,110
The company seemed more interested in quickly attracting applicants than in seriously evaluating them.,Placement & Career Services,Low,10,14,0,0,102
The interview process felt poorly structured and not like something a professional employer would normally run.,Placement & Career Services,Low,10,16,0,0,111
I was uncomfortable that the role details kept changing as the process went on.,Placement & Career Services,Low,10,14,0,0,79
"The whole experience felt confusing because the job title sounded formal, but the process didn’t match it.",Placement & Career Services,Low,10,17,0,0,106
It was strange that they were ready to move forward so quickly without asking many meaningful questions.,Placement & Career Services,Low,10,17,0,0,104
I felt the company was using flashy promises instead of giving a realistic picture of the role.,Placement & Career Services,Low,10,17,0,0,95
The interview environment itself gave the impression that something wasn’t being explained honestly.,Placement & Career Services,Low,10,13,0,0,100
It felt unprofessional that they could not clearly describe the role from the beginning.,Placement & Career Services,Low,10,14,0,0,88
The process raised doubts because it seemed designed to attract desperate job seekers rather than informed candidates.,Placement & Career Services,Low,10,17,0,0,118
"It’s honestly shocking that after using a fire extinguisher, they just put the empty one back instead of replacing it. That’s extremely unsafe.",Infrastructure,High,7,23,2,0,143
"Management knowingly kept a used fire extinguisher on the wall, which could put everyone at risk during an emergency.",Infrastructure,High,7,19,2,0,117
"I’m really worried because if they are careless with something as basic as fire safety, who knows what other safety rules they are ignoring.",Infrastructure,High,7,24,2,0,140
"There seems to be a complete lack of proper fire safety practices in the workplace, which makes the environment feel unsafe.",Infrastructure,High,7,21,2,0,124
"It feels like safety is being compromised just to save money, which is honestly unacceptable.",Infrastructure,High,7,15,2,0,93
"There is no assurance that emergency equipment is functional, which makes the workplace dangerous in case of a fire.",Infrastructure,High,7,19,2,0,116
I don’t feel safe knowing that essential safety equipment might not work when actually needed.,Infrastructure,High,7,15,2,0,94
"The company seems to be ignoring basic fire safety regulations, which could lead to serious consequences.",Infrastructure,High,7,16,2,0,105
It’s concerning that safety checks and maintenance of equipment are not being taken seriously.,Infrastructure,High,7,14,2,0,94
This kind of negligence could easily turn a small incident into a major disaster and cause major damage in infrastructure,Infrastructure,High,7,20,2,0,121
The equipment and facilities in the workplace feel outdated and not well-maintained.,Infrastructure,Low,7,12,0,0,84
The overall condition of safety equipment makes the place look poorly managed.,Infrastructure,Low,7,12,0,0,78
The workplace environment gives off a careless attitude towards infrastructure upkeep.,Infrastructure,Low,7,11,0,0,86
It feels like basic facility standards are not being properly maintained.,Infrastructure,Low,7,11,0,0,73
It looks like proper maintenance of safety equipment is not being followed regularly.,Infrastructure,Medium,7,13,1,0,85
There doesn’t seem to be any system to check whether safety tools are working properly.,Infrastructure,Medium,7,15,1,0,87
The workplace gives the impression that safety procedures are not properly enforced.,Infrastructure,Medium,7,12,1,0,84
"Honestly, a lot of the equipment around here just looks really old and like it hasn’t been updated in years.",Infrastructure,Low,7,20,0,0,108
Sometimes it feels like nobody really checks whether things are in proper working condition until something goes wrong.,Infrastructure,Low,7,18,0,0,119
The overall maintenance of facilities doesn’t seem consistent at all.,Infrastructure,Low,7,10,0,0,69
I’ve noticed that basic things around the workplace are often left as-is without proper fixing.,Infrastructure,Low,7,15,0,0,95
It kind of feels like infrastructure issues are ignored unless someone complains multiple times.,Infrastructure,Low,7,14,0,0,96
"There isn’t much attention given to small maintenance issues, and they just keep piling up.",Infrastructure,Low,7,15,0,0,91
The condition of some equipment makes the place feel poorly managed overall.,Infrastructure,Low,7,12,0,0,76
I feel like regular inspections or checks are either not happening or not taken seriously.,Infrastructure,Low,7,15,0,0,90
Even simple things that could be fixed quickly tend to be delayed for no clear reason.,Infrastructure,Low,7,16,0,0,86
The general upkeep of the workplace could definitely be better with more attention to detail.,Infrastructure,Low,7,15,0,0,93
"I’ve noticed that the food I keep in the shared fridge keeps disappearing, and it’s really frustrating.",Lost & Found,Low,9,17,0,0,103
"Someone took my snacks from the hostel fridge without even asking me, which feels very disrespectful.",Lost & Found,Low,9,16,0,0,101
It seems like someone is using my groceries regularly without my permission.,Lost & Found,Low,9,12,0,0,76
"Small things like my pens and notebooks keep going missing from my desk, and I don’t know who’s taking them.",Lost & Found,Low,9,20,0,0,108
"My water bottle was taken and later returned without informing me, which made me uncomfortable.",Lost & Found,Low,9,15,0,0,95
People keep taking items from the common area and never bother to put them back properly.,Lost & Found,Low,9,16,0,0,89
"Whenever I leave something in the classroom, there’s a chance it won’t be there when I return.",Lost & Found,Low,9,17,0,0,94
"My lunch went missing from the fridge again, and this keeps happening quite often.",Lost & Found,Low,9,14,0,0,82
"Some people keep borrowing my things without asking, and it’s getting really annoying.",Lost & Found,Low,9,13,0,0,86
"Even inside the hostel room, my personal items are sometimes moved or missing without any explanation.",Lost & Found,Low,9,16,0,0,102
"Even after clearly telling my roommate not to take my groceries, they keep disappearing, which is really upsetting.",Lost & Found,Medium,9,18,1,0,115
"My makeup and personal items have been going missing from my room, and I feel uncomfortable about it.",Lost & Found,Medium,9,18,1,0,101
"My roommate keeps taking my belongings and then denies it when I ask, which is very frustrating.",Lost & Found,Medium,9,17,1,0,96
I’ve had to start locking all my belongings because things were getting stolen repeatedly.,Lost & Found,Medium,9,14,1,0,90
"Someone keeps taking food from the fridge again and again but never replaces it, which is unfair.",Lost & Found,Medium,9,17,1,0,97
"I was so concerned that I installed a small camera, and it clearly showed my roommate taking my groceries.",Lost & Found,Medium,9,19,1,0,106
"My belongings have gone missing multiple times in the hostel, and I don’t feel secure anymore.",Lost & Found,Medium,9,16,1,0,94
It feels like anything kept in the common fridge is not safe at all.,Lost & Found,Medium,9,14,1,0,68
"My personal things have been taken without permission several times, and it keeps happening.",Lost & Found,Medium,9,14,1,0,92
"Whenever I report missing items in the hostel, the complaints are not taken seriously at all.",Lost & Found,Medium,9,16,1,0,93
"My laptop was stolen from the library reading room, and it’s a huge loss for me.",Lost & Found,High,9,16,2,0,80
"Even after reporting the theft, the security team did not take proper action, which is very disappointing.",Lost & Found,High,9,17,2,0,106
No one even bothered to check the CCTV footage after my laptop was stolen.,Lost & Found,High,9,14,2,0,74
"The principal’s office did not file an FIR even after I reported the theft, which feels very unfair.",Lost & Found,High,9,18,2,0,100
I don’t feel that valuable items are safe anywhere inside the campus.,Lost & Found,High,9,12,2,0,69
"There is no proper lost-and-found system in the college, which makes situations like this worse.",Lost & Found,High,9,15,2,0,96
"Theft cases are not being investigated seriously, and students are left helpless.",Lost & Found,High,9,12,2,0,81
Important belongings that are lost in the campus are rarely recovered.,Lost & Found,High,9,11,2,0,70
The response from security after reporting theft is extremely slow and ineffective.,Lost & Found,High,9,12,2,0,83
"Because of all this, students like me don’t feel safe keeping valuable items in the library or hostel anymore.",Lost & Found,High,9,19,2,0,110
"My phone got stolen during the exam, and there was absolutely no CCTV footage available to check what happened.",Lost & Found,High,9,19,2,0,111
"Around 20–25 phones were stolen at once, and still no proper explanation or action from the college side.",Lost & Found,High,9,18,2,0,105
It’s really concerning that someone could steal so many phones in broad daylight without being noticed by anyone.,Lost & Found,High,9,18,2,0,113
"The college didn’t have working CCTV cameras in such an important area, which made it impossible to identify the thief.",Lost & Found,High,9,20,2,0,119
"My bike was stolen overnight, and there were no cameras or security measures to help track it.",Lost & Found,High,9,17,2,0,94
"Even after reporting the theft to the police, they didn’t take it seriously or even check my complaint properly.",Lost & Found,High,9,19,2,0,112
"My friend’s laptop was stolen from college, and there was no proper investigation or accountability from the management.",Lost & Found,High,9,18,2,0,120
"Multiple laptops were stolen from the same floor, which clearly shows a serious lack of security on campus.",Lost & Found,High,9,18,2,0,107
The thief was able to enter and exit easily because there were blind spots with no CCTV coverage near the staircase.,Lost & Found,High,9,21,2,0,116
It feels unsafe knowing that such thefts can happen so easily inside campus without any strict monitoring.,Lost & Found,High,9,17,2,0,106
The police just asked me to write a complaint on paper and didn’t even bother to properly review it.,Lost & Found,Medium,9,19,1,0,100
"Even when a stolen phone was tracked to a location, no timely action was taken to recover it.",Lost & Found,Medium,9,18,1,0,93
"There is no proper system in place to safely store phones during exams, which makes it easy for thefts to happen.",Lost & Found,Medium,9,21,1,0,113
It’s frustrating that students have to leave their belongings outside without any supervision during exams.,Lost & Found,Medium,9,15,1,0,107
The college security seems weak since no one noticed someone opening multiple bags and stealing items.,Lost & Found,Medium,9,16,1,0,102
"Some areas in the campus are completely unmonitored, which creates opportunities for theft.",Lost & Found,Medium,9,13,1,0,91
"There was no proper follow-up from authorities after the theft incident, leaving students confused.",Lost & Found,Medium,9,14,1,0,99
"Even after multiple thefts, no strict preventive measures were introduced by the college.",Lost & Found,Medium,9,13,1,0,89
It’s honestly surprising how common phone and laptop thefts have become in colleges.,Lost & Found,Low,9,13,0,0,84
Students are usually left on their own to deal with lost items without much support.,Lost & Found,Low,9,15,0,0,84
There is very little awareness or guidance given on how to protect belongings on campus.,Lost & Found,Low,9,15,0,0,88
It feels like losing personal items is just treated as a normal thing instead of being taken seriously.,Lost & Found,Low,9,18,0,0,103
Sometimes it feels like you just have to accept the loss because recovery chances are very low.,Lost & Found,Low,9,17,0,0,95
"There are no basic facilities like lockers provided, even though such incidents keep happening.",Lost & Found,Low,9,14,0,0,95
People don’t feel confident reporting theft because they think nothing will actually happen.,Lost & Found,Low,9,13,0,0,92
I can’t believe something this serious happened during an exam and no one from the staff noticed anything at all.,Lost & Found,High,9,20,2,0,113
It’s really upsetting that the college didn’t have any backup security measures when CCTV wasn’t working.,Lost & Found,High,9,16,2,0,105
Losing such expensive devices in one incident has affected so many students financially and emotionally.,Lost & Found,High,9,15,2,0,104
"The fact that the thief selectively took items from specific areas shows this was planned, not random.",Lost & Found,High,9,17,2,0,102
"There was clearly a security loophole in the building, but no one seems to be addressing it properly.",Lost & Found,High,9,18,2,0,101
"It’s frustrating that even after such a large theft, there is no clear communication from the college about next steps.",Lost & Found,High,9,20,2,0,119
The lack of accountability from both the college and authorities makes the situation even worse.,Lost & Found,High,9,15,2,0,96
It feels like student safety is being ignored until something major like this happens.,Lost & Found,High,9,14,2,0,86
"Someone was able to access student belongings during an exam, which should have been a controlled environment.",Lost & Found,High,9,17,2,0,110
The incident shows how easy it is for outsiders or even insiders to exploit weak campus security.,Lost & Found,High,9,17,2,0,97
There should have been at least one staff member monitoring the area where bags were kept.,Lost & Found,Medium,9,16,1,0,90
It’s disappointing that basic precautions like restricting access to certain areas weren’t followed.,Lost & Found,Medium,9,13,1,0,100
"Students had no option but to leave their valuables unattended, which is not a safe system.",Lost & Found,Medium,9,16,1,0,91
The college should have immediately coordinated with police instead of delaying the response.,Lost & Found,Medium,9,13,1,0,93
There’s no proper reporting or tracking system within the campus for stolen items.,Lost & Found,Medium,9,13,1,0,82
"Even after incidents like this, nothing changes in how things are managed during exams.",Lost & Found,Medium,9,14,1,0,87
It’s confusing because no one clearly explained what students are supposed to do after such losses.,Lost & Found,Medium,9,16,1,0,99
The way complaints are handled makes it feel like the process is just a formality.,Lost & Found,Medium,9,15,1,0,82
"Security seems more reactive than preventive, which is a problem in situations like this.",Lost & Found,Medium,9,14,1,0,89
Students are left guessing whether any investigation is actually happening or not.,Lost & Found,Medium,9,12,1,0,82
It’s kind of worrying how easily people can walk in and out without being questioned.,Lost & Found,Low,9,15,0,0,85
I feel like we’ve gotten too used to keeping our things casually without thinking about safety.,Lost & Found,Low,9,16,0,0,95
There isn’t much guidance given to students on how to secure their belongings during exams.,Lost & Found,Low,9,15,0,0,91
Incidents like this make you feel like you always have to be extra careful on campus.,Lost & Found,Low,9,16,0,0,85
The overall system feels a bit careless when it comes to handling personal belongings.,Lost & Found,Low,9,14,0,0,86
It’s disappointing that such issues only get attention after something major happens.,Lost & Found,Low,9,12,0,0,85
"Students are often blamed indirectly for not being careful, even when systems fail.",Lost & Found,Low,9,13,0,0,83
There’s a general lack of trust now when leaving things unattended even for a short time.,Lost & Found,Low,9,16,0,0,89
It feels like awareness about theft prevention is not taken seriously enough.,Lost & Found,Low,9,12,0,0,77
Small security gaps that go unnoticed can eventually lead to bigger problems like this.,Lost & Found,Low,9,14,0,0,87
"My phone was stolen on a crowded bus in just a few seconds, and I didn’t even realize it until the thieves had already gotten off.",Lost & Found,High,9,26,2,0,130
"It’s terrifying how organized these pickpocket gangs are, they work in groups and target people so smoothly that you don’t even feel it happening.",Lost & Found,High,9,24,2,0,146
"I lost my phone while commuting to college, and it had all my notes, academic work, and personal photos on it.",Lost & Found,High,9,21,2,0,110
"Even after filing a report immediately, it feels like there is very little hope of actually recovering a stolen phone.",Lost & Found,High,9,20,2,0,118
These thefts are happening so often on public transport that students don’t even feel safe carrying their phones normally anymore.,Lost & Found,High,9,20,2,0,130
"My friend’s phone was stolen in almost the exact same way, which makes it obvious this is not random but a repeated pattern.",Lost & Found,High,9,23,2,0,124
It’s really disturbing that pickpocket gangs are operating openly around college routes and transport hubs without being stopped.,Lost & Found,High,9,18,2,0,129
"My phone was traceable for a while, but because the thief kept moving, there was no practical way to recover it in time.",Lost & Found,High,9,23,2,0,120
It feels awful knowing that one small moment in a crowded bus was enough to lose something so important and expensive.,Lost & Found,High,9,21,2,0,118
"Students are becoming easy targets during daily travel, especially on crowded college routes.",Lost & Found,High,9,13,2,0,93
"I had to learn the hard way that keeping a phone in my pocket, even briefly, is enough for it to get stolen in crowded transport.",Lost & Found,Medium,9,26,1,0,129
It’s frustrating that people have to completely change how they carry basic things like phones and wallets just to avoid theft.,Lost & Found,Medium,9,21,1,0,127
Public transport feels unreliable when you have to stay constantly alert just to protect your belongings.,Lost & Found,Medium,9,16,1,0,105
"I’ve noticed that these thefts don’t just happen in crowded buses, they also happen in less crowded ones, which makes it even more stressful.",Lost & Found,Medium,9,24,1,0,141
"Even when someone senses the theft quickly, recovery still depends mostly on luck.",Lost & Found,Medium,9,13,1,0,82
It’s disappointing that commuting for college now comes with this constant fear of losing your belongings.,Lost & Found,Medium,9,16,1,0,106
These incidents make it feel like normal travel precautions are no longer enough.,Lost & Found,Medium,9,13,1,0,81
There is very little confidence that reporting the theft will actually lead to meaningful action.,Lost & Found,Medium,9,15,1,0,97
"Losing a phone during transit doesn’t just mean losing money, it also disrupts studies and daily life.",Lost & Found,Medium,9,17,1,0,102
It’s frustrating that students have to depend on backup phones or old devices because theft during travel has become so common.,Lost & Found,Medium,9,21,1,0,127
I didn’t realize how common phone theft was on college routes until it happened so close to me.,Lost & Found,Low,9,18,0,0,95
It’s worrying that these gangs seem to know exactly when and where students are most vulnerable.,Lost & Found,Low,9,16,0,0,96
I now feel like I have to be overly cautious every single time I take a bus.,Lost & Found,Low,9,17,0,0,76
Something as simple as paying bus fare or adjusting your bag can become the moment you lose your phone.,Lost & Found,Low,9,19,0,0,103
It’s sad that students have started accepting theft on public transport as something normal.,Lost & Found,Low,9,14,0,0,92
"I’ve become much less comfortable carrying valuables while traveling, even for short distances.",Lost & Found,Low,9,13,0,0,95
It feels unfair that everyday commuting has become this stressful just because theft is so common.,Lost & Found,Low,9,16,0,0,98
The constant advice to hide everything deep inside a bag shows how little trust people have in public transport safety now.,Lost & Found,Low,9,21,0,0,123
Incidents like this make you second-guess even simple routines like taking the bus to college.,Lost & Found,Low,9,15,0,0,94
"It’s disappointing that so many students have similar stories, which means this problem is far too common.",Lost & Found,Low,9,17,0,0,106
"My college is refusing to return my original marksheet even after I left the course, and it’s putting my future at risk.",Lost & Found,High,9,22,2,0,120
"I had submitted my original documents at the time of admission, and now the college is withholding them because I quit the course midway.",Lost & Found,High,9,24,2,0,137
"The college is effectively using my original marksheet to pressure me over remaining course fees, which feels completely unfair.",Lost & Found,High,9,19,2,0,128
"I’m stuck because my own academic documents are with the college, and I can’t move forward properly without them.",Lost & Found,High,9,19,2,0,113
It’s really stressful to have my original marks card held back by the college when those documents belong to me.,Lost & Found,High,9,20,2,0,112
"I was young and didn’t know better when I handed over my original documents, but that doesn’t make it right for the college to keep them now.",Lost & Found,Medium,9,27,1,0,141
"My parents and I were not properly guided at the time of admission, and now I’m facing the consequences of giving the college my originals.",Lost & Found,Medium,9,25,1,0,139
"I feel helpless because even after paying my first-year fees, the college is still not returning my original marksheet after I dropped out.",Lost & Found,High,9,23,2,0,139
It’s frustrating that students are often forced to submit original documents during admission and later struggle to get them back.,Lost & Found,Medium,9,20,1,0,130
The whole situation makes me feel like the college is taking advantage of students who don’t know their rights.,Lost & Found,Medium,9,19,1,0,111
I’m tired of fighting with the college just to get back documents that should never have been withheld in the first place.,Lost & Found,Medium,9,22,1,0,122
It’s upsetting that something as basic as getting back your own marksheet becomes such a difficult fight with college authorities.,Lost & Found,Medium,9,20,1,0,130
I shouldn’t have to think about getting duplicate documents made just because the college refuses to return my originals.,Lost & Found,Medium,9,19,1,0,121
"The fact that students have to go through police complaints, grievance emails, or legal threats just to recover their own documents is ridiculous.",Lost & Found,High,9,23,2,0,146
It feels wrong that colleges can create so much anxiety for students by not returning essential academic records on time.,Lost & Found,Medium,9,20,1,0,121
This situation has made me realize how vulnerable students are when institutions hold on to original records.,Lost & Found,Low,9,17,0,0,109
"The process is exhausting because instead of helping, the college is making me run from one office to another for my own documents.",Lost & Found,Medium,9,23,1,0,131
"I feel stuck because without my original marksheet, even simple academic or admission-related plans become difficult.",Lost & Found,High,9,16,2,0,117
It’s disappointing that colleges still do this even though students trust them with important personal documents.,Lost & Found,Medium,9,16,1,0,113
Something as important as an original marks card should never be treated like a bargaining tool by a college.,Lost & Found,High,9,19,2,0,109
I didn’t even realize how serious it was to submit original documents until I needed them back and couldn’t get them.,Lost & Found,Medium,9,21,1,0,117
"The college never clearly told us the risks of submitting original certificates, and now we’re the ones suffering.",Lost & Found,Medium,9,18,1,0,114
"Every time I ask about my marksheet, they keep delaying and giving vague answers instead of actually helping.",Lost & Found,Medium,9,18,1,0,109
I feel like I’m being ignored by the administration whenever I bring up the issue of my documents.,Lost & Found,Medium,9,18,1,0,98
It’s unfair that I’m being treated like I did something wrong just for asking for my own documents back.,Lost & Found,Medium,9,19,1,0,104
I’m worried that my documents might get lost or damaged while they’re still with the college.,Lost & Found,High,9,16,2,0,93
"There is no proper tracking system, so I have no idea where exactly my documents are being kept.",Lost & Found,High,9,18,2,0,96
"The office staff behaves like it’s a small issue, but for me, it’s something that affects my entire future.",Lost & Found,Medium,9,19,1,0,107
I feel completely dependent on the college just to access my own academic records.,Lost & Found,Medium,9,14,1,0,82
It’s frustrating how casually they handle such important documents like marksheets and certificates.,Lost & Found,Medium,9,13,1,0,100
"I’m scared that if I push too much, they might create more problems instead of helping me.",Lost & Found,High,9,17,2,0,90
The lack of transparency about document handling is making the whole situation worse.,Lost & Found,Medium,9,13,1,0,85
I shouldn’t have to keep visiting the campus multiple times just to follow up on getting my documents back.,Lost & Found,Medium,9,19,1,0,107
"Every visit to the office ends with “come next week,” and nothing actually progresses.",Lost & Found,Medium,9,14,1,0,86
It feels like they are deliberately delaying the process so that I give up or pay extra money.,Lost & Found,High,9,18,2,0,94
I regret trusting the college with my original documents because now I have no control over them.,Lost & Found,Medium,9,17,1,0,97
"There’s no clear procedure or timeline mentioned for returning documents, which makes everything uncertain.",Lost & Found,Medium,9,14,1,0,107
I feel anxious because I need those documents urgently for admissions or job applications.,Lost & Found,High,9,14,2,0,90
The college doesn’t seem to understand how important deadlines are when it comes to these documents.,Lost & Found,High,9,16,2,0,100
I had to put my plans on hold just because I don’t have access to my original marksheet.,Lost & Found,High,9,18,2,0,88
It’s exhausting to keep explaining the same issue to different staff members every time I visit.,Lost & Found,Low,9,16,0,0,96
"Nobody in the administration takes ownership of the issue, they just keep passing me around.",Lost & Found,Medium,9,15,1,0,92
I feel like students are not taken seriously when it comes to document-related issues.,Lost & Found,Medium,9,14,1,0,86
The whole system feels outdated and inefficient when something as basic as document return becomes this complicated.,Lost & Found,Medium,9,17,1,0,116
"I worry that if I don’t take action soon, I might permanently lose access to my documents.",Lost & Found,High,9,17,2,0,90
It’s disappointing that I have to think about legal action just to get my own certificates back.,Lost & Found,High,9,17,2,0,96
"I expected the college to support students, but instead it feels like they are creating unnecessary obstacles.",Lost & Found,Medium,9,17,1,0,110
"Even after multiple requests, there is no proper written response from the college regarding my documents.",Lost & Found,Medium,9,16,1,0,106
I feel helpless because I don’t know the right authority to approach to solve this issue.,Lost & Found,Medium,9,16,1,0,89
The entire experience has made me lose trust in the institution.,Lost & Found,Low,9,11,0,0,64
I keep getting different instructions from different staff about how to collect my documents.,Lost & Found,Low,9,14,0,0,93
The office timings are so limited that it’s hard to even follow up on my document issue.,Lost & Found,Low,9,17,0,0,88
"Every time I go to the office, the concerned person is either unavailable or on leave.",Lost & Found,Low,9,16,0,0,86
I had to stand in long queues just to ask about my documents and still got no clear answer.,Lost & Found,Low,9,19,0,0,91
The staff asks me to bring the same documents again and again even though I already submitted them.,Lost & Found,Low,9,18,0,0,99
There’s no proper communication about when the documents will be returned.,Lost & Found,Low,9,11,0,0,74
I had to take permission and skip my other work just to visit the college for this issue.,Lost & Found,Low,9,18,0,0,89
The process feels unnecessarily slow for something that should be simple.,Lost & Found,Low,9,11,0,0,73
I wasn’t given any receipt or acknowledgment when I submitted my original documents.,Lost & Found,Low,9,13,0,0,84
It’s confusing because no one clearly explains the procedure to get back the documents.,Lost & Found,Low,9,14,0,0,87
I keep getting redirected from one department to another without any proper help.,Lost & Found,Low,9,13,0,0,81
"The staff sometimes talks casually about the issue, which makes it feel like it’s not important to them.",Lost & Found,Low,9,18,0,0,104
I had to repeatedly call and email just to get a small update on my documents.,Lost & Found,Low,9,16,0,0,78
"There’s no online system to track document requests, everything is manual and slow.",Lost & Found,Low,9,13,0,0,83
I had to spend extra money on travel just to follow up on this issue multiple times.,Lost & Found,Low,9,17,0,0,84
The whole process is tiring even though the issue itself should be straightforward.,Lost & Found,Low,9,13,0,0,83
Sometimes I feel like I’m bothering them just by asking about my own documents.,Lost & Found,Low,9,14,0,0,79
The instructions keep changing every time I visit the office and not clear,Lost & Found,Low,9,13,0,0,74
I wasn’t informed earlier about the exact steps required to retrieve my documents.,Lost & Found,Low,9,13,0,0,82
It takes too much time just to get a small update from the administration.,Lost & Found,Low,9,14,0,0,74
The lack of coordination between departments is making the process slower.,Lost & Found,Low,9,11,0,0,74
The office environment feels unorganized when handling document-related queries.,Lost & Found,Low,9,9,0,0,80
Even simple queries about document status are not answered properly.,Lost & Found,Low,9,10,0,0,68
I feel like the process could be much smoother if they had a proper system in place.,Lost & Found,Low,9,17,0,0,84
My school moved my belongings without my consent and now an irreplaceable personal item is missing.,Lost & Found,High,9,16,2,0,99
"I clearly told the school not to touch my belongings, but they ignored me and handled everything anyway.",Lost & Found,High,9,18,2,0,104
"Something deeply sentimental, made by my late parent, has gone missing because of the school’s carelessness.",Lost & Found,High,9,16,2,0,108
The college handled my belongings without permission and now I’ve lost something that can never be replaced.,Lost & Found,High,9,17,2,0,108
I feel devastated knowing that something with emotional value is gone due to someone else’s negligence.,Lost & Found,High,9,16,2,0,103
The administration took control of my belongings and failed to ensure their safety.,Lost & Found,High,9,13,2,0,83
"I wasn’t even given a choice, they just packed and moved my things and now items are missing.",Lost & Found,High,9,18,2,0,93
Losing something sentimental hurts more because it could have been avoided if they had respected my request.,Lost & Found,High,9,17,2,0,108
"I trusted the school to handle my belongings responsibly, but they ended up losing something priceless.",Lost & Found,High,9,16,2,0,103
The fact that they ignored my warning and still lost my item makes it even more frustrating.,Lost & Found,High,9,17,2,0,92
"I had no control over my own belongings, and now I’m dealing with the consequences of their actions.",Lost & Found,High,9,18,2,0,100
It’s unbearable knowing that something tied to my father is gone because of their negligence.,Lost & Found,High,9,15,2,0,93
I feel angry and helpless because no compensation can replace what I lost.,Lost & Found,High,9,13,2,0,74
The school treated my personal belongings like they didn’t matter at all.,Lost & Found,High,9,12,2,0,73
I feel like my emotional loss is being completely dismissed just because it doesn’t have monetary value.,Lost & Found,High,9,17,2,0,104
It took multiple follow-ups just to get a response from the housing department about my missing item.,Lost & Found,Medium,9,17,1,0,101
"The administration delayed responding to my complaint, which made the situation even more frustrating.",Lost & Found,Medium,9,14,1,0,102
I had to keep pestering them just to acknowledge that my item was missing.,Lost & Found,Medium,9,14,1,0,74
There was no proper communication from the school while they were handling our belongings.,Lost & Found,Medium,9,14,1,0,90
I was not informed clearly about how my belongings would be handled during the move.,Lost & Found,Medium,9,15,1,0,84
The process of retrieving my belongings was disorganized and confusing.,Lost & Found,Medium,9,10,1,0,71
I wasn’t given any assurance that my items would be handled carefully during the move.,Lost & Found,Medium,9,15,1,0,86
The school didn’t provide any proper tracking or inventory of my belongings.,Lost & Found,Medium,9,12,1,0,76
"I had to rely on their word that everything was returned, only to later realize something important was missing.",Lost & Found,Medium,9,19,1,0,112
It’s frustrating that they only started searching seriously after repeated complaints.,Lost & Found,Medium,9,11,1,0,86
The lack of urgency from the administration made me feel like my issue wasn’t important.,Lost & Found,Medium,9,15,1,0,88
I expected better coordination from the housing department during such a large move.,Lost & Found,Medium,9,13,1,0,84
The way they handled student belongings feels careless and unorganized.,Lost & Found,Medium,9,10,1,0,71
I feel like they didn’t take enough responsibility while handling our personal items.,Lost & Found,Medium,9,13,1,0,85
I wasn’t properly updated about when and how my belongings would be moved.,Lost & Found,Low,9,13,0,0,74
The communication from the school during this process was unclear and confusing.,Lost & Found,Low,9,12,0,0,80
"I had to depend on emails for updates, which were not timely or helpful.",Lost & Found,Low,9,14,0,0,72
It’s frustrating how slow the response was when I reported my missing item.,Lost & Found,Low,9,13,0,0,75
The process of getting information from the administration felt unnecessarily difficult.,Lost & Found,Low,9,11,0,0,88
I feel like the whole system for handling belongings could have been better organized.,Lost & Found,Low,9,14,0,0,86
I wasn’t given clear instructions on what would happen to my belongings during the move.,Lost & Found,Low,9,15,0,0,88
The entire experience felt poorly managed from start to finish.,Lost & Found,Low,9,10,0,0,63
I expected better communication from the school during such a situation.,Lost & Found,Low,9,11,0,0,72
"Even simple updates required multiple follow-ups, which was exhausting.",Lost & Found,Low,9,9,0,0,71
"The handling process lacked clarity, which made it hard to trust the system.",Lost & Found,Low,9,13,0,0,76
I feel like better planning could have avoided all this confusion.,Lost & Found,Low,9,11,0,0,66
The school moved my dorm belongings without my consent and something deeply irreplaceable went missing.,Lost & Found,High,9,15,2,0,103
"I had specifically asked them not to touch my things, but they ignored me and still handled everything.",Lost & Found,High,9,18,2,0,103
An item made by my late father disappeared after the school packed and moved my belongings.,Lost & Found,High,9,16,2,0,91
The school’s carelessness caused me to lose something that had enormous emotional value to me.,Lost & Found,High,9,15,2,0,94
They handled my personal belongings without permission and now something priceless is gone.,Lost & Found,High,9,13,2,0,91
"I trusted the school to keep my belongings safe, and instead they lost one of the most meaningful things I owned.",Lost & Found,High,9,21,2,0,113
"I was forced to leave my things outside class because of a professor’s rule, and then all of them were stolen.",Lost & Found,High,9,21,2,0,110
The professor made students leave their bags unattended and then failed to ensure they were safe.,Lost & Found,High,9,16,2,0,97
"My friend lost her laptop, backpack, wallet, homework, and school materials because the professor forced everyone to leave their things outside.",Lost & Found,High,9,21,2,0,144
A whole class lost their belongings because no one took responsibility for protecting them after students were told to leave them outside.,Lost & Found,High,9,22,2,0,138
My handbag with original ID documents and important papers was stolen in broad daylight from my car.,Lost & Found,High,9,17,2,0,100
"I lost original Aadhaar, PAN, DL, bank card, and other important documents all at once, and now I’m stuck figuring everything out.",Lost & Found,High,9,22,2,0,130
My bike was stolen from outside my PG and the police didn’t seem serious about the complaint at all.,Lost & Found,High,9,19,2,0,100
"I reported my stolen bike the same day, but the police barely paid attention and just told me to leave a letter.",Lost & Found,High,9,22,2,0,112
My friend’s laptop was stolen from college campus and it’s shocking that something this serious could happen so easily.,Lost & Found,High,9,19,2,0,119
"Two laptops were stolen from the same floor in college, and it’s disturbing how someone could do that inside campus.",Lost & Found,High,9,20,2,0,116
Around 20–25 phones were stolen during exams and there was no working CCTV footage to help anyone.,Lost & Found,High,9,17,2,0,98
"Students kept their phones in their bags during exams and came out to find them gone, with no security support at all.",Lost & Found,High,9,22,2,0,118
"So many phones were stolen at once and the CCTV in that area wasn’t even working, which makes it worse.",Lost & Found,High,9,20,2,0,103
"I was pickpocketed on a crowded bus on my way to college, and my phone vanished before I even realized it.",Lost & Found,High,9,21,2,0,106
A group deliberately bumped into me in the bus and stole my phone in seconds.,Lost & Found,High,9,15,2,0,77
"My phone had all my notes, college work, and personal photos, and now it’s just gone.",Lost & Found,High,9,16,2,0,85
My accommodation decided my room “looked abandoned” and threw away my belongings without asking me.,Lost & Found,High,9,15,2,0,99
They got rid of my things before my tenancy ended and then offered a completely inadequate voucher as compensation.,Lost & Found,High,9,19,2,0,115
"I lent expensive items to a friend, she cut off contact, and now I can’t get anything back.",Lost & Found,High,9,18,2,0,91
Someone I trusted still has my belongings worth around 1 lakh and is completely ignoring me.,Lost & Found,High,9,16,2,0,92
A friend suddenly stopped responding and kept the valuable items I had lent her.,Lost & Found,High,9,14,2,0,80
"The school moved everyone’s belongings in bulk, and the process was so careless that important things went missing.",Lost & Found,Medium,9,18,1,0,115
It took repeated emails and constant follow-up just to get the housing department to respond about my missing item.,Lost & Found,Medium,9,19,1,0,115
The administration was slow to even acknowledge that my belonging was missing.,Lost & Found,Medium,9,12,1,0,78
I had to pester the school several times before anyone even replied to me.,Lost & Found,Medium,9,14,1,0,74
The housing department gave me no clear answers and only said they would “search again.”,Lost & Found,Medium,9,15,1,0,88
There was no proper inventory or tracking of student belongings when the school moved everything.,Lost & Found,Medium,9,15,1,0,97
The process of retrieving my things after the move was disorganized and unreliable.,Lost & Found,Medium,9,13,1,0,83
"I thought I had collected all my belongings, but later realized something important was missing because the system was messy.",Lost & Found,Medium,9,20,1,0,125
"The school didn’t communicate clearly about how our belongings would be packed, moved, or stored.",Lost & Found,Medium,9,15,1,0,97
"I don’t even know whether my missing item was lost, misplaced, or thrown away because no one can tell me anything properly.",Lost & Found,Medium,9,22,1,0,123
The police response to my stolen bike felt dismissive and unhelpful from the start.,Lost & Found,Medium,9,14,1,0,83
I had to figure out the difference between a simple letter and an FIR on my own after my bike was stolen.,Lost & Found,Medium,9,22,1,0,105
"It’s frustrating that after losing something valuable, I still had to push the police just to take the case seriously.",Lost & Found,Medium,9,20,1,0,118
The lack of CCTV coverage in the staircase area made it much easier for the theft to happen unnoticed.,Lost & Found,Medium,9,19,1,0,102
The camera blind spot near the staircase basically made that area unsafe for students’ belongings.,Lost & Found,Medium,9,15,1,0,98
It’s frustrating that campus security was weak enough for someone to steal multiple devices and leave without suspicion.,Lost & Found,Medium,9,18,1,0,120
The fact that the CCTV wasn’t working when so many phones were stolen shows poor safety management.,Lost & Found,Medium,9,17,1,0,99
"There was no proper monitoring of students’ bags during exams, which made theft easy.",Lost & Found,Medium,9,14,1,0,85
"People lose things in classrooms and buildings, but there’s no consistent way to know where those items go.",Lost & Found,Medium,9,18,1,0,107
"A lot of items sit in lost-and-found boxes for years, which shows how poorly the system works.",Lost & Found,Medium,9,17,1,0,94
"My notes and textbooks were thrown away by student accommodation, and the compensation offered doesn’t even cover the basics.",Lost & Found,Medium,9,19,1,0,125
Offering a £100 voucher after throwing away a student’s belongings feels insulting.,Lost & Found,Medium,9,12,1,0,83
The accommodation’s response made it seem like they wanted to settle the issue cheaply instead of taking responsibility.,Lost & Found,Medium,9,18,1,0,120
"I had no idea some schools would just enter rooms, clear things out, and then act like a voucher fixes everything.",Lost & Found,Medium,9,21,1,0,114
"It’s frustrating how many original documents colleges ask for, only to create problems later when students need them back.",Lost & Found,Medium,9,19,1,0,122
I was very young when I handed over my original marksheet and never realized it could become such a problem later.,Lost & Found,Low,9,21,0,0,114
"I come from a small town and didn’t get proper guidance, so I didn’t know giving originals to the college could backfire.",Lost & Found,Low,9,22,0,0,121
It’s upsetting that students can get trapped in document issues just because no one guided them properly.,Lost & Found,Low,9,17,0,0,105
I lost my glasses and now it feels like there’s a decent chance they were never turned in anywhere at all.,Lost & Found,Low,9,21,0,0,106
I checked multiple lost-and-found locations and still had no luck finding my glasses.,Lost & Found,Low,9,13,0,0,85
It’s discouraging how hard it is to know whether a lost item was turned in or just disappeared.,Lost & Found,Low,9,18,0,0,95
"Lost-and-found systems on campus feel inconsistent, especially for lower-value items like glasses.",Lost & Found,Low,9,12,0,0,98
"Some items are probably turned in, but the bigger problem is not knowing where to look for them.",Lost & Found,Low,9,18,0,0,96
"Things like water bottles, umbrellas, and gloves get left around so often that people stop expecting them to be claimed.",Lost & Found,Low,9,20,0,0,120
Lost-and-found boxes end up collecting random items for years because no one seems to clear them properly.,Lost & Found,Low,9,17,0,0,106
There are so many unclaimed items in departments and classrooms that they basically turn into storage spaces.,Lost & Found,Low,9,17,0,0,109
"People leave items in classrooms for weeks or months, and there seems to be no uniform policy for what happens next.",Lost & Found,Low,9,21,0,0,116
It’s strange how universities let lost property just pile up instead of managing it in a more organized way.,Lost & Found,Low,9,19,0,0,108
"Some lost items sit around until they become obsolete, which makes the whole system feel pointless.",Lost & Found,Low,9,16,0,0,99
Lost-and-found handling often depends more on individual staff habits than on any proper policy.,Lost & Found,Low,9,14,0,0,96
It feels like a lot of campus lost-and-found systems are improvised rather than actually structured.,Lost & Found,Low,9,15,0,0,100
It’s frustrating that even simple lost items can turn into a huge search because every office handles them differently.,Lost & Found,Low,9,19,0,0,119
"When things go missing on campus, students often have to do all the searching themselves.",Lost & Found,Low,9,15,0,0,89
Recovering lost property can become more stressful than the value of the item itself because of how scattered the process is.,Lost & Found,Low,9,21,0,0,125
I had no idea where my lost glasses might have been turned in because every place seems to handle lost items differently.,Lost & Found,Low,9,22,0,0,121
"It’s frustrating that even when people turn in lost items on campus, there’s no clear system to help students find them easily.",Lost & Found,Low,9,22,0,0,127
"Lost-and-found boxes in departments just keep filling up with random things, and no one seems to manage them properly.",Lost & Found,Low,9,19,0,0,118
"Small personal items like umbrellas, gloves, and water bottles are left around for so long that people stop expecting them to be claimed.",Lost & Found,Low,9,23,0,0,137
Recovering a lost item on campus feels harder than it should because students have to check multiple offices on their own.,Lost & Found,Low,9,21,0,0,122
The way lost property is handled seems to depend more on individual staff habits than on any proper campus-wide process.,Lost & Found,Low,9,20,0,0,120
